ISO-10303-21;
HEADER;
/* Generated by software containing ST-Developer
 * from STEP Tools, Inc. (www.steptools.com) 
 */

FILE_DESCRIPTION(
/* description */ (''),
/* implementation_level */ '2;1');

FILE_NAME(
/* name */ 'DisplayMountJtingf.step',
/* time_stamp */ '2023-09-10T17:26:56+02:00',
/* author */ (''),
/* organization */ (''),
/* preprocessor_version */ 'ST-DEVELOPER v20',
/* originating_system */ 'Autodesk Translation Framework v12.9.0.99',
/* authorisation */ '');

FILE_SCHEMA (('AUTOMOTIVE_DESIGN { 1 0 10303 214 3 1 1 }'));
ENDSEC;

DATA;
#10=MECHANICAL_DESIGN_GEOMETRIC_PRESENTATION_REPRESENTATION('',(#13,#14),
#5908);
#11=SHAPE_REPRESENTATION_RELATIONSHIP('SRR','None',#5915,#12);
#12=ADVANCED_BREP_SHAPE_REPRESENTATION('',(#15,#16),#5907);
#13=STYLED_ITEM('',(#5924),#15);
#14=STYLED_ITEM('',(#5924),#16);
#15=MANIFOLD_SOLID_BREP('Right_mount_pi',#3169);
#16=MANIFOLD_SOLID_BREP('mount_blank_right',#3170);
#17=B_SPLINE_SURFACE_WITH_KNOTS('',3,3,((#4928,#4929,#4930,#4931,#4932,
#4933),(#4934,#4935,#4936,#4937,#4938,#4939),(#4940,#4941,#4942,#4943,#4944,
#4945),(#4946,#4947,#4948,#4949,#4950,#4951),(#4952,#4953,#4954,#4955,#4956,
#4957)),.UNSPECIFIED.,.F.,.F.,.F.,(4,1,4),(4,1,1,4),(0.,0.571428571428571,
1.),(-1.5707963267949,-0.897597901025655,-0.448798950512828,4.24043516349887E-17),
 .UNSPECIFIED.);
#18=B_SPLINE_SURFACE_WITH_KNOTS('',3,3,((#4963,#4964,#4965,#4966,#4967,
#4968),(#4969,#4970,#4971,#4972,#4973,#4974),(#4975,#4976,#4977,#4978,#4979,
#4980),(#4981,#4982,#4983,#4984,#4985,#4986),(#4987,#4988,#4989,#4990,#4991,
#4992)),.UNSPECIFIED.,.F.,.F.,.F.,(4,1,4),(4,1,1,4),(0.,0.571428571428571,
1.),(-1.5707963267949,-0.897597901025655,-0.448798950512828,-6.93889390390722E-17),
 .UNSPECIFIED.);
#19=B_SPLINE_SURFACE_WITH_KNOTS('',3,3,((#4998,#4999,#5000,#5001,#5002,
#5003),(#5004,#5005,#5006,#5007,#5008,#5009),(#5010,#5011,#5012,#5013,#5014,
#5015),(#5016,#5017,#5018,#5019,#5020,#5021),(#5022,#5023,#5024,#5025,#5026,
#5027)),.UNSPECIFIED.,.F.,.F.,.F.,(4,1,4),(4,1,1,4),(0.,0.571428571428571,
1.),(-4.24043516349884E-17,0.448798950512825,0.673198425769238,1.57079632679489),
 .UNSPECIFIED.);
#20=B_SPLINE_SURFACE_WITH_KNOTS('',3,3,((#5033,#5034,#5035,#5036,#5037,
#5038),(#5039,#5040,#5041,#5042,#5043,#5044),(#5045,#5046,#5047,#5048,#5049,
#5050),(#5051,#5052,#5053,#5054,#5055,#5056),(#5057,#5058,#5059,#5060,#5061,
#5062)),.UNSPECIFIED.,.F.,.F.,.F.,(4,1,4),(4,1,1,4),(0.,0.571428571428571,
1.),(6.93889390390722E-17,0.448798950512828,0.673198425769241,1.5707963267949),
 .UNSPECIFIED.);
#21=B_SPLINE_SURFACE_WITH_KNOTS('',3,3,((#5068,#5069,#5070,#5071,#5072,
#5073),(#5074,#5075,#5076,#5077,#5078,#5079),(#5080,#5081,#5082,#5083,#5084,
#5085),(#5086,#5087,#5088,#5089,#5090,#5091),(#5092,#5093,#5094,#5095,#5096,
#5097)),.UNSPECIFIED.,.F.,.F.,.F.,(4,1,4),(4,1,1,4),(0.,0.571428571428571,
1.),(-1.5707963267949,-0.897597901025655,-0.448798950512828,0.),
 .UNSPECIFIED.);
#22=B_SPLINE_SURFACE_WITH_KNOTS('',3,3,((#5103,#5104,#5105,#5106,#5107,
#5108),(#5109,#5110,#5111,#5112,#5113,#5114),(#5115,#5116,#5117,#5118,#5119,
#5120),(#5121,#5122,#5123,#5124,#5125,#5126),(#5127,#5128,#5129,#5130,#5131,
#5132)),.UNSPECIFIED.,.F.,.F.,.F.,(4,1,4),(4,1,1,4),(0.,0.571428571428571,
1.),(-1.5707963267949,-0.897597901025655,-0.448798950512828,0.),
 .UNSPECIFIED.);
#23=B_SPLINE_SURFACE_WITH_KNOTS('',3,3,((#5138,#5139,#5140,#5141,#5142,
#5143),(#5144,#5145,#5146,#5147,#5148,#5149),(#5150,#5151,#5152,#5153,#5154,
#5155),(#5156,#5157,#5158,#5159,#5160,#5161),(#5162,#5163,#5164,#5165,#5166,
#5167)),.UNSPECIFIED.,.F.,.F.,.F.,(4,1,4),(4,1,1,4),(0.,0.571428571428571,
1.),(1.17999745777E-14,0.448798950512836,0.89759790102566,1.5707963267949),
 .UNSPECIFIED.);
#24=B_SPLINE_SURFACE_WITH_KNOTS('',3,3,((#5173,#5174,#5175,#5176,#5177,
#5178),(#5179,#5180,#5181,#5182,#5183,#5184),(#5185,#5186,#5187,#5188,#5189,
#5190),(#5191,#5192,#5193,#5194,#5195,#5196),(#5197,#5198,#5199,#5200,#5201,
#5202)),.UNSPECIFIED.,.F.,.F.,.F.,(4,1,4),(4,1,1,4),(0.,0.571428571428571,
1.),(0.,0.448798950512827,0.673198425769241,1.5707963267949),
 .UNSPECIFIED.);
#25=B_SPLINE_CURVE_WITH_KNOTS('',3,(#4884,#4885,#4886,#4887,#4888,#4889,
#4890,#4891,#4892,#4893,#4894,#4895,#4896,#4897),.UNSPECIFIED.,.F.,.F.,
(4,2,2,2,2,2,4),(0.431745980266275,0.471490710681849,0.550014491572044,
0.628538272462239,0.707062053352434,0.785585834242629,0.825330564658203),
 .UNSPECIFIED.);
#26=B_SPLINE_CURVE_WITH_KNOTS('',3,(#4909,#4910,#4911,#4912,#4913,#4914,
#4915,#4916,#4917,#4918,#4919,#4920,#4921,#4922),.UNSPECIFIED.,.F.,.F.,
(4,2,2,2,2,2,4),(0.431745980266275,0.471490710681849,0.550014491572044,
0.628538272462239,0.707062053352434,0.785585834242629,0.825330564658203),
 .UNSPECIFIED.);
#27=B_SPLINE_CURVE_WITH_KNOTS('',3,(#5408,#5409,#5410,#5411,#5412,#5413,
#5414,#5415),.UNSPECIFIED.,.F.,.F.,(4,2,2,4),(0.151014942371589,0.176030898557287,
0.228314993822852,0.276408363098525),.UNSPECIFIED.);
#28=B_SPLINE_CURVE_WITH_KNOTS('',3,(#5416,#5417,#5418,#5419,#5420,#5421,
#5422,#5423),.UNSPECIFIED.,.F.,.F.,(4,2,2,4),(-0.151272488261277,-0.0809999912589858,
0.,0.000739439670153652),.UNSPECIFIED.);
#29=B_SPLINE_CURVE_WITH_KNOTS('',3,(#5424,#5425,#5426,#5427,#5428,#5429,
#5430,#5431,#5432,#5433,#5434,#5435,#5436,#5437),.UNSPECIFIED.,.F.,.F.,
(4,2,2,2,2,2,4),(-0.553529997730694,-0.552816726955148,-0.494969306207122,
-0.439816306109902,-0.376785828152995,-0.324501732814724,-0.276408363472159),
 .UNSPECIFIED.);
#30=B_SPLINE_CURVE_WITH_KNOTS('',3,(#5468,#5469,#5470,#5471,#5472,#5473,
#5474,#5475,#5476,#5477,#5478,#5479,#5480,#5481),.UNSPECIFIED.,.F.,.F.,
(4,2,2,2,2,2,4),(-0.112637740200376,-0.110469933221835,-0.0840322658531592,
-0.0552349666109173,-0.0264376673686753,0.,0.00216780697847199),
 .UNSPECIFIED.);
#31=ELLIPSE('',#3282,3.18198051533947,2.25);
#32=ELLIPSE('',#3283,3.18198051533947,2.25);
#33=ELLIPSE('',#3285,3.18198051533947,2.25);
#34=ELLIPSE('',#3287,3.18198051533947,2.25);
#35=ELLIPSE('',#3288,3.18198051533947,2.25);
#36=ELLIPSE('',#3290,3.18198051533947,2.25);
#37=ELLIPSE('',#3292,1.58113883008419,1.49999999999999);
#38=ELLIPSE('',#3293,1.58113883008419,1.49999999999999);
#39=ELLIPSE('',#3295,1.58113883008419,1.49999999999999);
#40=ELLIPSE('',#3296,1.58113883008419,1.49999999999999);
#41=ELLIPSE('',#3297,1.58113883008419,1.49999999999999);
#42=ELLIPSE('',#3298,1.58113883008419,1.49999999999999);
#43=ELLIPSE('',#3300,1.58113883008419,1.49999999999999);
#44=ELLIPSE('',#3301,1.58113883008419,1.49999999999999);
#45=ELLIPSE('',#3304,1.58113883008419,1.5);
#46=ELLIPSE('',#3305,1.58113883008419,1.49999999999995);
#47=ELLIPSE('',#3307,1.58113883008419,1.5);
#48=ELLIPSE('',#3308,1.58113883008419,1.5);
#49=ELLIPSE('',#3309,1.58113883008419,1.49999999999995);
#50=ELLIPSE('',#3310,1.58113883008419,1.5);
#51=ELLIPSE('',#3312,1.58113883008419,1.5);
#52=ELLIPSE('',#3313,1.58113883008419,1.5);
#53=ELLIPSE('',#3316,2.12132034355965,1.5);
#54=ELLIPSE('',#3318,2.12132034355965,1.5);
#55=ELLIPSE('',#3322,2.12132034355965,1.5);
#56=ELLIPSE('',#3336,2.12132034355964,1.5);
#57=ELLIPSE('',#3341,2.12132034355965,1.5);
#58=ELLIPSE('',#3354,2.12132034355965,1.5);
#59=ELLIPSE('',#3358,2.12132034355963,1.5);
#60=ELLIPSE('',#3359,2.12132034355965,1.5);
#61=FACE_BOUND('',#817,.T.);
#62=FACE_BOUND('',#818,.T.);
#63=FACE_BOUND('',#819,.T.);
#64=FACE_BOUND('',#820,.T.);
#65=FACE_BOUND('',#821,.T.);
#66=FACE_BOUND('',#822,.T.);
#67=FACE_BOUND('',#823,.T.);
#68=FACE_BOUND('',#824,.T.);
#69=FACE_BOUND('',#825,.T.);
#70=FACE_BOUND('',#826,.T.);
#71=FACE_BOUND('',#827,.T.);
#72=FACE_BOUND('',#840,.T.);
#73=FACE_BOUND('',#841,.T.);
#74=FACE_BOUND('',#845,.T.);
#75=FACE_BOUND('',#846,.T.);
#76=FACE_BOUND('',#850,.T.);
#77=FACE_BOUND('',#853,.T.);
#78=FACE_BOUND('',#856,.T.);
#79=FACE_BOUND('',#859,.T.);
#80=FACE_BOUND('',#901,.T.);
#81=FACE_BOUND('',#902,.T.);
#82=FACE_BOUND('',#903,.T.);
#83=FACE_BOUND('',#904,.T.);
#84=FACE_BOUND('',#905,.T.);
#85=FACE_BOUND('',#938,.T.);
#86=FACE_BOUND('',#942,.T.);
#87=FACE_BOUND('',#944,.T.);
#88=FACE_BOUND('',#946,.T.);
#89=FACE_BOUND('',#948,.T.);
#90=FACE_BOUND('',#950,.T.);
#91=FACE_BOUND('',#973,.T.);
#92=FACE_BOUND('',#974,.T.);
#93=FACE_BOUND('',#975,.T.);
#94=FACE_BOUND('',#976,.T.);
#95=FACE_BOUND('',#981,.T.);
#96=FACE_BOUND('',#982,.T.);
#97=FACE_BOUND('',#983,.T.);
#98=FACE_BOUND('',#984,.T.);
#99=FACE_BOUND('',#985,.T.);
#100=FACE_BOUND('',#986,.T.);
#101=FACE_BOUND('',#987,.T.);
#102=FACE_BOUND('',#988,.T.);
#103=FACE_BOUND('',#989,.T.);
#104=FACE_BOUND('',#990,.T.);
#105=FACE_BOUND('',#991,.T.);
#106=FACE_BOUND('',#1014,.T.);
#107=FACE_BOUND('',#1015,.T.);
#108=FACE_BOUND('',#1016,.T.);
#109=FACE_BOUND('',#1017,.T.);
#110=FACE_BOUND('',#1018,.T.);
#111=FACE_BOUND('',#1019,.T.);
#112=FACE_BOUND('',#1020,.T.);
#113=FACE_BOUND('',#1021,.T.);
#114=FACE_BOUND('',#1022,.T.);
#115=FACE_BOUND('',#1023,.T.);
#116=FACE_BOUND('',#1024,.T.);
#117=FACE_BOUND('',#1049,.T.);
#118=FACE_BOUND('',#1051,.T.);
#119=FACE_BOUND('',#1053,.T.);
#120=FACE_BOUND('',#1055,.T.);
#121=PLANE('',#3190);
#122=PLANE('',#3240);
#123=PLANE('',#3251);
#124=PLANE('',#3260);
#125=PLANE('',#3265);
#126=PLANE('',#3270);
#127=PLANE('',#3275);
#128=PLANE('',#3364);
#129=PLANE('',#3366);
#130=PLANE('',#3367);
#131=PLANE('',#3374);
#132=PLANE('',#3379);
#133=PLANE('',#3382);
#134=PLANE('',#3383);
#135=PLANE('',#3384);
#136=PLANE('',#3385);
#137=PLANE('',#3398);
#138=PLANE('',#3400);
#139=PLANE('',#3402);
#140=PLANE('',#3407);
#141=PLANE('',#3425);
#142=PLANE('',#3426);
#143=PLANE('',#3428);
#144=PLANE('',#3430);
#145=PLANE('',#3431);
#146=PLANE('',#3432);
#147=PLANE('',#3433);
#148=PLANE('',#3434);
#149=PLANE('',#3435);
#150=PLANE('',#3438);
#151=PLANE('',#3441);
#152=PLANE('',#3444);
#153=PLANE('',#3477);
#154=PLANE('',#3484);
#155=PLANE('',#3486);
#156=PLANE('',#3487);
#157=PLANE('',#3494);
#158=PLANE('',#3562);
#159=PLANE('',#3563);
#160=PLANE('',#3576);
#161=PLANE('',#3577);
#162=PLANE('',#3578);
#163=PLANE('',#3580);
#164=PLANE('',#3607);
#165=PLANE('',#3609);
#166=PLANE('',#3611);
#167=PLANE('',#3615);
#168=PLANE('',#3616);
#169=PLANE('',#3617);
#170=PLANE('',#3618);
#171=PLANE('',#3619);
#172=LINE('',#4693,#362);
#173=LINE('',#4700,#363);
#174=LINE('',#4704,#364);
#175=LINE('',#4708,#365);
#176=LINE('',#4711,#366);
#177=LINE('',#4726,#367);
#178=LINE('',#4730,#368);
#179=LINE('',#4734,#369);
#180=LINE('',#4738,#370);
#181=LINE('',#4742,#371);
#182=LINE('',#4756,#372);
#183=LINE('',#4764,#373);
#184=LINE('',#4774,#374);
#185=LINE('',#4782,#375);
#186=LINE('',#4790,#376);
#187=LINE('',#4803,#377);
#188=LINE('',#4805,#378);
#189=LINE('',#4807,#379);
#190=LINE('',#4808,#380);
#191=LINE('',#4828,#381);
#192=LINE('',#4830,#382);
#193=LINE('',#4832,#383);
#194=LINE('',#4833,#384);
#195=LINE('',#4872,#385);
#196=LINE('',#4876,#386);
#197=LINE('',#4880,#387);
#198=LINE('',#4905,#388);
#199=LINE('',#5210,#389);
#200=LINE('',#5213,#390);
#201=LINE('',#5216,#391);
#202=LINE('',#5218,#392);
#203=LINE('',#5221,#393);
#204=LINE('',#5222,#394);
#205=LINE('',#5224,#395);
#206=LINE('',#5227,#396);
#207=LINE('',#5230,#397);
#208=LINE('',#5233,#398);
#209=LINE('',#5236,#399);
#210=LINE('',#5247,#400);
#211=LINE('',#5248,#401);
#212=LINE('',#5257,#402);
#213=LINE('',#5259,#403);
#214=LINE('',#5262,#404);
#215=LINE('',#5263,#405);
#216=LINE('',#5265,#406);
#217=LINE('',#5269,#407);
#218=LINE('',#5273,#408);
#219=LINE('',#5276,#409);
#220=LINE('',#5277,#410);
#221=LINE('',#5288,#411);
#222=LINE('',#5289,#412);
#223=LINE('',#5298,#413);
#224=LINE('',#5300,#414);
#225=LINE('',#5303,#415);
#226=LINE('',#5304,#416);
#227=LINE('',#5306,#417);
#228=LINE('',#5310,#418);
#229=LINE('',#5314,#419);
#230=LINE('',#5317,#420);
#231=LINE('',#5318,#421);
#232=LINE('',#5320,#422);
#233=LINE('',#5321,#423);
#234=LINE('',#5323,#424);
#235=LINE('',#5325,#425);
#236=LINE('',#5326,#426);
#237=LINE('',#5328,#427);
#238=LINE('',#5330,#428);
#239=LINE('',#5332,#429);
#240=LINE('',#5335,#430);
#241=LINE('',#5337,#431);
#242=LINE('',#5343,#432);
#243=LINE('',#5347,#433);
#244=LINE('',#5351,#434);
#245=LINE('',#5355,#435);
#246=LINE('',#5356,#436);
#247=LINE('',#5363,#437);
#248=LINE('',#5365,#438);
#249=LINE('',#5367,#439);
#250=LINE('',#5369,#440);
#251=LINE('',#5372,#441);
#252=LINE('',#5375,#442);
#253=LINE('',#5379,#443);
#254=LINE('',#5381,#444);
#255=LINE('',#5383,#445);
#256=LINE('',#5386,#446);
#257=LINE('',#5389,#447);
#258=LINE('',#5390,#448);
#259=LINE('',#5392,#449);
#260=LINE('',#5393,#450);
#261=LINE('',#5397,#451);
#262=LINE('',#5398,#452);
#263=LINE('',#5399,#453);
#264=LINE('',#5401,#454);
#265=LINE('',#5402,#455);
#266=LINE('',#5447,#456);
#267=LINE('',#5453,#457);
#268=LINE('',#5455,#458);
#269=LINE('',#5456,#459);
#270=LINE('',#5458,#460);
#271=LINE('',#5460,#461);
#272=LINE('',#5462,#462);
#273=LINE('',#5465,#463);
#274=LINE('',#5466,#464);
#275=LINE('',#5488,#465);
#276=LINE('',#5490,#466);
#277=LINE('',#5494,#467);
#278=LINE('',#5496,#468);
#279=LINE('',#5498,#469);
#280=LINE('',#5501,#470);
#281=LINE('',#5504,#471);
#282=LINE('',#5507,#472);
#283=LINE('',#5508,#473);
#284=LINE('',#5511,#474);
#285=LINE('',#5522,#475);
#286=LINE('',#5523,#476);
#287=LINE('',#5530,#477);
#288=LINE('',#5531,#478);
#289=LINE('',#5534,#479);
#290=LINE('',#5536,#480);
#291=LINE('',#5537,#481);
#292=LINE('',#5539,#482);
#293=LINE('',#5541,#483);
#294=LINE('',#5543,#484);
#295=LINE('',#5545,#485);
#296=LINE('',#5546,#486);
#297=LINE('',#5549,#487);
#298=LINE('',#5551,#488);
#299=LINE('',#5554,#489);
#300=LINE('',#5578,#490);
#301=LINE('',#5584,#491);
#302=LINE('',#5591,#492);
#303=LINE('',#5595,#493);
#304=LINE('',#5599,#494);
#305=LINE('',#5603,#495);
#306=LINE('',#5605,#496);
#307=LINE('',#5608,#497);
#308=LINE('',#5627,#498);
#309=LINE('',#5628,#499);
#310=LINE('',#5635,#500);
#311=LINE('',#5637,#501);
#312=LINE('',#5652,#502);
#313=LINE('',#5656,#503);
#314=LINE('',#5660,#504);
#315=LINE('',#5664,#505);
#316=LINE('',#5678,#506);
#317=LINE('',#5682,#507);
#318=LINE('',#5686,#508);
#319=LINE('',#5690,#509);
#320=LINE('',#5694,#510);
#321=LINE('',#5706,#511);
#322=LINE('',#5714,#512);
#323=LINE('',#5722,#513);
#324=LINE('',#5730,#514);
#325=LINE('',#5738,#515);
#326=LINE('',#5746,#516);
#327=LINE('',#5754,#517);
#328=LINE('',#5762,#518);
#329=LINE('',#5770,#519);
#330=LINE('',#5778,#520);
#331=LINE('',#5782,#521);
#332=LINE('',#5784,#522);
#333=LINE('',#5789,#523);
#334=LINE('',#5790,#524);
#335=LINE('',#5791,#525);
#336=LINE('',#5796,#526);
#337=LINE('',#5800,#527);
#338=LINE('',#5804,#528);
#339=LINE('',#5807,#529);
#340=LINE('',#5809,#530);
#341=LINE('',#5813,#531);
#342=LINE('',#5817,#532);
#343=LINE('',#5821,#533);
#344=LINE('',#5832,#534);
#345=LINE('',#5833,#535);
#346=LINE('',#5835,#536);
#347=LINE('',#5836,#537);
#348=LINE('',#5838,#538);
#349=LINE('',#5840,#539);
#350=LINE('',#5842,#540);
#351=LINE('',#5853,#541);
#352=LINE('',#5863,#542);
#353=LINE('',#5873,#543);
#354=LINE('',#5883,#544);
#355=LINE('',#5885,#545);
#356=LINE('',#5887,#546);
#357=LINE('',#5889,#547);
#358=LINE('',#5892,#548);
#359=LINE('',#5894,#549);
#360=LINE('',#5897,#550);
#361=LINE('',#5899,#551);
#362=VECTOR('',#3632,0.749999999999993);
#363=VECTOR('',#3639,10.);
#364=VECTOR('',#3642,10.);
#365=VECTOR('',#3645,10.);
#366=VECTOR('',#3648,10.);
#367=VECTOR('',#3661,10.);
#368=VECTOR('',#3664,10.);
#369=VECTOR('',#3667,10.);
#370=VECTOR('',#3670,10.);
#371=VECTOR('',#3673,10.);
#372=VECTOR('',#3690,0.749999999999993);
#373=VECTOR('',#3701,0.749999999999993);
#374=VECTOR('',#3714,0.749999999999993);
#375=VECTOR('',#3725,0.75);
#376=VECTOR('',#3736,0.749999999999993);
#377=VECTOR('',#3751,10.);
#378=VECTOR('',#3752,10.);
#379=VECTOR('',#3753,10.);
#380=VECTOR('',#3754,10.);
#381=VECTOR('',#3777,10.);
#382=VECTOR('',#3778,10.);
#383=VECTOR('',#3779,10.);
#384=VECTOR('',#3780,10.);
#385=VECTOR('',#3833,2.24999999999999);
#386=VECTOR('',#3838,2.25);
#387=VECTOR('',#3843,2.25);
#388=VECTOR('',#3854,2.25);
#389=VECTOR('',#3913,10.);
#390=VECTOR('',#3916,10.);
#391=VECTOR('',#3919,10.);
#392=VECTOR('',#3920,10.);
#393=VECTOR('',#3925,10.);
#394=VECTOR('',#3926,10.);
#395=VECTOR('',#3929,10.);
#396=VECTOR('',#3932,10.);
#397=VECTOR('',#3935,10.);
#398=VECTOR('',#3938,10.);
#399=VECTOR('',#3941,10.);
#400=VECTOR('',#3954,10.);
#401=VECTOR('',#3955,10.);
#402=VECTOR('',#3966,10.);
#403=VECTOR('',#3967,10.);
#404=VECTOR('',#3972,10.);
#405=VECTOR('',#3973,10.);
#406=VECTOR('',#3976,10.);
#407=VECTOR('',#3979,10.);
#408=VECTOR('',#3982,10.);
#409=VECTOR('',#3987,10.);
#410=VECTOR('',#3988,10.);
#411=VECTOR('',#4001,10.);
#412=VECTOR('',#4002,10.);
#413=VECTOR('',#4013,10.);
#414=VECTOR('',#4014,10.);
#415=VECTOR('',#4019,10.);
#416=VECTOR('',#4020,10.);
#417=VECTOR('',#4023,10.);
#418=VECTOR('',#4026,10.);
#419=VECTOR('',#4029,10.);
#420=VECTOR('',#4034,10.);
#421=VECTOR('',#4035,10.);
#422=VECTOR('',#4038,10.);
#423=VECTOR('',#4039,10.);
#424=VECTOR('',#4042,10.);
#425=VECTOR('',#4045,10.);
#426=VECTOR('',#4046,10.);
#427=VECTOR('',#4049,10.);
#428=VECTOR('',#4052,10.);
#429=VECTOR('',#4055,10.);
#430=VECTOR('',#4058,10.);
#431=VECTOR('',#4059,10.);
#432=VECTOR('',#4064,10.);
#433=VECTOR('',#4067,10.);
#434=VECTOR('',#4070,10.);
#435=VECTOR('',#4073,1.5);
#436=VECTOR('',#4074,10.);
#437=VECTOR('',#4081,10.);
#438=VECTOR('',#4082,10.);
#439=VECTOR('',#4083,10.);
#440=VECTOR('',#4086,10.);
#441=VECTOR('',#4091,10.);
#442=VECTOR('',#4094,10.);
#443=VECTOR('',#4097,10.);
#444=VECTOR('',#4098,10.);
#445=VECTOR('',#4099,10.);
#446=VECTOR('',#4102,10.);
#447=VECTOR('',#4105,10.);
#448=VECTOR('',#4106,10.);
#449=VECTOR('',#4109,10.);
#450=VECTOR('',#4110,10.);
#451=VECTOR('',#4113,10.);
#452=VECTOR('',#4114,10.);
#453=VECTOR('',#4115,10.);
#454=VECTOR('',#4118,10.);
#455=VECTOR('',#4119,10.);
#456=VECTOR('',#4136,10.);
#457=VECTOR('',#4145,10.);
#458=VECTOR('',#4148,10.);
#459=VECTOR('',#4149,10.);
#460=VECTOR('',#4152,10.);
#461=VECTOR('',#4155,10.);
#462=VECTOR('',#4158,10.);
#463=VECTOR('',#4161,10.);
#464=VECTOR('',#4162,10.);
#465=VECTOR('',#4173,10.);
#466=VECTOR('',#4174,10.);
#467=VECTOR('',#4177,10.);
#468=VECTOR('',#4178,10.);
#469=VECTOR('',#4179,10.);
#470=VECTOR('',#4182,10.);
#471=VECTOR('',#4185,10.);
#472=VECTOR('',#4188,10.);
#473=VECTOR('',#4189,10.);
#474=VECTOR('',#4192,1.5);
#475=VECTOR('',#4205,10.);
#476=VECTOR('',#4206,10.);
#477=VECTOR('',#4217,10.);
#478=VECTOR('',#4218,10.);
#479=VECTOR('',#4221,10.);
#480=VECTOR('',#4224,10.);
#481=VECTOR('',#4225,10.);
#482=VECTOR('',#4228,10.);
#483=VECTOR('',#4231,10.);
#484=VECTOR('',#4234,10.);
#485=VECTOR('',#4235,10.);
#486=VECTOR('',#4236,10.);
#487=VECTOR('',#4241,10.);
#488=VECTOR('',#4244,10.);
#489=VECTOR('',#4249,10.);
#490=VECTOR('',#4278,1.6);
#491=VECTOR('',#4285,1.6);
#492=VECTOR('',#4294,2.99999999999999);
#493=VECTOR('',#4299,3.);
#494=VECTOR('',#4304,2.99999999999999);
#495=VECTOR('',#4309,3.);
#496=VECTOR('',#4312,1.59999999999998);
#497=VECTOR('',#4315,1.6);
#498=VECTOR('',#4346,10.);
#499=VECTOR('',#4347,10.);
#500=VECTOR('',#4360,10.);
#501=VECTOR('',#4363,10.);
#502=VECTOR('',#4384,10.);
#503=VECTOR('',#4387,10.);
#504=VECTOR('',#4390,10.);
#505=VECTOR('',#4393,10.);
#506=VECTOR('',#4406,10.);
#507=VECTOR('',#4409,10.);
#508=VECTOR('',#4412,10.);
#509=VECTOR('',#4415,10.);
#510=VECTOR('',#4418,10.);
#511=VECTOR('',#4431,0.749999999999993);
#512=VECTOR('',#4442,0.75);
#513=VECTOR('',#4453,3.);
#514=VECTOR('',#4464,3.);
#515=VECTOR('',#4475,0.749999999999993);
#516=VECTOR('',#4486,0.749999999999993);
#517=VECTOR('',#4497,2.99999999999999);
#518=VECTOR('',#4508,0.749999999999993);
#519=VECTOR('',#4519,0.749999999999993);
#520=VECTOR('',#4530,2.99999999999999);
#521=VECTOR('',#4535,10.);
#522=VECTOR('',#4536,10.);
#523=VECTOR('',#4541,10.);
#524=VECTOR('',#4542,10.);
#525=VECTOR('',#4543,10.);
#526=VECTOR('',#4548,10.);
#527=VECTOR('',#4551,10.);
#528=VECTOR('',#4554,10.);
#529=VECTOR('',#4557,10.);
#530=VECTOR('',#4558,10.);
#531=VECTOR('',#4561,10.);
#532=VECTOR('',#4564,10.);
#533=VECTOR('',#4567,10.);
#534=VECTOR('',#4580,10.);
#535=VECTOR('',#4581,10.);
#536=VECTOR('',#4584,10.);
#537=VECTOR('',#4585,10.);
#538=VECTOR('',#4588,10.);
#539=VECTOR('',#4591,10.);
#540=VECTOR('',#4594,10.);
#541=VECTOR('',#4609,1.6);
#542=VECTOR('',#4622,1.59999999999998);
#543=VECTOR('',#4635,1.6);
#544=VECTOR('',#4648,1.6);
#545=VECTOR('',#4651,10.);
#546=VECTOR('',#4654,10.);
#547=VECTOR('',#4657,10.);
#548=VECTOR('',#4662,10.);
#549=VECTOR('',#4665,10.);
#550=VECTOR('',#4670,10.);
#551=VECTOR('',#4673,10.);
#552=CYLINDRICAL_SURFACE('',#3188,0.749999999999993);
#553=CYLINDRICAL_SURFACE('',#3212,0.749999999999993);
#554=CYLINDRICAL_SURFACE('',#3217,0.749999999999993);
#555=CYLINDRICAL_SURFACE('',#3223,0.749999999999993);
#556=CYLINDRICAL_SURFACE('',#3228,0.75);
#557=CYLINDRICAL_SURFACE('',#3233,0.749999999999993);
#558=CYLINDRICAL_SURFACE('',#3277,2.24999999999999);
#559=CYLINDRICAL_SURFACE('',#3279,2.25);
#560=CYLINDRICAL_SURFACE('',#3281,2.25);
#561=CYLINDRICAL_SURFACE('',#3286,2.25);
#562=CYLINDRICAL_SURFACE('',#3315,1.5);
#563=CYLINDRICAL_SURFACE('',#3317,1.5);
#564=CYLINDRICAL_SURFACE('',#3319,1.5);
#565=CYLINDRICAL_SURFACE('',#3320,1.5);
#566=CYLINDRICAL_SURFACE('',#3321,1.5);
#567=CYLINDRICAL_SURFACE('',#3323,1.5);
#568=CYLINDRICAL_SURFACE('',#3329,1.5);
#569=CYLINDRICAL_SURFACE('',#3335,1.5);
#570=CYLINDRICAL_SURFACE('',#3337,1.5);
#571=CYLINDRICAL_SURFACE('',#3338,1.5);
#572=CYLINDRICAL_SURFACE('',#3339,1.5);
#573=CYLINDRICAL_SURFACE('',#3342,1.5);
#574=CYLINDRICAL_SURFACE('',#3347,1.5);
#575=CYLINDRICAL_SURFACE('',#3353,1.5);
#576=CYLINDRICAL_SURFACE('',#3355,1.5);
#577=CYLINDRICAL_SURFACE('',#3356,1.5);
#578=CYLINDRICAL_SURFACE('',#3357,1.5);
#579=CYLINDRICAL_SURFACE('',#3360,1.5);
#580=CYLINDRICAL_SURFACE('',#3361,1.5);
#581=CYLINDRICAL_SURFACE('',#3362,1.5);
#582=CYLINDRICAL_SURFACE('',#3363,5.);
#583=CYLINDRICAL_SURFACE('',#3365,5.);
#584=CYLINDRICAL_SURFACE('',#3377,1.);
#585=CYLINDRICAL_SURFACE('',#3378,1.);
#586=CYLINDRICAL_SURFACE('',#3392,1.5);
#587=CYLINDRICAL_SURFACE('',#3397,1.5);
#588=CYLINDRICAL_SURFACE('',#3399,5.);
#589=CYLINDRICAL_SURFACE('',#3401,5.);
#590=CYLINDRICAL_SURFACE('',#3410,1.5);
#591=CYLINDRICAL_SURFACE('',#3417,1.5);
#592=CYLINDRICAL_SURFACE('',#3423,1.5);
#593=CYLINDRICAL_SURFACE('',#3427,1.);
#594=CYLINDRICAL_SURFACE('',#3429,1.);
#595=CYLINDRICAL_SURFACE('',#3447,1.6);
#596=CYLINDRICAL_SURFACE('',#3450,1.6);
#597=CYLINDRICAL_SURFACE('',#3453,2.99999999999999);
#598=CYLINDRICAL_SURFACE('',#3455,3.);
#599=CYLINDRICAL_SURFACE('',#3457,2.99999999999999);
#600=CYLINDRICAL_SURFACE('',#3459,3.);
#601=CYLINDRICAL_SURFACE('',#3461,1.59999999999998);
#602=CYLINDRICAL_SURFACE('',#3462,1.6);
#603=CYLINDRICAL_SURFACE('',#3478,5.);
#604=CYLINDRICAL_SURFACE('',#3483,5.);
#605=CYLINDRICAL_SURFACE('',#3485,5.);
#606=CYLINDRICAL_SURFACE('',#3488,5.);
#607=CYLINDRICAL_SURFACE('',#3489,4.97582144195775);
#608=CYLINDRICAL_SURFACE('',#3513,0.749999999999993);
#609=CYLINDRICAL_SURFACE('',#3518,0.75);
#610=CYLINDRICAL_SURFACE('',#3523,3.);
#611=CYLINDRICAL_SURFACE('',#3528,3.);
#612=CYLINDRICAL_SURFACE('',#3533,0.749999999999993);
#613=CYLINDRICAL_SURFACE('',#3538,0.749999999999993);
#614=CYLINDRICAL_SURFACE('',#3543,2.99999999999999);
#615=CYLINDRICAL_SURFACE('',#3548,0.749999999999993);
#616=CYLINDRICAL_SURFACE('',#3553,0.749999999999993);
#617=CYLINDRICAL_SURFACE('',#3558,2.99999999999999);
#618=CYLINDRICAL_SURFACE('',#3560,4.97582144195776);
#619=CYLINDRICAL_SURFACE('',#3579,5.);
#620=CYLINDRICAL_SURFACE('',#3581,5.);
#621=CYLINDRICAL_SURFACE('',#3586,1.6);
#622=CYLINDRICAL_SURFACE('',#3592,1.59999999999998);
#623=CYLINDRICAL_SURFACE('',#3598,1.6);
#624=CYLINDRICAL_SURFACE('',#3604,1.6);
#625=CYLINDRICAL_SURFACE('',#3606,5.);
#626=CYLINDRICAL_SURFACE('',#3608,5.);
#627=CYLINDRICAL_SURFACE('',#3610,5.);
#628=CYLINDRICAL_SURFACE('',#3612,5.);
#629=CYLINDRICAL_SURFACE('',#3613,5.);
#630=CYLINDRICAL_SURFACE('',#3614,5.);
#631=FACE_OUTER_BOUND('',#814,.T.);
#632=FACE_OUTER_BOUND('',#815,.T.);
#633=FACE_OUTER_BOUND('',#816,.T.);
#634=FACE_OUTER_BOUND('',#828,.T.);
#635=FACE_OUTER_BOUND('',#829,.T.);
#636=FACE_OUTER_BOUND('',#830,.T.);
#637=FACE_OUTER_BOUND('',#831,.T.);
#638=FACE_OUTER_BOUND('',#832,.T.);
#639=FACE_OUTER_BOUND('',#833,.T.);
#640=FACE_OUTER_BOUND('',#834,.T.);
#641=FACE_OUTER_BOUND('',#835,.T.);
#642=FACE_OUTER_BOUND('',#836,.T.);
#643=FACE_OUTER_BOUND('',#837,.T.);
#644=FACE_OUTER_BOUND('',#838,.T.);
#645=FACE_OUTER_BOUND('',#839,.T.);
#646=FACE_OUTER_BOUND('',#842,.T.);
#647=FACE_OUTER_BOUND('',#843,.T.);
#648=FACE_OUTER_BOUND('',#844,.T.);
#649=FACE_OUTER_BOUND('',#847,.T.);
#650=FACE_OUTER_BOUND('',#848,.T.);
#651=FACE_OUTER_BOUND('',#849,.T.);
#652=FACE_OUTER_BOUND('',#851,.T.);
#653=FACE_OUTER_BOUND('',#852,.T.);
#654=FACE_OUTER_BOUND('',#854,.T.);
#655=FACE_OUTER_BOUND('',#855,.T.);
#656=FACE_OUTER_BOUND('',#857,.T.);
#657=FACE_OUTER_BOUND('',#858,.T.);
#658=FACE_OUTER_BOUND('',#860,.T.);
#659=FACE_OUTER_BOUND('',#861,.T.);
#660=FACE_OUTER_BOUND('',#862,.T.);
#661=FACE_OUTER_BOUND('',#863,.T.);
#662=FACE_OUTER_BOUND('',#864,.T.);
#663=FACE_OUTER_BOUND('',#865,.T.);
#664=FACE_OUTER_BOUND('',#866,.T.);
#665=FACE_OUTER_BOUND('',#867,.T.);
#666=FACE_OUTER_BOUND('',#868,.T.);
#667=FACE_OUTER_BOUND('',#869,.T.);
#668=FACE_OUTER_BOUND('',#870,.T.);
#669=FACE_OUTER_BOUND('',#871,.T.);
#670=FACE_OUTER_BOUND('',#872,.T.);
#671=FACE_OUTER_BOUND('',#873,.T.);
#672=FACE_OUTER_BOUND('',#874,.T.);
#673=FACE_OUTER_BOUND('',#875,.T.);
#674=FACE_OUTER_BOUND('',#876,.T.);
#675=FACE_OUTER_BOUND('',#877,.T.);
#676=FACE_OUTER_BOUND('',#878,.T.);
#677=FACE_OUTER_BOUND('',#879,.T.);
#678=FACE_OUTER_BOUND('',#880,.T.);
#679=FACE_OUTER_BOUND('',#881,.T.);
#680=FACE_OUTER_BOUND('',#882,.T.);
#681=FACE_OUTER_BOUND('',#883,.T.);
#682=FACE_OUTER_BOUND('',#884,.T.);
#683=FACE_OUTER_BOUND('',#885,.T.);
#684=FACE_OUTER_BOUND('',#886,.T.);
#685=FACE_OUTER_BOUND('',#887,.T.);
#686=FACE_OUTER_BOUND('',#888,.T.);
#687=FACE_OUTER_BOUND('',#889,.T.);
#688=FACE_OUTER_BOUND('',#890,.T.);
#689=FACE_OUTER_BOUND('',#891,.T.);
#690=FACE_OUTER_BOUND('',#892,.T.);
#691=FACE_OUTER_BOUND('',#893,.T.);
#692=FACE_OUTER_BOUND('',#894,.T.);
#693=FACE_OUTER_BOUND('',#895,.T.);
#694=FACE_OUTER_BOUND('',#896,.T.);
#695=FACE_OUTER_BOUND('',#897,.T.);
#696=FACE_OUTER_BOUND('',#898,.T.);
#697=FACE_OUTER_BOUND('',#899,.T.);
#698=FACE_OUTER_BOUND('',#900,.T.);
#699=FACE_OUTER_BOUND('',#906,.T.);
#700=FACE_OUTER_BOUND('',#907,.T.);
#701=FACE_OUTER_BOUND('',#908,.T.);
#702=FACE_OUTER_BOUND('',#909,.T.);
#703=FACE_OUTER_BOUND('',#910,.T.);
#704=FACE_OUTER_BOUND('',#911,.T.);
#705=FACE_OUTER_BOUND('',#912,.T.);
#706=FACE_OUTER_BOUND('',#913,.T.);
#707=FACE_OUTER_BOUND('',#914,.T.);
#708=FACE_OUTER_BOUND('',#915,.T.);
#709=FACE_OUTER_BOUND('',#916,.T.);
#710=FACE_OUTER_BOUND('',#917,.T.);
#711=FACE_OUTER_BOUND('',#918,.T.);
#712=FACE_OUTER_BOUND('',#919,.T.);
#713=FACE_OUTER_BOUND('',#920,.T.);
#714=FACE_OUTER_BOUND('',#921,.T.);
#715=FACE_OUTER_BOUND('',#922,.T.);
#716=FACE_OUTER_BOUND('',#923,.T.);
#717=FACE_OUTER_BOUND('',#924,.T.);
#718=FACE_OUTER_BOUND('',#925,.T.);
#719=FACE_OUTER_BOUND('',#926,.T.);
#720=FACE_OUTER_BOUND('',#927,.T.);
#721=FACE_OUTER_BOUND('',#928,.T.);
#722=FACE_OUTER_BOUND('',#929,.T.);
#723=FACE_OUTER_BOUND('',#930,.T.);
#724=FACE_OUTER_BOUND('',#931,.T.);
#725=FACE_OUTER_BOUND('',#932,.T.);
#726=FACE_OUTER_BOUND('',#933,.T.);
#727=FACE_OUTER_BOUND('',#934,.T.);
#728=FACE_OUTER_BOUND('',#935,.T.);
#729=FACE_OUTER_BOUND('',#936,.T.);
#730=FACE_OUTER_BOUND('',#937,.T.);
#731=FACE_OUTER_BOUND('',#939,.T.);
#732=FACE_OUTER_BOUND('',#940,.T.);
#733=FACE_OUTER_BOUND('',#941,.T.);
#734=FACE_OUTER_BOUND('',#943,.T.);
#735=FACE_OUTER_BOUND('',#945,.T.);
#736=FACE_OUTER_BOUND('',#947,.T.);
#737=FACE_OUTER_BOUND('',#949,.T.);
#738=FACE_OUTER_BOUND('',#951,.T.);
#739=FACE_OUTER_BOUND('',#952,.T.);
#740=FACE_OUTER_BOUND('',#953,.T.);
#741=FACE_OUTER_BOUND('',#954,.T.);
#742=FACE_OUTER_BOUND('',#955,.T.);
#743=FACE_OUTER_BOUND('',#956,.T.);
#744=FACE_OUTER_BOUND('',#957,.T.);
#745=FACE_OUTER_BOUND('',#958,.T.);
#746=FACE_OUTER_BOUND('',#959,.T.);
#747=FACE_OUTER_BOUND('',#960,.T.);
#748=FACE_OUTER_BOUND('',#961,.T.);
#749=FACE_OUTER_BOUND('',#962,.T.);
#750=FACE_OUTER_BOUND('',#963,.T.);
#751=FACE_OUTER_BOUND('',#964,.T.);
#752=FACE_OUTER_BOUND('',#965,.T.);
#753=FACE_OUTER_BOUND('',#966,.T.);
#754=FACE_OUTER_BOUND('',#967,.T.);
#755=FACE_OUTER_BOUND('',#968,.T.);
#756=FACE_OUTER_BOUND('',#969,.T.);
#757=FACE_OUTER_BOUND('',#970,.T.);
#758=FACE_OUTER_BOUND('',#971,.T.);
#759=FACE_OUTER_BOUND('',#972,.T.);
#760=FACE_OUTER_BOUND('',#977,.T.);
#761=FACE_OUTER_BOUND('',#978,.T.);
#762=FACE_OUTER_BOUND('',#979,.T.);
#763=FACE_OUTER_BOUND('',#980,.T.);
#764=FACE_OUTER_BOUND('',#992,.T.);
#765=FACE_OUTER_BOUND('',#993,.T.);
#766=FACE_OUTER_BOUND('',#994,.T.);
#767=FACE_OUTER_BOUND('',#995,.T.);
#768=FACE_OUTER_BOUND('',#996,.T.);
#769=FACE_OUTER_BOUND('',#997,.T.);
#770=FACE_OUTER_BOUND('',#998,.T.);
#771=FACE_OUTER_BOUND('',#999,.T.);
#772=FACE_OUTER_BOUND('',#1000,.T.);
#773=FACE_OUTER_BOUND('',#1001,.T.);
#774=FACE_OUTER_BOUND('',#1002,.T.);
#775=FACE_OUTER_BOUND('',#1003,.T.);
#776=FACE_OUTER_BOUND('',#1004,.T.);
#777=FACE_OUTER_BOUND('',#1005,.T.);
#778=FACE_OUTER_BOUND('',#1006,.T.);
#779=FACE_OUTER_BOUND('',#1007,.T.);
#780=FACE_OUTER_BOUND('',#1008,.T.);
#781=FACE_OUTER_BOUND('',#1009,.T.);
#782=FACE_OUTER_BOUND('',#1010,.T.);
#783=FACE_OUTER_BOUND('',#1011,.T.);
#784=FACE_OUTER_BOUND('',#1012,.T.);
#785=FACE_OUTER_BOUND('',#1013,.T.);
#786=FACE_OUTER_BOUND('',#1025,.T.);
#787=FACE_OUTER_BOUND('',#1026,.T.);
#788=FACE_OUTER_BOUND('',#1027,.T.);
#789=FACE_OUTER_BOUND('',#1028,.T.);
#790=FACE_OUTER_BOUND('',#1029,.T.);
#791=FACE_OUTER_BOUND('',#1030,.T.);
#792=FACE_OUTER_BOUND('',#1031,.T.);
#793=FACE_OUTER_BOUND('',#1032,.T.);
#794=FACE_OUTER_BOUND('',#1033,.T.);
#795=FACE_OUTER_BOUND('',#1034,.T.);
#796=FACE_OUTER_BOUND('',#1035,.T.);
#797=FACE_OUTER_BOUND('',#1036,.T.);
#798=FACE_OUTER_BOUND('',#1037,.T.);
#799=FACE_OUTER_BOUND('',#1038,.T.);
#800=FACE_OUTER_BOUND('',#1039,.T.);
#801=FACE_OUTER_BOUND('',#1040,.T.);
#802=FACE_OUTER_BOUND('',#1041,.T.);
#803=FACE_OUTER_BOUND('',#1042,.T.);
#804=FACE_OUTER_BOUND('',#1043,.T.);
#805=FACE_OUTER_BOUND('',#1044,.T.);
#806=FACE_OUTER_BOUND('',#1045,.T.);
#807=FACE_OUTER_BOUND('',#1046,.T.);
#808=FACE_OUTER_BOUND('',#1047,.T.);
#809=FACE_OUTER_BOUND('',#1048,.T.);
#810=FACE_OUTER_BOUND('',#1050,.T.);
#811=FACE_OUTER_BOUND('',#1052,.T.);
#812=FACE_OUTER_BOUND('',#1054,.T.);
#813=FACE_OUTER_BOUND('',#1056,.T.);
#814=EDGE_LOOP('',(#2027,#2028,#2029,#2030));
#815=EDGE_LOOP('',(#2031,#2032,#2033,#2034));
#816=EDGE_LOOP('',(#2035,#2036,#2037,#2038,#2039,#2040,#2041,#2042));
#817=EDGE_LOOP('',(#2043));
#818=EDGE_LOOP('',(#2044));
#819=EDGE_LOOP('',(#2045));
#820=EDGE_LOOP('',(#2046));
#821=EDGE_LOOP('',(#2047));
#822=EDGE_LOOP('',(#2048));
#823=EDGE_LOOP('',(#2049,#2050,#2051,#2052,#2053,#2054,#2055,#2056,#2057,
#2058));
#824=EDGE_LOOP('',(#2059));
#825=EDGE_LOOP('',(#2060));
#826=EDGE_LOOP('',(#2061));
#827=EDGE_LOOP('',(#2062));
#828=EDGE_LOOP('',(#2063,#2064,#2065,#2066));
#829=EDGE_LOOP('',(#2067,#2068,#2069,#2070));
#830=EDGE_LOOP('',(#2071,#2072,#2073,#2074));
#831=EDGE_LOOP('',(#2075,#2076,#2077,#2078));
#832=EDGE_LOOP('',(#2079,#2080,#2081,#2082,#2083));
#833=EDGE_LOOP('',(#2084,#2085,#2086,#2087,#2088));
#834=EDGE_LOOP('',(#2089,#2090,#2091,#2092));
#835=EDGE_LOOP('',(#2093,#2094,#2095,#2096));
#836=EDGE_LOOP('',(#2097,#2098,#2099,#2100));
#837=EDGE_LOOP('',(#2101,#2102,#2103,#2104));
#838=EDGE_LOOP('',(#2105,#2106,#2107,#2108,#2109));
#839=EDGE_LOOP('',(#2110,#2111,#2112,#2113));
#840=EDGE_LOOP('',(#2114));
#841=EDGE_LOOP('',(#2115));
#842=EDGE_LOOP('',(#2116,#2117,#2118,#2119,#2120));
#843=EDGE_LOOP('',(#2121,#2122,#2123,#2124,#2125));
#844=EDGE_LOOP('',(#2126,#2127,#2128,#2129));
#845=EDGE_LOOP('',(#2130));
#846=EDGE_LOOP('',(#2131));
#847=EDGE_LOOP('',(#2132,#2133,#2134,#2135,#2136));
#848=EDGE_LOOP('',(#2137,#2138,#2139,#2140,#2141));
#849=EDGE_LOOP('',(#2142));
#850=EDGE_LOOP('',(#2143));
#851=EDGE_LOOP('',(#2144,#2145,#2146,#2147,#2148));
#852=EDGE_LOOP('',(#2149));
#853=EDGE_LOOP('',(#2150));
#854=EDGE_LOOP('',(#2151,#2152,#2153,#2154,#2155));
#855=EDGE_LOOP('',(#2156));
#856=EDGE_LOOP('',(#2157));
#857=EDGE_LOOP('',(#2158,#2159,#2160,#2161,#2162));
#858=EDGE_LOOP('',(#2163));
#859=EDGE_LOOP('',(#2164));
#860=EDGE_LOOP('',(#2165,#2166,#2167,#2168));
#861=EDGE_LOOP('',(#2169,#2170,#2171,#2172));
#862=EDGE_LOOP('',(#2173,#2174,#2175,#2176,#2177,#2178,#2179,#2180));
#863=EDGE_LOOP('',(#2181,#2182,#2183,#2184,#2185,#2186,#2187,#2188));
#864=EDGE_LOOP('',(#2189,#2190,#2191));
#865=EDGE_LOOP('',(#2192,#2193,#2194));
#866=EDGE_LOOP('',(#2195,#2196,#2197));
#867=EDGE_LOOP('',(#2198,#2199,#2200));
#868=EDGE_LOOP('',(#2201,#2202,#2203));
#869=EDGE_LOOP('',(#2204,#2205,#2206));
#870=EDGE_LOOP('',(#2207,#2208,#2209));
#871=EDGE_LOOP('',(#2210,#2211,#2212));
#872=EDGE_LOOP('',(#2213,#2214,#2215,#2216));
#873=EDGE_LOOP('',(#2217,#2218,#2219,#2220));
#874=EDGE_LOOP('',(#2221,#2222,#2223,#2224));
#875=EDGE_LOOP('',(#2225,#2226,#2227,#2228));
#876=EDGE_LOOP('',(#2229,#2230,#2231,#2232));
#877=EDGE_LOOP('',(#2233,#2234,#2235,#2236));
#878=EDGE_LOOP('',(#2237,#2238,#2239,#2240));
#879=EDGE_LOOP('',(#2241,#2242,#2243,#2244));
#880=EDGE_LOOP('',(#2245,#2246,#2247,#2248));
#881=EDGE_LOOP('',(#2249,#2250,#2251,#2252));
#882=EDGE_LOOP('',(#2253,#2254,#2255,#2256));
#883=EDGE_LOOP('',(#2257,#2258,#2259,#2260));
#884=EDGE_LOOP('',(#2261,#2262,#2263,#2264));
#885=EDGE_LOOP('',(#2265,#2266,#2267,#2268));
#886=EDGE_LOOP('',(#2269,#2270,#2271,#2272));
#887=EDGE_LOOP('',(#2273,#2274,#2275,#2276));
#888=EDGE_LOOP('',(#2277,#2278,#2279,#2280));
#889=EDGE_LOOP('',(#2281,#2282,#2283,#2284));
#890=EDGE_LOOP('',(#2285,#2286,#2287,#2288));
#891=EDGE_LOOP('',(#2289,#2290,#2291,#2292));
#892=EDGE_LOOP('',(#2293,#2294,#2295,#2296));
#893=EDGE_LOOP('',(#2297,#2298,#2299,#2300));
#894=EDGE_LOOP('',(#2301,#2302,#2303,#2304));
#895=EDGE_LOOP('',(#2305,#2306,#2307,#2308));
#896=EDGE_LOOP('',(#2309,#2310,#2311,#2312));
#897=EDGE_LOOP('',(#2313,#2314,#2315,#2316));
#898=EDGE_LOOP('',(#2317,#2318,#2319,#2320));
#899=EDGE_LOOP('',(#2321,#2322,#2323,#2324,#2325,#2326,#2327,#2328,#2329,
#2330,#2331,#2332));
#900=EDGE_LOOP('',(#2333,#2334,#2335,#2336,#2337,#2338,#2339,#2340,#2341,
#2342,#2343,#2344,#2345,#2346,#2347,#2348,#2349));
#901=EDGE_LOOP('',(#2350));
#902=EDGE_LOOP('',(#2351));
#903=EDGE_LOOP('',(#2352));
#904=EDGE_LOOP('',(#2353));
#905=EDGE_LOOP('',(#2354));
#906=EDGE_LOOP('',(#2355,#2356,#2357,#2358,#2359,#2360,#2361,#2362,#2363,
#2364));
#907=EDGE_LOOP('',(#2365,#2366,#2367,#2368));
#908=EDGE_LOOP('',(#2369,#2370,#2371,#2372));
#909=EDGE_LOOP('',(#2373,#2374,#2375,#2376,#2377,#2378,#2379,#2380,#2381,
#2382));
#910=EDGE_LOOP('',(#2383,#2384,#2385,#2386));
#911=EDGE_LOOP('',(#2387,#2388,#2389,#2390));
#912=EDGE_LOOP('',(#2391,#2392,#2393,#2394,#2395));
#913=EDGE_LOOP('',(#2396,#2397,#2398,#2399,#2400));
#914=EDGE_LOOP('',(#2401,#2402,#2403,#2404,#2405));
#915=EDGE_LOOP('',(#2406,#2407,#2408,#2409));
#916=EDGE_LOOP('',(#2410,#2411,#2412,#2413));
#917=EDGE_LOOP('',(#2414,#2415,#2416,#2417));
#918=EDGE_LOOP('',(#2418,#2419,#2420,#2421));
#919=EDGE_LOOP('',(#2422,#2423,#2424,#2425));
#920=EDGE_LOOP('',(#2426,#2427,#2428,#2429));
#921=EDGE_LOOP('',(#2430,#2431,#2432,#2433));
#922=EDGE_LOOP('',(#2434,#2435,#2436,#2437));
#923=EDGE_LOOP('',(#2438,#2439,#2440,#2441));
#924=EDGE_LOOP('',(#2442,#2443,#2444,#2445,#2446,#2447,#2448));
#925=EDGE_LOOP('',(#2449,#2450,#2451,#2452,#2453,#2454,#2455,#2456,#2457,
#2458));
#926=EDGE_LOOP('',(#2459,#2460,#2461,#2462,#2463,#2464,#2465,#2466,#2467,
#2468,#2469,#2470,#2471,#2472,#2473,#2474,#2475));
#927=EDGE_LOOP('',(#2476,#2477,#2478,#2479));
#928=EDGE_LOOP('',(#2480,#2481,#2482,#2483));
#929=EDGE_LOOP('',(#2484,#2485,#2486,#2487));
#930=EDGE_LOOP('',(#2488,#2489,#2490,#2491,#2492,#2493,#2494,#2495,#2496,
#2497,#2498,#2499,#2500,#2501));
#931=EDGE_LOOP('',(#2502,#2503,#2504,#2505));
#932=EDGE_LOOP('',(#2506,#2507,#2508,#2509,#2510,#2511,#2512,#2513,#2514,
#2515,#2516,#2517));
#933=EDGE_LOOP('',(#2518,#2519,#2520,#2521));
#934=EDGE_LOOP('',(#2522,#2523,#2524,#2525,#2526,#2527,#2528,#2529,#2530,
#2531));
#935=EDGE_LOOP('',(#2532,#2533,#2534,#2535));
#936=EDGE_LOOP('',(#2536,#2537,#2538,#2539));
#937=EDGE_LOOP('',(#2540,#2541,#2542,#2543,#2544,#2545));
#938=EDGE_LOOP('',(#2546));
#939=EDGE_LOOP('',(#2547,#2548,#2549,#2550));
#940=EDGE_LOOP('',(#2551,#2552,#2553,#2554));
#941=EDGE_LOOP('',(#2555,#2556,#2557,#2558,#2559,#2560));
#942=EDGE_LOOP('',(#2561));
#943=EDGE_LOOP('',(#2562));
#944=EDGE_LOOP('',(#2563));
#945=EDGE_LOOP('',(#2564));
#946=EDGE_LOOP('',(#2565));
#947=EDGE_LOOP('',(#2566));
#948=EDGE_LOOP('',(#2567));
#949=EDGE_LOOP('',(#2568));
#950=EDGE_LOOP('',(#2569));
#951=EDGE_LOOP('',(#2570,#2571,#2572,#2573,#2574));
#952=EDGE_LOOP('',(#2575,#2576,#2577,#2578,#2579));
#953=EDGE_LOOP('',(#2580,#2581,#2582,#2583));
#954=EDGE_LOOP('',(#2584,#2585,#2586,#2587));
#955=EDGE_LOOP('',(#2588,#2589,#2590,#2591));
#956=EDGE_LOOP('',(#2592,#2593,#2594,#2595));
#957=EDGE_LOOP('',(#2596,#2597,#2598,#2599,#2600));
#958=EDGE_LOOP('',(#2601,#2602,#2603,#2604,#2605));
#959=EDGE_LOOP('',(#2606,#2607,#2608,#2609,#2610));
#960=EDGE_LOOP('',(#2611,#2612,#2613,#2614,#2615));
#961=EDGE_LOOP('',(#2616,#2617,#2618,#2619));
#962=EDGE_LOOP('',(#2620,#2621,#2622,#2623));
#963=EDGE_LOOP('',(#2624,#2625,#2626,#2627));
#964=EDGE_LOOP('',(#2628,#2629,#2630,#2631));
#965=EDGE_LOOP('',(#2632,#2633,#2634,#2635));
#966=EDGE_LOOP('',(#2636,#2637,#2638,#2639));
#967=EDGE_LOOP('',(#2640,#2641,#2642,#2643,#2644));
#968=EDGE_LOOP('',(#2645,#2646,#2647,#2648));
#969=EDGE_LOOP('',(#2649,#2650,#2651,#2652));
#970=EDGE_LOOP('',(#2653,#2654,#2655,#2656));
#971=EDGE_LOOP('',(#2657,#2658,#2659,#2660));
#972=EDGE_LOOP('',(#2661,#2662,#2663,#2664,#2665,#2666,#2667,#2668,#2669,
#2670,#2671,#2672));
#973=EDGE_LOOP('',(#2673));
#974=EDGE_LOOP('',(#2674));
#975=EDGE_LOOP('',(#2675));
#976=EDGE_LOOP('',(#2676));
#977=EDGE_LOOP('',(#2677,#2678,#2679,#2680));
#978=EDGE_LOOP('',(#2681,#2682,#2683,#2684));
#979=EDGE_LOOP('',(#2685,#2686,#2687,#2688));
#980=EDGE_LOOP('',(#2689,#2690,#2691,#2692,#2693,#2694,#2695,#2696));
#981=EDGE_LOOP('',(#2697));
#982=EDGE_LOOP('',(#2698));
#983=EDGE_LOOP('',(#2699));
#984=EDGE_LOOP('',(#2700));
#985=EDGE_LOOP('',(#2701));
#986=EDGE_LOOP('',(#2702,#2703,#2704,#2705,#2706,#2707,#2708,#2709,#2710,
#2711));
#987=EDGE_LOOP('',(#2712));
#988=EDGE_LOOP('',(#2713));
#989=EDGE_LOOP('',(#2714));
#990=EDGE_LOOP('',(#2715));
#991=EDGE_LOOP('',(#2716));
#992=EDGE_LOOP('',(#2717,#2718,#2719,#2720));
#993=EDGE_LOOP('',(#2721,#2722,#2723,#2724));
#994=EDGE_LOOP('',(#2725,#2726,#2727,#2728));
#995=EDGE_LOOP('',(#2729,#2730,#2731,#2732));
#996=EDGE_LOOP('',(#2733,#2734,#2735,#2736));
#997=EDGE_LOOP('',(#2737,#2738,#2739,#2740));
#998=EDGE_LOOP('',(#2741,#2742,#2743,#2744));
#999=EDGE_LOOP('',(#2745,#2746,#2747,#2748));
#1000=EDGE_LOOP('',(#2749,#2750,#2751,#2752));
#1001=EDGE_LOOP('',(#2753,#2754,#2755,#2756));
#1002=EDGE_LOOP('',(#2757,#2758,#2759,#2760));
#1003=EDGE_LOOP('',(#2761,#2762,#2763,#2764));
#1004=EDGE_LOOP('',(#2765,#2766,#2767,#2768));
#1005=EDGE_LOOP('',(#2769,#2770,#2771,#2772));
#1006=EDGE_LOOP('',(#2773,#2774,#2775,#2776));
#1007=EDGE_LOOP('',(#2777,#2778,#2779,#2780));
#1008=EDGE_LOOP('',(#2781,#2782,#2783,#2784));
#1009=EDGE_LOOP('',(#2785,#2786,#2787,#2788));
#1010=EDGE_LOOP('',(#2789,#2790,#2791,#2792));
#1011=EDGE_LOOP('',(#2793,#2794,#2795,#2796));
#1012=EDGE_LOOP('',(#2797,#2798,#2799,#2800));
#1013=EDGE_LOOP('',(#2801,#2802,#2803,#2804,#2805,#2806,#2807,#2808));
#1014=EDGE_LOOP('',(#2809,#2810,#2811,#2812,#2813,#2814,#2815,#2816,#2817,
#2818));
#1015=EDGE_LOOP('',(#2819));
#1016=EDGE_LOOP('',(#2820));
#1017=EDGE_LOOP('',(#2821));
#1018=EDGE_LOOP('',(#2822));
#1019=EDGE_LOOP('',(#2823));
#1020=EDGE_LOOP('',(#2824));
#1021=EDGE_LOOP('',(#2825));
#1022=EDGE_LOOP('',(#2826));
#1023=EDGE_LOOP('',(#2827));
#1024=EDGE_LOOP('',(#2828));
#1025=EDGE_LOOP('',(#2829,#2830,#2831,#2832));
#1026=EDGE_LOOP('',(#2833,#2834,#2835,#2836));
#1027=EDGE_LOOP('',(#2837,#2838,#2839,#2840));
#1028=EDGE_LOOP('',(#2841,#2842,#2843,#2844));
#1029=EDGE_LOOP('',(#2845,#2846,#2847,#2848));
#1030=EDGE_LOOP('',(#2849,#2850,#2851,#2852));
#1031=EDGE_LOOP('',(#2853,#2854,#2855,#2856,#2857));
#1032=EDGE_LOOP('',(#2858,#2859,#2860,#2861,#2862));
#1033=EDGE_LOOP('',(#2863,#2864,#2865,#2866,#2867));
#1034=EDGE_LOOP('',(#2868,#2869,#2870,#2871,#2872));
#1035=EDGE_LOOP('',(#2873,#2874,#2875,#2876,#2877));
#1036=EDGE_LOOP('',(#2878,#2879,#2880,#2881,#2882));
#1037=EDGE_LOOP('',(#2883,#2884,#2885,#2886,#2887));
#1038=EDGE_LOOP('',(#2888,#2889,#2890,#2891,#2892));
#1039=EDGE_LOOP('',(#2893,#2894,#2895,#2896));
#1040=EDGE_LOOP('',(#2897,#2898,#2899,#2900));
#1041=EDGE_LOOP('',(#2901,#2902,#2903,#2904));
#1042=EDGE_LOOP('',(#2905,#2906,#2907,#2908));
#1043=EDGE_LOOP('',(#2909,#2910,#2911,#2912));
#1044=EDGE_LOOP('',(#2913,#2914,#2915,#2916));
#1045=EDGE_LOOP('',(#2917,#2918,#2919,#2920));
#1046=EDGE_LOOP('',(#2921,#2922,#2923,#2924));
#1047=EDGE_LOOP('',(#2925,#2926,#2927,#2928));
#1048=EDGE_LOOP('',(#2929));
#1049=EDGE_LOOP('',(#2930));
#1050=EDGE_LOOP('',(#2931));
#1051=EDGE_LOOP('',(#2932));
#1052=EDGE_LOOP('',(#2933));
#1053=EDGE_LOOP('',(#2934));
#1054=EDGE_LOOP('',(#2935));
#1055=EDGE_LOOP('',(#2936));
#1056=EDGE_LOOP('',(#2937,#2938,#2939,#2940));
#1057=CIRCLE('',#3185,1.24999999999999);
#1058=CIRCLE('',#3186,0.5);
#1059=CIRCLE('',#3187,0.749999999999993);
#1060=CIRCLE('',#3189,0.749999999999993);
#1061=CIRCLE('',#3191,5.);
#1062=CIRCLE('',#3192,5.);
#1063=CIRCLE('',#3193,5.);
#1064=CIRCLE('',#3194,5.);
#1065=CIRCLE('',#3195,1.24999999999999);
#1066=CIRCLE('',#3196,1.24999999999999);
#1067=CIRCLE('',#3197,1.24999999999999);
#1068=CIRCLE('',#3198,3.49999999999999);
#1069=CIRCLE('',#3199,3.5);
#1070=CIRCLE('',#3200,3.49999999999999);
#1071=CIRCLE('',#3201,5.);
#1072=CIRCLE('',#3202,5.);
#1073=CIRCLE('',#3203,5.);
#1074=CIRCLE('',#3204,5.);
#1075=CIRCLE('',#3205,4.97582144195775);
#1076=CIRCLE('',#3206,3.5);
#1077=CIRCLE('',#3207,1.25);
#1078=CIRCLE('',#3208,1.24999999999999);
#1079=CIRCLE('',#3210,0.5);
#1080=CIRCLE('',#3211,0.749999999999993);
#1081=CIRCLE('',#3213,0.749999999999993);
#1082=CIRCLE('',#3215,0.5);
#1083=CIRCLE('',#3216,0.749999999999993);
#1084=CIRCLE('',#3218,0.749999999999993);
#1085=CIRCLE('',#3220,0.749999999999993);
#1086=CIRCLE('',#3221,0.5);
#1087=CIRCLE('',#3222,0.749999999999993);
#1088=CIRCLE('',#3224,0.749999999999993);
#1089=CIRCLE('',#3226,0.5);
#1090=CIRCLE('',#3227,0.75);
#1091=CIRCLE('',#3229,0.75);
#1092=CIRCLE('',#3231,0.5);
#1093=CIRCLE('',#3232,0.749999999999993);
#1094=CIRCLE('',#3234,0.749999999999993);
#1095=CIRCLE('',#3236,3.);
#1096=CIRCLE('',#3237,1.5);
#1097=CIRCLE('',#3238,4.5);
#1098=CIRCLE('',#3239,3.);
#1099=CIRCLE('',#3241,4.5);
#1100=CIRCLE('',#3243,3.);
#1101=CIRCLE('',#3244,1.5);
#1102=CIRCLE('',#3245,3.);
#1103=CIRCLE('',#3247,3.);
#1104=CIRCLE('',#3248,1.5);
#1105=CIRCLE('',#3249,4.5);
#1106=CIRCLE('',#3250,3.);
#1107=CIRCLE('',#3252,4.5);
#1108=CIRCLE('',#3254,3.);
#1109=CIRCLE('',#3255,1.5);
#1110=CIRCLE('',#3256,3.);
#1111=CIRCLE('',#3258,2.5);
#1112=CIRCLE('',#3259,0.5);
#1113=CIRCLE('',#3261,2.24999999999999);
#1114=CIRCLE('',#3263,2.5);
#1115=CIRCLE('',#3264,0.5);
#1116=CIRCLE('',#3266,2.25);
#1117=CIRCLE('',#3268,2.5);
#1118=CIRCLE('',#3269,0.5);
#1119=CIRCLE('',#3271,2.25);
#1120=CIRCLE('',#3273,2.5);
#1121=CIRCLE('',#3274,0.5);
#1122=CIRCLE('',#3276,2.25);
#1123=CIRCLE('',#3278,2.24999999999999);
#1124=CIRCLE('',#3280,2.25);
#1125=CIRCLE('',#3284,2.25);
#1126=CIRCLE('',#3289,2.25);
#1127=CIRCLE('',#3291,1.00000000000001);
#1128=CIRCLE('',#3294,0.999999999999998);
#1129=CIRCLE('',#3299,1.);
#1130=CIRCLE('',#3302,0.999999999999999);
#1131=CIRCLE('',#3303,1.00000000000001);
#1132=CIRCLE('',#3306,0.999999999999998);
#1133=CIRCLE('',#3311,1.);
#1134=CIRCLE('',#3314,1.);
#1135=CIRCLE('',#3324,1.49999999999999);
#1136=CIRCLE('',#3326,1.5);
#1137=CIRCLE('',#3327,3.5);
#1138=CIRCLE('',#3328,5.);
#1139=CIRCLE('',#3330,1.49999999999999);
#1140=CIRCLE('',#3332,1.5);
#1141=CIRCLE('',#3333,3.5);
#1142=CIRCLE('',#3334,5.);
#1143=CIRCLE('',#3340,1.5);
#1144=CIRCLE('',#3344,1.49999999999999);
#1145=CIRCLE('',#3345,3.5);
#1146=CIRCLE('',#3346,5.);
#1147=CIRCLE('',#3348,1.49999999999999);
#1148=CIRCLE('',#3350,1.49999999999999);
#1149=CIRCLE('',#3351,3.5);
#1150=CIRCLE('',#3352,5.);
#1151=CIRCLE('',#3368,2.09999999999998);
#1152=CIRCLE('',#3369,2.09999999999998);
#1153=CIRCLE('',#3370,6.5);
#1154=CIRCLE('',#3371,6.5);
#1155=CIRCLE('',#3372,3.47582144195775);
#1156=CIRCLE('',#3373,2.1);
#1157=CIRCLE('',#3375,1.5);
#1158=CIRCLE('',#3376,1.5);
#1159=CIRCLE('',#3380,1.5);
#1160=CIRCLE('',#3381,1.5);
#1161=CIRCLE('',#3387,4.97582144195775);
#1162=CIRCLE('',#3389,1.49999999999999);
#1163=CIRCLE('',#3390,1.49999999999999);
#1164=CIRCLE('',#3391,5.);
#1165=CIRCLE('',#3393,1.49999999999999);
#1166=CIRCLE('',#3395,1.49999999999999);
#1167=CIRCLE('',#3396,5.);
#1168=CIRCLE('',#3404,0.5);
#1169=CIRCLE('',#3405,1.59999999999998);
#1170=CIRCLE('',#3406,1.59999999999998);
#1171=CIRCLE('',#3408,1.5);
#1172=CIRCLE('',#3409,1.5);
#1173=CIRCLE('',#3411,1.5);
#1174=CIRCLE('',#3412,1.5);
#1175=CIRCLE('',#3414,1.5);
#1176=CIRCLE('',#3415,6.5);
#1177=CIRCLE('',#3416,5.);
#1178=CIRCLE('',#3418,1.5);
#1179=CIRCLE('',#3420,1.49999999999999);
#1180=CIRCLE('',#3421,6.5);
#1181=CIRCLE('',#3422,5.);
#1182=CIRCLE('',#3424,1.5);
#1183=CIRCLE('',#3436,3.);
#1184=CIRCLE('',#3437,1.6);
#1185=CIRCLE('',#3439,3.);
#1186=CIRCLE('',#3440,1.6);
#1187=CIRCLE('',#3442,2.99999999999999);
#1188=CIRCLE('',#3443,1.59999999999998);
#1189=CIRCLE('',#3445,2.99999999999999);
#1190=CIRCLE('',#3446,1.6);
#1191=CIRCLE('',#3448,1.6);
#1192=CIRCLE('',#3449,1.6);
#1193=CIRCLE('',#3451,1.6);
#1194=CIRCLE('',#3452,1.6);
#1195=CIRCLE('',#3454,2.99999999999999);
#1196=CIRCLE('',#3456,3.);
#1197=CIRCLE('',#3458,2.99999999999999);
#1198=CIRCLE('',#3460,3.);
#1199=CIRCLE('',#3463,1.6);
#1200=CIRCLE('',#3464,1.6);
#1201=CIRCLE('',#3466,2.1);
#1202=CIRCLE('',#3467,0.5);
#1203=CIRCLE('',#3469,2.1);
#1204=CIRCLE('',#3470,0.5);
#1205=CIRCLE('',#3472,0.5);
#1206=CIRCLE('',#3474,0.5);
#1207=CIRCLE('',#3476,0.5);
#1208=CIRCLE('',#3480,0.5);
#1209=CIRCLE('',#3482,0.5);
#1210=CIRCLE('',#3491,1.24999999999999);
#1211=CIRCLE('',#3492,0.5);
#1212=CIRCLE('',#3493,0.749999999999993);
#1213=CIRCLE('',#3495,5.);
#1214=CIRCLE('',#3496,5.);
#1215=CIRCLE('',#3497,5.);
#1216=CIRCLE('',#3498,5.);
#1217=CIRCLE('',#3499,1.25);
#1218=CIRCLE('',#3500,3.5);
#1219=CIRCLE('',#3501,1.24999999999999);
#1220=CIRCLE('',#3502,1.24999999999999);
#1221=CIRCLE('',#3503,3.49999999999999);
#1222=CIRCLE('',#3504,4.97582144195776);
#1223=CIRCLE('',#3505,5.);
#1224=CIRCLE('',#3506,5.);
#1225=CIRCLE('',#3507,5.);
#1226=CIRCLE('',#3508,5.);
#1227=CIRCLE('',#3509,1.24999999999999);
#1228=CIRCLE('',#3510,3.49999999999999);
#1229=CIRCLE('',#3511,1.24999999999999);
#1230=CIRCLE('',#3512,3.5);
#1231=CIRCLE('',#3514,0.749999999999993);
#1232=CIRCLE('',#3516,0.5);
#1233=CIRCLE('',#3517,0.75);
#1234=CIRCLE('',#3519,0.75);
#1235=CIRCLE('',#3521,0.5);
#1236=CIRCLE('',#3522,3.);
#1237=CIRCLE('',#3524,3.);
#1238=CIRCLE('',#3526,0.5);
#1239=CIRCLE('',#3527,3.);
#1240=CIRCLE('',#3529,3.);
#1241=CIRCLE('',#3531,0.5);
#1242=CIRCLE('',#3532,0.749999999999993);
#1243=CIRCLE('',#3534,0.749999999999993);
#1244=CIRCLE('',#3536,0.5);
#1245=CIRCLE('',#3537,0.749999999999993);
#1246=CIRCLE('',#3539,0.749999999999993);
#1247=CIRCLE('',#3541,0.5);
#1248=CIRCLE('',#3542,2.99999999999999);
#1249=CIRCLE('',#3544,2.99999999999999);
#1250=CIRCLE('',#3546,0.5);
#1251=CIRCLE('',#3547,0.749999999999993);
#1252=CIRCLE('',#3549,0.749999999999993);
#1253=CIRCLE('',#3551,0.5);
#1254=CIRCLE('',#3552,0.749999999999993);
#1255=CIRCLE('',#3554,0.749999999999993);
#1256=CIRCLE('',#3556,0.5);
#1257=CIRCLE('',#3557,2.99999999999999);
#1258=CIRCLE('',#3559,2.99999999999999);
#1259=CIRCLE('',#3561,4.97582144195776);
#1260=CIRCLE('',#3564,5.);
#1261=CIRCLE('',#3565,5.);
#1262=CIRCLE('',#3566,5.);
#1263=CIRCLE('',#3567,5.);
#1264=CIRCLE('',#3568,5.);
#1265=CIRCLE('',#3569,5.);
#1266=CIRCLE('',#3570,5.);
#1267=CIRCLE('',#3571,5.);
#1268=CIRCLE('',#3572,2.1);
#1269=CIRCLE('',#3573,2.1);
#1270=CIRCLE('',#3574,2.1);
#1271=CIRCLE('',#3575,2.09999999999998);
#1272=CIRCLE('',#3583,0.5);
#1273=CIRCLE('',#3584,1.6);
#1274=CIRCLE('',#3585,1.6);
#1275=CIRCLE('',#3587,1.6);
#1276=CIRCLE('',#3589,0.5);
#1277=CIRCLE('',#3590,1.59999999999998);
#1278=CIRCLE('',#3591,1.59999999999998);
#1279=CIRCLE('',#3593,1.59999999999998);
#1280=CIRCLE('',#3595,0.5);
#1281=CIRCLE('',#3596,1.6);
#1282=CIRCLE('',#3597,1.6);
#1283=CIRCLE('',#3599,1.6);
#1284=CIRCLE('',#3601,0.5);
#1285=CIRCLE('',#3602,1.6);
#1286=CIRCLE('',#3603,1.6);
#1287=CIRCLE('',#3605,1.6);
#1288=VERTEX_POINT('',#4686);
#1289=VERTEX_POINT('',#4688);
#1290=VERTEX_POINT('',#4692);
#1291=VERTEX_POINT('',#4696);
#1292=VERTEX_POINT('',#4697);
#1293=VERTEX_POINT('',#4699);
#1294=VERTEX_POINT('',#4701);
#1295=VERTEX_POINT('',#4703);
#1296=VERTEX_POINT('',#4705);
#1297=VERTEX_POINT('',#4707);
#1298=VERTEX_POINT('',#4709);
#1299=VERTEX_POINT('',#4712);
#1300=VERTEX_POINT('',#4714);
#1301=VERTEX_POINT('',#4716);
#1302=VERTEX_POINT('',#4718);
#1303=VERTEX_POINT('',#4720);
#1304=VERTEX_POINT('',#4722);
#1305=VERTEX_POINT('',#4724);
#1306=VERTEX_POINT('',#4725);
#1307=VERTEX_POINT('',#4727);
#1308=VERTEX_POINT('',#4729);
#1309=VERTEX_POINT('',#4731);
#1310=VERTEX_POINT('',#4733);
#1311=VERTEX_POINT('',#4735);
#1312=VERTEX_POINT('',#4737);
#1313=VERTEX_POINT('',#4739);
#1314=VERTEX_POINT('',#4741);
#1315=VERTEX_POINT('',#4744);
#1316=VERTEX_POINT('',#4746);
#1317=VERTEX_POINT('',#4748);
#1318=VERTEX_POINT('',#4751);
#1319=VERTEX_POINT('',#4755);
#1320=VERTEX_POINT('',#4759);
#1321=VERTEX_POINT('',#4763);
#1322=VERTEX_POINT('',#4767);
#1323=VERTEX_POINT('',#4768);
#1324=VERTEX_POINT('',#4773);
#1325=VERTEX_POINT('',#4777);
#1326=VERTEX_POINT('',#4781);
#1327=VERTEX_POINT('',#4785);
#1328=VERTEX_POINT('',#4789);
#1329=VERTEX_POINT('',#4793);
#1330=VERTEX_POINT('',#4794);
#1331=VERTEX_POINT('',#4796);
#1332=VERTEX_POINT('',#4801);
#1333=VERTEX_POINT('',#4802);
#1334=VERTEX_POINT('',#4804);
#1335=VERTEX_POINT('',#4806);
#1336=VERTEX_POINT('',#4809);
#1337=VERTEX_POINT('',#4812);
#1338=VERTEX_POINT('',#4813);
#1339=VERTEX_POINT('',#4818);
#1340=VERTEX_POINT('',#4819);
#1341=VERTEX_POINT('',#4821);
#1342=VERTEX_POINT('',#4826);
#1343=VERTEX_POINT('',#4827);
#1344=VERTEX_POINT('',#4829);
#1345=VERTEX_POINT('',#4831);
#1346=VERTEX_POINT('',#4834);
#1347=VERTEX_POINT('',#4837);
#1348=VERTEX_POINT('',#4838);
#1349=VERTEX_POINT('',#4843);
#1350=VERTEX_POINT('',#4847);
#1351=VERTEX_POINT('',#4850);
#1352=VERTEX_POINT('',#4854);
#1353=VERTEX_POINT('',#4857);
#1354=VERTEX_POINT('',#4861);
#1355=VERTEX_POINT('',#4864);
#1356=VERTEX_POINT('',#4868);
#1357=VERTEX_POINT('',#4871);
#1358=VERTEX_POINT('',#4875);
#1359=VERTEX_POINT('',#4879);
#1360=VERTEX_POINT('',#4881);
#1361=VERTEX_POINT('',#4883);
#1362=VERTEX_POINT('',#4898);
#1363=VERTEX_POINT('',#4900);
#1364=VERTEX_POINT('',#4904);
#1365=VERTEX_POINT('',#4906);
#1366=VERTEX_POINT('',#4908);
#1367=VERTEX_POINT('',#4923);
#1368=VERTEX_POINT('',#4925);
#1369=VERTEX_POINT('',#4958);
#1370=VERTEX_POINT('',#4960);
#1371=VERTEX_POINT('',#4993);
#1372=VERTEX_POINT('',#4995);
#1373=VERTEX_POINT('',#5028);
#1374=VERTEX_POINT('',#5029);
#1375=VERTEX_POINT('',#5063);
#1376=VERTEX_POINT('',#5065);
#1377=VERTEX_POINT('',#5098);
#1378=VERTEX_POINT('',#5100);
#1379=VERTEX_POINT('',#5133);
#1380=VERTEX_POINT('',#5135);
#1381=VERTEX_POINT('',#5168);
#1382=VERTEX_POINT('',#5169);
#1383=VERTEX_POINT('',#5203);
#1384=VERTEX_POINT('',#5205);
#1385=VERTEX_POINT('',#5209);
#1386=VERTEX_POINT('',#5211);
#1387=VERTEX_POINT('',#5215);
#1388=VERTEX_POINT('',#5217);
#1389=VERTEX_POINT('',#5226);
#1390=VERTEX_POINT('',#5228);
#1391=VERTEX_POINT('',#5232);
#1392=VERTEX_POINT('',#5234);
#1393=VERTEX_POINT('',#5238);
#1394=VERTEX_POINT('',#5239);
#1395=VERTEX_POINT('',#5244);
#1396=VERTEX_POINT('',#5245);
#1397=VERTEX_POINT('',#5250);
#1398=VERTEX_POINT('',#5251);
#1399=VERTEX_POINT('',#5256);
#1400=VERTEX_POINT('',#5258);
#1401=VERTEX_POINT('',#5267);
#1402=VERTEX_POINT('',#5268);
#1403=VERTEX_POINT('',#5270);
#1404=VERTEX_POINT('',#5272);
#1405=VERTEX_POINT('',#5279);
#1406=VERTEX_POINT('',#5280);
#1407=VERTEX_POINT('',#5285);
#1408=VERTEX_POINT('',#5286);
#1409=VERTEX_POINT('',#5291);
#1410=VERTEX_POINT('',#5292);
#1411=VERTEX_POINT('',#5297);
#1412=VERTEX_POINT('',#5299);
#1413=VERTEX_POINT('',#5308);
#1414=VERTEX_POINT('',#5309);
#1415=VERTEX_POINT('',#5311);
#1416=VERTEX_POINT('',#5313);
#1417=VERTEX_POINT('',#5334);
#1418=VERTEX_POINT('',#5336);
#1419=VERTEX_POINT('',#5338);
#1420=VERTEX_POINT('',#5340);
#1421=VERTEX_POINT('',#5342);
#1422=VERTEX_POINT('',#5344);
#1423=VERTEX_POINT('',#5346);
#1424=VERTEX_POINT('',#5348);
#1425=VERTEX_POINT('',#5350);
#1426=VERTEX_POINT('',#5352);
#1427=VERTEX_POINT('',#5354);
#1428=VERTEX_POINT('',#5357);
#1429=VERTEX_POINT('',#5360);
#1430=VERTEX_POINT('',#5362);
#1431=VERTEX_POINT('',#5364);
#1432=VERTEX_POINT('',#5366);
#1433=VERTEX_POINT('',#5374);
#1434=VERTEX_POINT('',#5376);
#1435=VERTEX_POINT('',#5378);
#1436=VERTEX_POINT('',#5380);
#1437=VERTEX_POINT('',#5382);
#1438=VERTEX_POINT('',#5384);
#1439=VERTEX_POINT('',#5388);
#1440=VERTEX_POINT('',#5395);
#1441=VERTEX_POINT('',#5396);
#1442=VERTEX_POINT('',#5404);
#1443=VERTEX_POINT('',#5405);
#1444=VERTEX_POINT('',#5407);
#1445=VERTEX_POINT('',#5439);
#1446=VERTEX_POINT('',#5441);
#1447=VERTEX_POINT('',#5445);
#1448=VERTEX_POINT('',#5449);
#1449=VERTEX_POINT('',#5464);
#1450=VERTEX_POINT('',#5482);
#1451=VERTEX_POINT('',#5484);
#1452=VERTEX_POINT('',#5489);
#1453=VERTEX_POINT('',#5491);
#1454=VERTEX_POINT('',#5493);
#1455=VERTEX_POINT('',#5495);
#1456=VERTEX_POINT('',#5497);
#1457=VERTEX_POINT('',#5499);
#1458=VERTEX_POINT('',#5503);
#1459=VERTEX_POINT('',#5505);
#1460=VERTEX_POINT('',#5509);
#1461=VERTEX_POINT('',#5513);
#1462=VERTEX_POINT('',#5514);
#1463=VERTEX_POINT('',#5519);
#1464=VERTEX_POINT('',#5520);
#1465=VERTEX_POINT('',#5525);
#1466=VERTEX_POINT('',#5532);
#1467=VERTEX_POINT('',#5544);
#1468=VERTEX_POINT('',#5557);
#1469=VERTEX_POINT('',#5559);
#1470=VERTEX_POINT('',#5562);
#1471=VERTEX_POINT('',#5564);
#1472=VERTEX_POINT('',#5567);
#1473=VERTEX_POINT('',#5569);
#1474=VERTEX_POINT('',#5572);
#1475=VERTEX_POINT('',#5574);
#1476=VERTEX_POINT('',#5577);
#1477=VERTEX_POINT('',#5579);
#1478=VERTEX_POINT('',#5583);
#1479=VERTEX_POINT('',#5585);
#1480=VERTEX_POINT('',#5589);
#1481=VERTEX_POINT('',#5593);
#1482=VERTEX_POINT('',#5597);
#1483=VERTEX_POINT('',#5601);
#1484=VERTEX_POINT('',#5607);
#1485=VERTEX_POINT('',#5609);
#1486=VERTEX_POINT('',#5613);
#1487=VERTEX_POINT('',#5617);
#1488=VERTEX_POINT('',#5644);
#1489=VERTEX_POINT('',#5646);
#1490=VERTEX_POINT('',#5650);
#1491=VERTEX_POINT('',#5651);
#1492=VERTEX_POINT('',#5653);
#1493=VERTEX_POINT('',#5655);
#1494=VERTEX_POINT('',#5657);
#1495=VERTEX_POINT('',#5659);
#1496=VERTEX_POINT('',#5661);
#1497=VERTEX_POINT('',#5663);
#1498=VERTEX_POINT('',#5666);
#1499=VERTEX_POINT('',#5668);
#1500=VERTEX_POINT('',#5670);
#1501=VERTEX_POINT('',#5672);
#1502=VERTEX_POINT('',#5674);
#1503=VERTEX_POINT('',#5676);
#1504=VERTEX_POINT('',#5677);
#1505=VERTEX_POINT('',#5679);
#1506=VERTEX_POINT('',#5681);
#1507=VERTEX_POINT('',#5683);
#1508=VERTEX_POINT('',#5685);
#1509=VERTEX_POINT('',#5687);
#1510=VERTEX_POINT('',#5689);
#1511=VERTEX_POINT('',#5691);
#1512=VERTEX_POINT('',#5693);
#1513=VERTEX_POINT('',#5696);
#1514=VERTEX_POINT('',#5698);
#1515=VERTEX_POINT('',#5700);
#1516=VERTEX_POINT('',#5702);
#1517=VERTEX_POINT('',#5705);
#1518=VERTEX_POINT('',#5709);
#1519=VERTEX_POINT('',#5713);
#1520=VERTEX_POINT('',#5717);
#1521=VERTEX_POINT('',#5721);
#1522=VERTEX_POINT('',#5725);
#1523=VERTEX_POINT('',#5729);
#1524=VERTEX_POINT('',#5733);
#1525=VERTEX_POINT('',#5737);
#1526=VERTEX_POINT('',#5741);
#1527=VERTEX_POINT('',#5745);
#1528=VERTEX_POINT('',#5749);
#1529=VERTEX_POINT('',#5753);
#1530=VERTEX_POINT('',#5757);
#1531=VERTEX_POINT('',#5761);
#1532=VERTEX_POINT('',#5765);
#1533=VERTEX_POINT('',#5769);
#1534=VERTEX_POINT('',#5773);
#1535=VERTEX_POINT('',#5777);
#1536=VERTEX_POINT('',#5781);
#1537=VERTEX_POINT('',#5783);
#1538=VERTEX_POINT('',#5787);
#1539=VERTEX_POINT('',#5788);
#1540=VERTEX_POINT('',#5793);
#1541=VERTEX_POINT('',#5795);
#1542=VERTEX_POINT('',#5797);
#1543=VERTEX_POINT('',#5799);
#1544=VERTEX_POINT('',#5801);
#1545=VERTEX_POINT('',#5803);
#1546=VERTEX_POINT('',#5806);
#1547=VERTEX_POINT('',#5808);
#1548=VERTEX_POINT('',#5810);
#1549=VERTEX_POINT('',#5812);
#1550=VERTEX_POINT('',#5814);
#1551=VERTEX_POINT('',#5816);
#1552=VERTEX_POINT('',#5818);
#1553=VERTEX_POINT('',#5820);
#1554=VERTEX_POINT('',#5823);
#1555=VERTEX_POINT('',#5825);
#1556=VERTEX_POINT('',#5827);
#1557=VERTEX_POINT('',#5829);
#1558=VERTEX_POINT('',#5845);
#1559=VERTEX_POINT('',#5847);
#1560=VERTEX_POINT('',#5851);
#1561=VERTEX_POINT('',#5855);
#1562=VERTEX_POINT('',#5857);
#1563=VERTEX_POINT('',#5861);
#1564=VERTEX_POINT('',#5865);
#1565=VERTEX_POINT('',#5867);
#1566=VERTEX_POINT('',#5871);
#1567=VERTEX_POINT('',#5875);
#1568=VERTEX_POINT('',#5877);
#1569=VERTEX_POINT('',#5881);
#1570=EDGE_CURVE('',#1288,#1288,#1057,.T.);
#1571=EDGE_CURVE('',#1288,#1289,#1058,.T.);
#1572=EDGE_CURVE('',#1289,#1289,#1059,.T.);
#1573=EDGE_CURVE('',#1289,#1290,#172,.T.);
#1574=EDGE_CURVE('',#1290,#1290,#1060,.T.);
#1575=EDGE_CURVE('',#1291,#1292,#1061,.T.);
#1576=EDGE_CURVE('',#1292,#1293,#173,.T.);
#1577=EDGE_CURVE('',#1293,#1294,#1062,.T.);
#1578=EDGE_CURVE('',#1294,#1295,#174,.T.);
#1579=EDGE_CURVE('',#1295,#1296,#1063,.T.);
#1580=EDGE_CURVE('',#1296,#1297,#175,.T.);
#1581=EDGE_CURVE('',#1297,#1298,#1064,.T.);
#1582=EDGE_CURVE('',#1298,#1291,#176,.T.);
#1583=EDGE_CURVE('',#1299,#1299,#1065,.T.);
#1584=EDGE_CURVE('',#1300,#1300,#1066,.T.);
#1585=EDGE_CURVE('',#1301,#1301,#1067,.T.);
#1586=EDGE_CURVE('',#1302,#1302,#1068,.T.);
#1587=EDGE_CURVE('',#1303,#1303,#1069,.T.);
#1588=EDGE_CURVE('',#1304,#1304,#1070,.T.);
#1589=EDGE_CURVE('',#1305,#1306,#177,.T.);
#1590=EDGE_CURVE('',#1306,#1307,#1071,.T.);
#1591=EDGE_CURVE('',#1307,#1308,#178,.T.);
#1592=EDGE_CURVE('',#1308,#1309,#1072,.T.);
#1593=EDGE_CURVE('',#1309,#1310,#179,.T.);
#1594=EDGE_CURVE('',#1310,#1311,#1073,.T.);
#1595=EDGE_CURVE('',#1311,#1312,#180,.T.);
#1596=EDGE_CURVE('',#1312,#1313,#1074,.T.);
#1597=EDGE_CURVE('',#1313,#1314,#181,.T.);
#1598=EDGE_CURVE('',#1314,#1305,#1075,.T.);
#1599=EDGE_CURVE('',#1315,#1315,#1076,.T.);
#1600=EDGE_CURVE('',#1316,#1316,#1077,.T.);
#1601=EDGE_CURVE('',#1317,#1317,#1078,.T.);
#1602=EDGE_CURVE('',#1299,#1318,#1079,.T.);
#1603=EDGE_CURVE('',#1318,#1318,#1080,.T.);
#1604=EDGE_CURVE('',#1318,#1319,#182,.T.);
#1605=EDGE_CURVE('',#1319,#1319,#1081,.T.);
#1606=EDGE_CURVE('',#1317,#1320,#1082,.T.);
#1607=EDGE_CURVE('',#1320,#1320,#1083,.T.);
#1608=EDGE_CURVE('',#1320,#1321,#183,.T.);
#1609=EDGE_CURVE('',#1321,#1321,#1084,.T.);
#1610=EDGE_CURVE('',#1322,#1323,#1085,.T.);
#1611=EDGE_CURVE('',#1323,#1300,#1086,.T.);
#1612=EDGE_CURVE('',#1323,#1322,#1087,.T.);
#1613=EDGE_CURVE('',#1322,#1324,#184,.T.);
#1614=EDGE_CURVE('',#1324,#1324,#1088,.T.);
#1615=EDGE_CURVE('',#1316,#1325,#1089,.T.);
#1616=EDGE_CURVE('',#1325,#1325,#1090,.T.);
#1617=EDGE_CURVE('',#1325,#1326,#185,.T.);
#1618=EDGE_CURVE('',#1326,#1326,#1091,.T.);
#1619=EDGE_CURVE('',#1301,#1327,#1092,.T.);
#1620=EDGE_CURVE('',#1327,#1327,#1093,.T.);
#1621=EDGE_CURVE('',#1327,#1328,#186,.T.);
#1622=EDGE_CURVE('',#1328,#1328,#1094,.T.);
#1623=EDGE_CURVE('',#1329,#1330,#1095,.T.);
#1624=EDGE_CURVE('',#1329,#1331,#1096,.T.);
#1625=EDGE_CURVE('',#1331,#1331,#1097,.T.);
#1626=EDGE_CURVE('',#1330,#1329,#1098,.T.);
#1627=EDGE_CURVE('',#1332,#1333,#187,.T.);
#1628=EDGE_CURVE('',#1334,#1332,#188,.T.);
#1629=EDGE_CURVE('',#1335,#1334,#189,.T.);
#1630=EDGE_CURVE('',#1333,#1335,#190,.T.);
#1631=EDGE_CURVE('',#1336,#1336,#1099,.T.);
#1632=EDGE_CURVE('',#1337,#1338,#1100,.T.);
#1633=EDGE_CURVE('',#1337,#1336,#1101,.T.);
#1634=EDGE_CURVE('',#1338,#1337,#1102,.T.);
#1635=EDGE_CURVE('',#1339,#1340,#1103,.T.);
#1636=EDGE_CURVE('',#1339,#1341,#1104,.T.);
#1637=EDGE_CURVE('',#1341,#1341,#1105,.T.);
#1638=EDGE_CURVE('',#1340,#1339,#1106,.T.);
#1639=EDGE_CURVE('',#1342,#1343,#191,.T.);
#1640=EDGE_CURVE('',#1344,#1342,#192,.T.);
#1641=EDGE_CURVE('',#1345,#1344,#193,.T.);
#1642=EDGE_CURVE('',#1343,#1345,#194,.T.);
#1643=EDGE_CURVE('',#1346,#1346,#1107,.T.);
#1644=EDGE_CURVE('',#1347,#1348,#1108,.T.);
#1645=EDGE_CURVE('',#1347,#1346,#1109,.T.);
#1646=EDGE_CURVE('',#1348,#1347,#1110,.T.);
#1647=EDGE_CURVE('',#1349,#1349,#1111,.T.);
#1648=EDGE_CURVE('',#1349,#1338,#1112,.T.);
#1649=EDGE_CURVE('',#1350,#1350,#1113,.T.);
#1650=EDGE_CURVE('',#1351,#1351,#1114,.T.);
#1651=EDGE_CURVE('',#1351,#1330,#1115,.T.);
#1652=EDGE_CURVE('',#1352,#1352,#1116,.T.);
#1653=EDGE_CURVE('',#1353,#1353,#1117,.T.);
#1654=EDGE_CURVE('',#1353,#1348,#1118,.T.);
#1655=EDGE_CURVE('',#1354,#1354,#1119,.T.);
#1656=EDGE_CURVE('',#1355,#1355,#1120,.T.);
#1657=EDGE_CURVE('',#1355,#1340,#1121,.T.);
#1658=EDGE_CURVE('',#1356,#1356,#1122,.T.);
#1659=EDGE_CURVE('',#1350,#1357,#195,.T.);
#1660=EDGE_CURVE('',#1357,#1357,#1123,.T.);
#1661=EDGE_CURVE('',#1356,#1358,#196,.T.);
#1662=EDGE_CURVE('',#1358,#1358,#1124,.T.);
#1663=EDGE_CURVE('',#1354,#1359,#197,.T.);
#1664=EDGE_CURVE('',#1359,#1360,#31,.T.);
#1665=EDGE_CURVE('',#1360,#1361,#25,.T.);
#1666=EDGE_CURVE('',#1361,#1362,#32,.T.);
#1667=EDGE_CURVE('',#1363,#1362,#1125,.T.);
#1668=EDGE_CURVE('',#1363,#1359,#33,.T.);
#1669=EDGE_CURVE('',#1352,#1364,#198,.T.);
#1670=EDGE_CURVE('',#1364,#1365,#34,.T.);
#1671=EDGE_CURVE('',#1365,#1366,#26,.T.);
#1672=EDGE_CURVE('',#1366,#1367,#35,.T.);
#1673=EDGE_CURVE('',#1368,#1367,#1126,.T.);
#1674=EDGE_CURVE('',#1368,#1364,#36,.T.);
#1675=EDGE_CURVE('',#1369,#1334,#1127,.T.);
#1676=EDGE_CURVE('',#1334,#1370,#37,.T.);
#1677=EDGE_CURVE('',#1370,#1369,#38,.T.);
#1678=EDGE_CURVE('',#1332,#1371,#1128,.T.);
#1679=EDGE_CURVE('',#1371,#1372,#39,.T.);
#1680=EDGE_CURVE('',#1372,#1332,#40,.T.);
#1681=EDGE_CURVE('',#1373,#1374,#41,.T.);
#1682=EDGE_CURVE('',#1374,#1343,#42,.T.);
#1683=EDGE_CURVE('',#1343,#1373,#1129,.T.);
#1684=EDGE_CURVE('',#1342,#1375,#43,.T.);
#1685=EDGE_CURVE('',#1375,#1376,#44,.T.);
#1686=EDGE_CURVE('',#1376,#1342,#1130,.T.);
#1687=EDGE_CURVE('',#1377,#1333,#1131,.T.);
#1688=EDGE_CURVE('',#1333,#1378,#45,.T.);
#1689=EDGE_CURVE('',#1378,#1377,#46,.T.);
#1690=EDGE_CURVE('',#1335,#1379,#1132,.T.);
#1691=EDGE_CURVE('',#1379,#1380,#47,.T.);
#1692=EDGE_CURVE('',#1380,#1335,#48,.T.);
#1693=EDGE_CURVE('',#1381,#1382,#49,.T.);
#1694=EDGE_CURVE('',#1382,#1344,#50,.T.);
#1695=EDGE_CURVE('',#1344,#1381,#1133,.T.);
#1696=EDGE_CURVE('',#1345,#1383,#51,.T.);
#1697=EDGE_CURVE('',#1383,#1384,#52,.T.);
#1698=EDGE_CURVE('',#1384,#1345,#1134,.T.);
#1699=EDGE_CURVE('',#1383,#1385,#199,.T.);
#1700=EDGE_CURVE('',#1385,#1386,#53,.T.);
#1701=EDGE_CURVE('',#1386,#1384,#200,.T.);
#1702=EDGE_CURVE('',#1387,#1386,#201,.T.);
#1703=EDGE_CURVE('',#1385,#1388,#202,.T.);
#1704=EDGE_CURVE('',#1388,#1387,#54,.T.);
#1705=EDGE_CURVE('',#1379,#1387,#203,.T.);
#1706=EDGE_CURVE('',#1388,#1380,#204,.T.);
#1707=EDGE_CURVE('',#1382,#1383,#205,.T.);
#1708=EDGE_CURVE('',#1375,#1389,#206,.T.);
#1709=EDGE_CURVE('',#1389,#1390,#55,.T.);
#1710=EDGE_CURVE('',#1390,#1376,#207,.T.);
#1711=EDGE_CURVE('',#1389,#1391,#208,.T.);
#1712=EDGE_CURVE('',#1391,#1392,#1135,.T.);
#1713=EDGE_CURVE('',#1392,#1390,#209,.T.);
#1714=EDGE_CURVE('',#1393,#1394,#1136,.T.);
#1715=EDGE_CURVE('',#1394,#1392,#1137,.T.);
#1716=EDGE_CURVE('',#1391,#1393,#1138,.T.);
#1717=EDGE_CURVE('',#1395,#1396,#1139,.T.);
#1718=EDGE_CURVE('',#1396,#1394,#210,.T.);
#1719=EDGE_CURVE('',#1393,#1395,#211,.T.);
#1720=EDGE_CURVE('',#1397,#1398,#1140,.T.);
#1721=EDGE_CURVE('',#1398,#1396,#1141,.T.);
#1722=EDGE_CURVE('',#1395,#1397,#1142,.T.);
#1723=EDGE_CURVE('',#1399,#1398,#212,.T.);
#1724=EDGE_CURVE('',#1397,#1400,#213,.T.);
#1725=EDGE_CURVE('',#1400,#1399,#56,.T.);
#1726=EDGE_CURVE('',#1381,#1399,#214,.T.);
#1727=EDGE_CURVE('',#1400,#1382,#215,.T.);
#1728=EDGE_CURVE('',#1380,#1378,#216,.T.);
#1729=EDGE_CURVE('',#1401,#1402,#217,.T.);
#1730=EDGE_CURVE('',#1402,#1403,#1143,.T.);
#1731=EDGE_CURVE('',#1403,#1404,#218,.T.);
#1732=EDGE_CURVE('',#1404,#1401,#57,.T.);
#1733=EDGE_CURVE('',#1378,#1401,#219,.T.);
#1734=EDGE_CURVE('',#1404,#1377,#220,.T.);
#1735=EDGE_CURVE('',#1405,#1406,#1144,.T.);
#1736=EDGE_CURVE('',#1406,#1403,#1145,.T.);
#1737=EDGE_CURVE('',#1402,#1405,#1146,.T.);
#1738=EDGE_CURVE('',#1407,#1408,#1147,.T.);
#1739=EDGE_CURVE('',#1408,#1406,#221,.T.);
#1740=EDGE_CURVE('',#1405,#1407,#222,.T.);
#1741=EDGE_CURVE('',#1409,#1410,#1148,.T.);
#1742=EDGE_CURVE('',#1410,#1408,#1149,.T.);
#1743=EDGE_CURVE('',#1407,#1409,#1150,.T.);
#1744=EDGE_CURVE('',#1411,#1410,#223,.T.);
#1745=EDGE_CURVE('',#1409,#1412,#224,.T.);
#1746=EDGE_CURVE('',#1412,#1411,#58,.T.);
#1747=EDGE_CURVE('',#1371,#1411,#225,.T.);
#1748=EDGE_CURVE('',#1412,#1372,#226,.T.);
#1749=EDGE_CURVE('',#1374,#1375,#227,.T.);
#1750=EDGE_CURVE('',#1413,#1414,#228,.T.);
#1751=EDGE_CURVE('',#1414,#1415,#59,.T.);
#1752=EDGE_CURVE('',#1415,#1416,#229,.T.);
#1753=EDGE_CURVE('',#1416,#1413,#60,.T.);
#1754=EDGE_CURVE('',#1373,#1415,#230,.T.);
#1755=EDGE_CURVE('',#1414,#1374,#231,.T.);
#1756=EDGE_CURVE('',#1370,#1413,#232,.T.);
#1757=EDGE_CURVE('',#1416,#1369,#233,.T.);
#1758=EDGE_CURVE('',#1372,#1370,#234,.T.);
#1759=EDGE_CURVE('',#1395,#1294,#235,.T.);
#1760=EDGE_CURVE('',#1397,#1293,#236,.T.);
#1761=EDGE_CURVE('',#1393,#1295,#237,.T.);
#1762=EDGE_CURVE('',#1391,#1296,#238,.T.);
#1763=EDGE_CURVE('',#1409,#1297,#239,.T.);
#1764=EDGE_CURVE('',#1411,#1417,#240,.T.);
#1765=EDGE_CURVE('',#1418,#1417,#241,.T.);
#1766=EDGE_CURVE('',#1419,#1418,#1151,.T.);
#1767=EDGE_CURVE('',#1420,#1419,#1152,.T.);
#1768=EDGE_CURVE('',#1421,#1420,#242,.T.);
#1769=EDGE_CURVE('',#1422,#1421,#1153,.T.);
#1770=EDGE_CURVE('',#1423,#1422,#243,.T.);
#1771=EDGE_CURVE('',#1424,#1423,#1154,.T.);
#1772=EDGE_CURVE('',#1425,#1424,#244,.T.);
#1773=EDGE_CURVE('',#1425,#1426,#1155,.T.);
#1774=EDGE_CURVE('',#1427,#1426,#245,.T.);
#1775=EDGE_CURVE('',#1427,#1404,#246,.T.);
#1776=EDGE_CURVE('',#1428,#1428,#1156,.T.);
#1777=EDGE_CURVE('',#1429,#1427,#1157,.F.);
#1778=EDGE_CURVE('',#1429,#1430,#247,.T.);
#1779=EDGE_CURVE('',#1430,#1431,#248,.F.);
#1780=EDGE_CURVE('',#1431,#1432,#249,.F.);
#1781=EDGE_CURVE('',#1432,#1417,#1158,.T.);
#1782=EDGE_CURVE('',#1377,#1371,#250,.T.);
#1783=EDGE_CURVE('',#1369,#1379,#251,.T.);
#1784=EDGE_CURVE('',#1433,#1416,#252,.T.);
#1785=EDGE_CURVE('',#1434,#1433,#1159,.F.);
#1786=EDGE_CURVE('',#1435,#1434,#253,.T.);
#1787=EDGE_CURVE('',#1435,#1436,#254,.F.);
#1788=EDGE_CURVE('',#1436,#1437,#255,.T.);
#1789=EDGE_CURVE('',#1437,#1438,#1160,.T.);
#1790=EDGE_CURVE('',#1387,#1438,#256,.T.);
#1791=EDGE_CURVE('',#1439,#1415,#257,.F.);
#1792=EDGE_CURVE('',#1433,#1439,#258,.T.);
#1793=EDGE_CURVE('',#1436,#1367,#259,.T.);
#1794=EDGE_CURVE('',#1437,#1366,#260,.F.);
#1795=EDGE_CURVE('',#1440,#1441,#261,.T.);
#1796=EDGE_CURVE('',#1360,#1440,#262,.F.);
#1797=EDGE_CURVE('',#1363,#1441,#263,.T.);
#1798=EDGE_CURVE('',#1365,#1429,#264,.F.);
#1799=EDGE_CURVE('',#1368,#1430,#265,.T.);
#1800=EDGE_CURVE('',#1442,#1443,#1161,.T.);
#1801=EDGE_CURVE('',#1443,#1444,#27,.F.);
#1802=EDGE_CURVE('',#1426,#1444,#28,.F.);
#1803=EDGE_CURVE('',#1425,#1442,#29,.T.);
#1804=EDGE_CURVE('',#1445,#1422,#1162,.T.);
#1805=EDGE_CURVE('',#1446,#1421,#1163,.T.);
#1806=EDGE_CURVE('',#1446,#1445,#1164,.T.);
#1807=EDGE_CURVE('',#1447,#1423,#1165,.T.);
#1808=EDGE_CURVE('',#1445,#1447,#266,.T.);
#1809=EDGE_CURVE('',#1448,#1424,#1166,.T.);
#1810=EDGE_CURVE('',#1447,#1448,#1167,.T.);
#1811=EDGE_CURVE('',#1448,#1442,#267,.T.);
#1812=EDGE_CURVE('',#1448,#1306,#268,.T.);
#1813=EDGE_CURVE('',#1442,#1305,#269,.T.);
#1814=EDGE_CURVE('',#1447,#1307,#270,.T.);
#1815=EDGE_CURVE('',#1445,#1308,#271,.T.);
#1816=EDGE_CURVE('',#1446,#1309,#272,.T.);
#1817=EDGE_CURVE('',#1449,#1446,#273,.T.);
#1818=EDGE_CURVE('',#1449,#1310,#274,.T.);
#1819=EDGE_CURVE('',#1420,#1418,#30,.T.);
#1820=EDGE_CURVE('',#1419,#1450,#1168,.T.);
#1821=EDGE_CURVE('',#1450,#1451,#1169,.T.);
#1822=EDGE_CURVE('',#1451,#1450,#1170,.T.);
#1823=EDGE_CURVE('',#1376,#1381,#275,.T.);
#1824=EDGE_CURVE('',#1452,#1390,#276,.T.);
#1825=EDGE_CURVE('',#1453,#1452,#1171,.F.);
#1826=EDGE_CURVE('',#1454,#1453,#277,.T.);
#1827=EDGE_CURVE('',#1455,#1454,#278,.T.);
#1828=EDGE_CURVE('',#1455,#1456,#279,.F.);
#1829=EDGE_CURVE('',#1456,#1457,#1172,.T.);
#1830=EDGE_CURVE('',#1399,#1457,#280,.T.);
#1831=EDGE_CURVE('',#1443,#1458,#281,.T.);
#1832=EDGE_CURVE('',#1458,#1459,#1173,.T.);
#1833=EDGE_CURVE('',#1459,#1457,#282,.T.);
#1834=EDGE_CURVE('',#1456,#1361,#283,.F.);
#1835=EDGE_CURVE('',#1440,#1460,#1174,.F.);
#1836=EDGE_CURVE('',#1460,#1438,#284,.T.);
#1837=EDGE_CURVE('',#1461,#1462,#1175,.T.);
#1838=EDGE_CURVE('',#1462,#1459,#1176,.T.);
#1839=EDGE_CURVE('',#1458,#1461,#1177,.T.);
#1840=EDGE_CURVE('',#1463,#1464,#1178,.T.);
#1841=EDGE_CURVE('',#1464,#1462,#285,.T.);
#1842=EDGE_CURVE('',#1461,#1463,#286,.T.);
#1843=EDGE_CURVE('',#1449,#1465,#1179,.T.);
#1844=EDGE_CURVE('',#1465,#1464,#1180,.T.);
#1845=EDGE_CURVE('',#1463,#1449,#1181,.T.);
#1846=EDGE_CURVE('',#1452,#1465,#287,.T.);
#1847=EDGE_CURVE('',#1432,#1434,#288,.F.);
#1848=EDGE_CURVE('',#1466,#1439,#1182,.T.);
#1849=EDGE_CURVE('',#1466,#1453,#289,.F.);
#1850=EDGE_CURVE('',#1443,#1314,#290,.T.);
#1851=EDGE_CURVE('',#1458,#1313,#291,.T.);
#1852=EDGE_CURVE('',#1402,#1292,#292,.T.);
#1853=EDGE_CURVE('',#1384,#1373,#293,.T.);
#1854=EDGE_CURVE('',#1460,#1386,#294,.T.);
#1855=EDGE_CURVE('',#1467,#1441,#295,.T.);
#1856=EDGE_CURVE('',#1467,#1466,#296,.F.);
#1857=EDGE_CURVE('',#1467,#1454,#297,.T.);
#1858=EDGE_CURVE('',#1455,#1362,#298,.T.);
#1859=EDGE_CURVE('',#1431,#1435,#299,.T.);
#1860=EDGE_CURVE('',#1468,#1468,#1183,.T.);
#1861=EDGE_CURVE('',#1469,#1469,#1184,.T.);
#1862=EDGE_CURVE('',#1470,#1470,#1185,.T.);
#1863=EDGE_CURVE('',#1471,#1471,#1186,.T.);
#1864=EDGE_CURVE('',#1472,#1472,#1187,.T.);
#1865=EDGE_CURVE('',#1473,#1473,#1188,.T.);
#1866=EDGE_CURVE('',#1474,#1474,#1189,.T.);
#1867=EDGE_CURVE('',#1475,#1475,#1190,.T.);
#1868=EDGE_CURVE('',#1471,#1476,#300,.T.);
#1869=EDGE_CURVE('',#1477,#1476,#1191,.T.);
#1870=EDGE_CURVE('',#1476,#1477,#1192,.T.);
#1871=EDGE_CURVE('',#1469,#1478,#301,.T.);
#1872=EDGE_CURVE('',#1479,#1478,#1193,.T.);
#1873=EDGE_CURVE('',#1478,#1479,#1194,.T.);
#1874=EDGE_CURVE('',#1480,#1480,#1195,.T.);
#1875=EDGE_CURVE('',#1480,#1474,#302,.T.);
#1876=EDGE_CURVE('',#1481,#1481,#1196,.T.);
#1877=EDGE_CURVE('',#1481,#1468,#303,.T.);
#1878=EDGE_CURVE('',#1482,#1482,#1197,.T.);
#1879=EDGE_CURVE('',#1482,#1472,#304,.T.);
#1880=EDGE_CURVE('',#1483,#1483,#1198,.T.);
#1881=EDGE_CURVE('',#1483,#1470,#305,.T.);
#1882=EDGE_CURVE('',#1473,#1451,#306,.T.);
#1883=EDGE_CURVE('',#1475,#1484,#307,.T.);
#1884=EDGE_CURVE('',#1485,#1484,#1199,.T.);
#1885=EDGE_CURVE('',#1484,#1485,#1200,.T.);
#1886=EDGE_CURVE('',#1486,#1486,#1201,.T.);
#1887=EDGE_CURVE('',#1486,#1477,#1202,.T.);
#1888=EDGE_CURVE('',#1487,#1487,#1203,.T.);
#1889=EDGE_CURVE('',#1487,#1479,#1204,.T.);
#1890=EDGE_CURVE('',#1302,#1480,#1205,.T.);
#1891=EDGE_CURVE('',#1303,#1481,#1206,.T.);
#1892=EDGE_CURVE('',#1304,#1482,#1207,.T.);
#1893=EDGE_CURVE('',#1461,#1312,#308,.T.);
#1894=EDGE_CURVE('',#1463,#1311,#309,.T.);
#1895=EDGE_CURVE('',#1315,#1483,#1208,.T.);
#1896=EDGE_CURVE('',#1428,#1485,#1209,.T.);
#1897=EDGE_CURVE('',#1407,#1298,#310,.T.);
#1898=EDGE_CURVE('',#1405,#1291,#311,.T.);
#1899=EDGE_CURVE('',#1488,#1488,#1210,.T.);
#1900=EDGE_CURVE('',#1488,#1489,#1211,.T.);
#1901=EDGE_CURVE('',#1489,#1489,#1212,.T.);
#1902=EDGE_CURVE('',#1490,#1491,#312,.T.);
#1903=EDGE_CURVE('',#1492,#1490,#1213,.T.);
#1904=EDGE_CURVE('',#1493,#1492,#313,.T.);
#1905=EDGE_CURVE('',#1494,#1493,#1214,.T.);
#1906=EDGE_CURVE('',#1495,#1494,#314,.T.);
#1907=EDGE_CURVE('',#1496,#1495,#1215,.T.);
#1908=EDGE_CURVE('',#1497,#1496,#315,.T.);
#1909=EDGE_CURVE('',#1491,#1497,#1216,.T.);
#1910=EDGE_CURVE('',#1498,#1498,#1217,.T.);
#1911=EDGE_CURVE('',#1499,#1499,#1218,.T.);
#1912=EDGE_CURVE('',#1500,#1500,#1219,.T.);
#1913=EDGE_CURVE('',#1501,#1501,#1220,.T.);
#1914=EDGE_CURVE('',#1502,#1502,#1221,.T.);
#1915=EDGE_CURVE('',#1503,#1504,#316,.T.);
#1916=EDGE_CURVE('',#1505,#1503,#1222,.T.);
#1917=EDGE_CURVE('',#1506,#1505,#317,.T.);
#1918=EDGE_CURVE('',#1507,#1506,#1223,.T.);
#1919=EDGE_CURVE('',#1508,#1507,#318,.T.);
#1920=EDGE_CURVE('',#1509,#1508,#1224,.T.);
#1921=EDGE_CURVE('',#1510,#1509,#319,.T.);
#1922=EDGE_CURVE('',#1511,#1510,#1225,.T.);
#1923=EDGE_CURVE('',#1512,#1511,#320,.T.);
#1924=EDGE_CURVE('',#1504,#1512,#1226,.T.);
#1925=EDGE_CURVE('',#1513,#1513,#1227,.T.);
#1926=EDGE_CURVE('',#1514,#1514,#1228,.T.);
#1927=EDGE_CURVE('',#1515,#1515,#1229,.T.);
#1928=EDGE_CURVE('',#1516,#1516,#1230,.T.);
#1929=EDGE_CURVE('',#1489,#1517,#321,.T.);
#1930=EDGE_CURVE('',#1517,#1517,#1231,.T.);
#1931=EDGE_CURVE('',#1498,#1518,#1232,.T.);
#1932=EDGE_CURVE('',#1518,#1518,#1233,.T.);
#1933=EDGE_CURVE('',#1518,#1519,#322,.T.);
#1934=EDGE_CURVE('',#1519,#1519,#1234,.T.);
#1935=EDGE_CURVE('',#1516,#1520,#1235,.T.);
#1936=EDGE_CURVE('',#1520,#1520,#1236,.T.);
#1937=EDGE_CURVE('',#1520,#1521,#323,.T.);
#1938=EDGE_CURVE('',#1521,#1521,#1237,.T.);
#1939=EDGE_CURVE('',#1499,#1522,#1238,.T.);
#1940=EDGE_CURVE('',#1522,#1522,#1239,.T.);
#1941=EDGE_CURVE('',#1522,#1523,#324,.T.);
#1942=EDGE_CURVE('',#1523,#1523,#1240,.T.);
#1943=EDGE_CURVE('',#1515,#1524,#1241,.T.);
#1944=EDGE_CURVE('',#1524,#1524,#1242,.T.);
#1945=EDGE_CURVE('',#1524,#1525,#325,.T.);
#1946=EDGE_CURVE('',#1525,#1525,#1243,.T.);
#1947=EDGE_CURVE('',#1500,#1526,#1244,.T.);
#1948=EDGE_CURVE('',#1526,#1526,#1245,.T.);
#1949=EDGE_CURVE('',#1526,#1527,#326,.T.);
#1950=EDGE_CURVE('',#1527,#1527,#1246,.T.);
#1951=EDGE_CURVE('',#1514,#1528,#1247,.T.);
#1952=EDGE_CURVE('',#1528,#1528,#1248,.T.);
#1953=EDGE_CURVE('',#1528,#1529,#327,.T.);
#1954=EDGE_CURVE('',#1529,#1529,#1249,.T.);
#1955=EDGE_CURVE('',#1501,#1530,#1250,.T.);
#1956=EDGE_CURVE('',#1530,#1530,#1251,.T.);
#1957=EDGE_CURVE('',#1530,#1531,#328,.T.);
#1958=EDGE_CURVE('',#1531,#1531,#1252,.T.);
#1959=EDGE_CURVE('',#1513,#1532,#1253,.T.);
#1960=EDGE_CURVE('',#1532,#1532,#1254,.T.);
#1961=EDGE_CURVE('',#1532,#1533,#329,.T.);
#1962=EDGE_CURVE('',#1533,#1533,#1255,.T.);
#1963=EDGE_CURVE('',#1502,#1534,#1256,.T.);
#1964=EDGE_CURVE('',#1534,#1534,#1257,.T.);
#1965=EDGE_CURVE('',#1534,#1535,#330,.T.);
#1966=EDGE_CURVE('',#1535,#1535,#1258,.T.);
#1967=EDGE_CURVE('',#1536,#1505,#331,.T.);
#1968=EDGE_CURVE('',#1537,#1503,#332,.T.);
#1969=EDGE_CURVE('',#1537,#1536,#1259,.T.);
#1970=EDGE_CURVE('',#1538,#1539,#333,.T.);
#1971=EDGE_CURVE('',#1493,#1539,#334,.T.);
#1972=EDGE_CURVE('',#1538,#1492,#335,.T.);
#1973=EDGE_CURVE('',#1540,#1538,#1260,.T.);
#1974=EDGE_CURVE('',#1540,#1541,#336,.T.);
#1975=EDGE_CURVE('',#1542,#1541,#1261,.T.);
#1976=EDGE_CURVE('',#1543,#1542,#337,.T.);
#1977=EDGE_CURVE('',#1544,#1543,#1262,.T.);
#1978=EDGE_CURVE('',#1545,#1544,#338,.T.);
#1979=EDGE_CURVE('',#1539,#1545,#1263,.T.);
#1980=EDGE_CURVE('',#1546,#1536,#339,.T.);
#1981=EDGE_CURVE('',#1547,#1537,#340,.T.);
#1982=EDGE_CURVE('',#1548,#1547,#1264,.T.);
#1983=EDGE_CURVE('',#1549,#1548,#341,.T.);
#1984=EDGE_CURVE('',#1550,#1549,#1265,.T.);
#1985=EDGE_CURVE('',#1550,#1551,#342,.T.);
#1986=EDGE_CURVE('',#1552,#1551,#1266,.T.);
#1987=EDGE_CURVE('',#1552,#1553,#343,.T.);
#1988=EDGE_CURVE('',#1546,#1553,#1267,.T.);
#1989=EDGE_CURVE('',#1554,#1554,#1268,.T.);
#1990=EDGE_CURVE('',#1555,#1555,#1269,.T.);
#1991=EDGE_CURVE('',#1556,#1556,#1270,.T.);
#1992=EDGE_CURVE('',#1557,#1557,#1271,.T.);
#1993=EDGE_CURVE('',#1497,#1542,#344,.T.);
#1994=EDGE_CURVE('',#1543,#1496,#345,.T.);
#1995=EDGE_CURVE('',#1510,#1550,#346,.T.);
#1996=EDGE_CURVE('',#1551,#1509,#347,.T.);
#1997=EDGE_CURVE('',#1547,#1504,#348,.T.);
#1998=EDGE_CURVE('',#1545,#1494,#349,.T.);
#1999=EDGE_CURVE('',#1495,#1544,#350,.T.);
#2000=EDGE_CURVE('',#1556,#1558,#1272,.T.);
#2001=EDGE_CURVE('',#1558,#1559,#1273,.T.);
#2002=EDGE_CURVE('',#1559,#1558,#1274,.T.);
#2003=EDGE_CURVE('',#1560,#1560,#1275,.T.);
#2004=EDGE_CURVE('',#1560,#1559,#351,.T.);
#2005=EDGE_CURVE('',#1557,#1561,#1276,.T.);
#2006=EDGE_CURVE('',#1561,#1562,#1277,.T.);
#2007=EDGE_CURVE('',#1562,#1561,#1278,.T.);
#2008=EDGE_CURVE('',#1563,#1563,#1279,.T.);
#2009=EDGE_CURVE('',#1563,#1562,#352,.T.);
#2010=EDGE_CURVE('',#1555,#1564,#1280,.T.);
#2011=EDGE_CURVE('',#1564,#1565,#1281,.T.);
#2012=EDGE_CURVE('',#1565,#1564,#1282,.T.);
#2013=EDGE_CURVE('',#1566,#1566,#1283,.T.);
#2014=EDGE_CURVE('',#1566,#1565,#353,.T.);
#2015=EDGE_CURVE('',#1554,#1567,#1284,.T.);
#2016=EDGE_CURVE('',#1567,#1568,#1285,.T.);
#2017=EDGE_CURVE('',#1568,#1567,#1286,.T.);
#2018=EDGE_CURVE('',#1569,#1569,#1287,.T.);
#2019=EDGE_CURVE('',#1569,#1568,#354,.T.);
#2020=EDGE_CURVE('',#1508,#1552,#355,.T.);
#2021=EDGE_CURVE('',#1553,#1507,#356,.T.);
#2022=EDGE_CURVE('',#1506,#1546,#357,.T.);
#2023=EDGE_CURVE('',#1548,#1512,#358,.T.);
#2024=EDGE_CURVE('',#1549,#1511,#359,.T.);
#2025=EDGE_CURVE('',#1540,#1490,#360,.T.);
#2026=EDGE_CURVE('',#1541,#1491,#361,.T.);
#2027=ORIENTED_EDGE('',*,*,#1570,.T.);
#2028=ORIENTED_EDGE('',*,*,#1571,.T.);
#2029=ORIENTED_EDGE('',*,*,#1572,.T.);
#2030=ORIENTED_EDGE('',*,*,#1571,.F.);
#2031=ORIENTED_EDGE('',*,*,#1572,.F.);
#2032=ORIENTED_EDGE('',*,*,#1573,.T.);
#2033=ORIENTED_EDGE('',*,*,#1574,.F.);
#2034=ORIENTED_EDGE('',*,*,#1573,.F.);
#2035=ORIENTED_EDGE('',*,*,#1575,.T.);
#2036=ORIENTED_EDGE('',*,*,#1576,.T.);
#2037=ORIENTED_EDGE('',*,*,#1577,.T.);
#2038=ORIENTED_EDGE('',*,*,#1578,.T.);
#2039=ORIENTED_EDGE('',*,*,#1579,.T.);
#2040=ORIENTED_EDGE('',*,*,#1580,.T.);
#2041=ORIENTED_EDGE('',*,*,#1581,.T.);
#2042=ORIENTED_EDGE('',*,*,#1582,.T.);
#2043=ORIENTED_EDGE('',*,*,#1583,.F.);
#2044=ORIENTED_EDGE('',*,*,#1584,.F.);
#2045=ORIENTED_EDGE('',*,*,#1585,.F.);
#2046=ORIENTED_EDGE('',*,*,#1586,.F.);
#2047=ORIENTED_EDGE('',*,*,#1587,.F.);
#2048=ORIENTED_EDGE('',*,*,#1588,.F.);
#2049=ORIENTED_EDGE('',*,*,#1589,.T.);
#2050=ORIENTED_EDGE('',*,*,#1590,.T.);
#2051=ORIENTED_EDGE('',*,*,#1591,.T.);
#2052=ORIENTED_EDGE('',*,*,#1592,.T.);
#2053=ORIENTED_EDGE('',*,*,#1593,.T.);
#2054=ORIENTED_EDGE('',*,*,#1594,.T.);
#2055=ORIENTED_EDGE('',*,*,#1595,.T.);
#2056=ORIENTED_EDGE('',*,*,#1596,.T.);
#2057=ORIENTED_EDGE('',*,*,#1597,.T.);
#2058=ORIENTED_EDGE('',*,*,#1598,.T.);
#2059=ORIENTED_EDGE('',*,*,#1599,.F.);
#2060=ORIENTED_EDGE('',*,*,#1600,.F.);
#2061=ORIENTED_EDGE('',*,*,#1601,.F.);
#2062=ORIENTED_EDGE('',*,*,#1570,.F.);
#2063=ORIENTED_EDGE('',*,*,#1583,.T.);
#2064=ORIENTED_EDGE('',*,*,#1602,.T.);
#2065=ORIENTED_EDGE('',*,*,#1603,.T.);
#2066=ORIENTED_EDGE('',*,*,#1602,.F.);
#2067=ORIENTED_EDGE('',*,*,#1603,.F.);
#2068=ORIENTED_EDGE('',*,*,#1604,.T.);
#2069=ORIENTED_EDGE('',*,*,#1605,.F.);
#2070=ORIENTED_EDGE('',*,*,#1604,.F.);
#2071=ORIENTED_EDGE('',*,*,#1601,.T.);
#2072=ORIENTED_EDGE('',*,*,#1606,.T.);
#2073=ORIENTED_EDGE('',*,*,#1607,.T.);
#2074=ORIENTED_EDGE('',*,*,#1606,.F.);
#2075=ORIENTED_EDGE('',*,*,#1607,.F.);
#2076=ORIENTED_EDGE('',*,*,#1608,.T.);
#2077=ORIENTED_EDGE('',*,*,#1609,.F.);
#2078=ORIENTED_EDGE('',*,*,#1608,.F.);
#2079=ORIENTED_EDGE('',*,*,#1610,.T.);
#2080=ORIENTED_EDGE('',*,*,#1611,.T.);
#2081=ORIENTED_EDGE('',*,*,#1584,.T.);
#2082=ORIENTED_EDGE('',*,*,#1611,.F.);
#2083=ORIENTED_EDGE('',*,*,#1612,.T.);
#2084=ORIENTED_EDGE('',*,*,#1610,.F.);
#2085=ORIENTED_EDGE('',*,*,#1613,.T.);
#2086=ORIENTED_EDGE('',*,*,#1614,.F.);
#2087=ORIENTED_EDGE('',*,*,#1613,.F.);
#2088=ORIENTED_EDGE('',*,*,#1612,.F.);
#2089=ORIENTED_EDGE('',*,*,#1600,.T.);
#2090=ORIENTED_EDGE('',*,*,#1615,.T.);
#2091=ORIENTED_EDGE('',*,*,#1616,.T.);
#2092=ORIENTED_EDGE('',*,*,#1615,.F.);
#2093=ORIENTED_EDGE('',*,*,#1616,.F.);
#2094=ORIENTED_EDGE('',*,*,#1617,.T.);
#2095=ORIENTED_EDGE('',*,*,#1618,.F.);
#2096=ORIENTED_EDGE('',*,*,#1617,.F.);
#2097=ORIENTED_EDGE('',*,*,#1585,.T.);
#2098=ORIENTED_EDGE('',*,*,#1619,.T.);
#2099=ORIENTED_EDGE('',*,*,#1620,.T.);
#2100=ORIENTED_EDGE('',*,*,#1619,.F.);
#2101=ORIENTED_EDGE('',*,*,#1620,.F.);
#2102=ORIENTED_EDGE('',*,*,#1621,.T.);
#2103=ORIENTED_EDGE('',*,*,#1622,.F.);
#2104=ORIENTED_EDGE('',*,*,#1621,.F.);
#2105=ORIENTED_EDGE('',*,*,#1623,.F.);
#2106=ORIENTED_EDGE('',*,*,#1624,.T.);
#2107=ORIENTED_EDGE('',*,*,#1625,.T.);
#2108=ORIENTED_EDGE('',*,*,#1624,.F.);
#2109=ORIENTED_EDGE('',*,*,#1626,.F.);
#2110=ORIENTED_EDGE('',*,*,#1627,.F.);
#2111=ORIENTED_EDGE('',*,*,#1628,.F.);
#2112=ORIENTED_EDGE('',*,*,#1629,.F.);
#2113=ORIENTED_EDGE('',*,*,#1630,.F.);
#2114=ORIENTED_EDGE('',*,*,#1631,.F.);
#2115=ORIENTED_EDGE('',*,*,#1625,.F.);
#2116=ORIENTED_EDGE('',*,*,#1632,.F.);
#2117=ORIENTED_EDGE('',*,*,#1633,.T.);
#2118=ORIENTED_EDGE('',*,*,#1631,.T.);
#2119=ORIENTED_EDGE('',*,*,#1633,.F.);
#2120=ORIENTED_EDGE('',*,*,#1634,.F.);
#2121=ORIENTED_EDGE('',*,*,#1635,.F.);
#2122=ORIENTED_EDGE('',*,*,#1636,.T.);
#2123=ORIENTED_EDGE('',*,*,#1637,.T.);
#2124=ORIENTED_EDGE('',*,*,#1636,.F.);
#2125=ORIENTED_EDGE('',*,*,#1638,.F.);
#2126=ORIENTED_EDGE('',*,*,#1639,.F.);
#2127=ORIENTED_EDGE('',*,*,#1640,.F.);
#2128=ORIENTED_EDGE('',*,*,#1641,.F.);
#2129=ORIENTED_EDGE('',*,*,#1642,.F.);
#2130=ORIENTED_EDGE('',*,*,#1643,.F.);
#2131=ORIENTED_EDGE('',*,*,#1637,.F.);
#2132=ORIENTED_EDGE('',*,*,#1644,.F.);
#2133=ORIENTED_EDGE('',*,*,#1645,.T.);
#2134=ORIENTED_EDGE('',*,*,#1643,.T.);
#2135=ORIENTED_EDGE('',*,*,#1645,.F.);
#2136=ORIENTED_EDGE('',*,*,#1646,.F.);
#2137=ORIENTED_EDGE('',*,*,#1647,.T.);
#2138=ORIENTED_EDGE('',*,*,#1648,.T.);
#2139=ORIENTED_EDGE('',*,*,#1634,.T.);
#2140=ORIENTED_EDGE('',*,*,#1632,.T.);
#2141=ORIENTED_EDGE('',*,*,#1648,.F.);
#2142=ORIENTED_EDGE('',*,*,#1647,.F.);
#2143=ORIENTED_EDGE('',*,*,#1649,.T.);
#2144=ORIENTED_EDGE('',*,*,#1650,.T.);
#2145=ORIENTED_EDGE('',*,*,#1651,.T.);
#2146=ORIENTED_EDGE('',*,*,#1626,.T.);
#2147=ORIENTED_EDGE('',*,*,#1623,.T.);
#2148=ORIENTED_EDGE('',*,*,#1651,.F.);
#2149=ORIENTED_EDGE('',*,*,#1650,.F.);
#2150=ORIENTED_EDGE('',*,*,#1652,.T.);
#2151=ORIENTED_EDGE('',*,*,#1653,.T.);
#2152=ORIENTED_EDGE('',*,*,#1654,.T.);
#2153=ORIENTED_EDGE('',*,*,#1646,.T.);
#2154=ORIENTED_EDGE('',*,*,#1644,.T.);
#2155=ORIENTED_EDGE('',*,*,#1654,.F.);
#2156=ORIENTED_EDGE('',*,*,#1653,.F.);
#2157=ORIENTED_EDGE('',*,*,#1655,.T.);
#2158=ORIENTED_EDGE('',*,*,#1656,.T.);
#2159=ORIENTED_EDGE('',*,*,#1657,.T.);
#2160=ORIENTED_EDGE('',*,*,#1638,.T.);
#2161=ORIENTED_EDGE('',*,*,#1635,.T.);
#2162=ORIENTED_EDGE('',*,*,#1657,.F.);
#2163=ORIENTED_EDGE('',*,*,#1656,.F.);
#2164=ORIENTED_EDGE('',*,*,#1658,.T.);
#2165=ORIENTED_EDGE('',*,*,#1649,.F.);
#2166=ORIENTED_EDGE('',*,*,#1659,.T.);
#2167=ORIENTED_EDGE('',*,*,#1660,.T.);
#2168=ORIENTED_EDGE('',*,*,#1659,.F.);
#2169=ORIENTED_EDGE('',*,*,#1658,.F.);
#2170=ORIENTED_EDGE('',*,*,#1661,.T.);
#2171=ORIENTED_EDGE('',*,*,#1662,.F.);
#2172=ORIENTED_EDGE('',*,*,#1661,.F.);
#2173=ORIENTED_EDGE('',*,*,#1655,.F.);
#2174=ORIENTED_EDGE('',*,*,#1663,.T.);
#2175=ORIENTED_EDGE('',*,*,#1664,.T.);
#2176=ORIENTED_EDGE('',*,*,#1665,.T.);
#2177=ORIENTED_EDGE('',*,*,#1666,.T.);
#2178=ORIENTED_EDGE('',*,*,#1667,.F.);
#2179=ORIENTED_EDGE('',*,*,#1668,.T.);
#2180=ORIENTED_EDGE('',*,*,#1663,.F.);
#2181=ORIENTED_EDGE('',*,*,#1652,.F.);
#2182=ORIENTED_EDGE('',*,*,#1669,.T.);
#2183=ORIENTED_EDGE('',*,*,#1670,.T.);
#2184=ORIENTED_EDGE('',*,*,#1671,.T.);
#2185=ORIENTED_EDGE('',*,*,#1672,.T.);
#2186=ORIENTED_EDGE('',*,*,#1673,.F.);
#2187=ORIENTED_EDGE('',*,*,#1674,.T.);
#2188=ORIENTED_EDGE('',*,*,#1669,.F.);
#2189=ORIENTED_EDGE('',*,*,#1675,.T.);
#2190=ORIENTED_EDGE('',*,*,#1676,.T.);
#2191=ORIENTED_EDGE('',*,*,#1677,.T.);
#2192=ORIENTED_EDGE('',*,*,#1678,.T.);
#2193=ORIENTED_EDGE('',*,*,#1679,.T.);
#2194=ORIENTED_EDGE('',*,*,#1680,.T.);
#2195=ORIENTED_EDGE('',*,*,#1681,.T.);
#2196=ORIENTED_EDGE('',*,*,#1682,.T.);
#2197=ORIENTED_EDGE('',*,*,#1683,.T.);
#2198=ORIENTED_EDGE('',*,*,#1684,.T.);
#2199=ORIENTED_EDGE('',*,*,#1685,.T.);
#2200=ORIENTED_EDGE('',*,*,#1686,.T.);
#2201=ORIENTED_EDGE('',*,*,#1687,.T.);
#2202=ORIENTED_EDGE('',*,*,#1688,.T.);
#2203=ORIENTED_EDGE('',*,*,#1689,.T.);
#2204=ORIENTED_EDGE('',*,*,#1690,.T.);
#2205=ORIENTED_EDGE('',*,*,#1691,.T.);
#2206=ORIENTED_EDGE('',*,*,#1692,.T.);
#2207=ORIENTED_EDGE('',*,*,#1693,.T.);
#2208=ORIENTED_EDGE('',*,*,#1694,.T.);
#2209=ORIENTED_EDGE('',*,*,#1695,.T.);
#2210=ORIENTED_EDGE('',*,*,#1696,.T.);
#2211=ORIENTED_EDGE('',*,*,#1697,.T.);
#2212=ORIENTED_EDGE('',*,*,#1698,.T.);
#2213=ORIENTED_EDGE('',*,*,#1697,.F.);
#2214=ORIENTED_EDGE('',*,*,#1699,.T.);
#2215=ORIENTED_EDGE('',*,*,#1700,.T.);
#2216=ORIENTED_EDGE('',*,*,#1701,.T.);
#2217=ORIENTED_EDGE('',*,*,#1702,.T.);
#2218=ORIENTED_EDGE('',*,*,#1700,.F.);
#2219=ORIENTED_EDGE('',*,*,#1703,.T.);
#2220=ORIENTED_EDGE('',*,*,#1704,.T.);
#2221=ORIENTED_EDGE('',*,*,#1691,.F.);
#2222=ORIENTED_EDGE('',*,*,#1705,.T.);
#2223=ORIENTED_EDGE('',*,*,#1704,.F.);
#2224=ORIENTED_EDGE('',*,*,#1706,.T.);
#2225=ORIENTED_EDGE('',*,*,#1694,.F.);
#2226=ORIENTED_EDGE('',*,*,#1707,.T.);
#2227=ORIENTED_EDGE('',*,*,#1696,.F.);
#2228=ORIENTED_EDGE('',*,*,#1641,.T.);
#2229=ORIENTED_EDGE('',*,*,#1685,.F.);
#2230=ORIENTED_EDGE('',*,*,#1708,.T.);
#2231=ORIENTED_EDGE('',*,*,#1709,.T.);
#2232=ORIENTED_EDGE('',*,*,#1710,.T.);
#2233=ORIENTED_EDGE('',*,*,#1711,.T.);
#2234=ORIENTED_EDGE('',*,*,#1712,.T.);
#2235=ORIENTED_EDGE('',*,*,#1713,.T.);
#2236=ORIENTED_EDGE('',*,*,#1709,.F.);
#2237=ORIENTED_EDGE('',*,*,#1714,.T.);
#2238=ORIENTED_EDGE('',*,*,#1715,.T.);
#2239=ORIENTED_EDGE('',*,*,#1712,.F.);
#2240=ORIENTED_EDGE('',*,*,#1716,.T.);
#2241=ORIENTED_EDGE('',*,*,#1717,.T.);
#2242=ORIENTED_EDGE('',*,*,#1718,.T.);
#2243=ORIENTED_EDGE('',*,*,#1714,.F.);
#2244=ORIENTED_EDGE('',*,*,#1719,.T.);
#2245=ORIENTED_EDGE('',*,*,#1720,.T.);
#2246=ORIENTED_EDGE('',*,*,#1721,.T.);
#2247=ORIENTED_EDGE('',*,*,#1717,.F.);
#2248=ORIENTED_EDGE('',*,*,#1722,.T.);
#2249=ORIENTED_EDGE('',*,*,#1723,.T.);
#2250=ORIENTED_EDGE('',*,*,#1720,.F.);
#2251=ORIENTED_EDGE('',*,*,#1724,.T.);
#2252=ORIENTED_EDGE('',*,*,#1725,.T.);
#2253=ORIENTED_EDGE('',*,*,#1693,.F.);
#2254=ORIENTED_EDGE('',*,*,#1726,.T.);
#2255=ORIENTED_EDGE('',*,*,#1725,.F.);
#2256=ORIENTED_EDGE('',*,*,#1727,.T.);
#2257=ORIENTED_EDGE('',*,*,#1688,.F.);
#2258=ORIENTED_EDGE('',*,*,#1630,.T.);
#2259=ORIENTED_EDGE('',*,*,#1692,.F.);
#2260=ORIENTED_EDGE('',*,*,#1728,.T.);
#2261=ORIENTED_EDGE('',*,*,#1729,.T.);
#2262=ORIENTED_EDGE('',*,*,#1730,.T.);
#2263=ORIENTED_EDGE('',*,*,#1731,.T.);
#2264=ORIENTED_EDGE('',*,*,#1732,.T.);
#2265=ORIENTED_EDGE('',*,*,#1689,.F.);
#2266=ORIENTED_EDGE('',*,*,#1733,.T.);
#2267=ORIENTED_EDGE('',*,*,#1732,.F.);
#2268=ORIENTED_EDGE('',*,*,#1734,.T.);
#2269=ORIENTED_EDGE('',*,*,#1735,.T.);
#2270=ORIENTED_EDGE('',*,*,#1736,.T.);
#2271=ORIENTED_EDGE('',*,*,#1730,.F.);
#2272=ORIENTED_EDGE('',*,*,#1737,.T.);
#2273=ORIENTED_EDGE('',*,*,#1738,.T.);
#2274=ORIENTED_EDGE('',*,*,#1739,.T.);
#2275=ORIENTED_EDGE('',*,*,#1735,.F.);
#2276=ORIENTED_EDGE('',*,*,#1740,.T.);
#2277=ORIENTED_EDGE('',*,*,#1741,.T.);
#2278=ORIENTED_EDGE('',*,*,#1742,.T.);
#2279=ORIENTED_EDGE('',*,*,#1738,.F.);
#2280=ORIENTED_EDGE('',*,*,#1743,.T.);
#2281=ORIENTED_EDGE('',*,*,#1744,.T.);
#2282=ORIENTED_EDGE('',*,*,#1741,.F.);
#2283=ORIENTED_EDGE('',*,*,#1745,.T.);
#2284=ORIENTED_EDGE('',*,*,#1746,.T.);
#2285=ORIENTED_EDGE('',*,*,#1679,.F.);
#2286=ORIENTED_EDGE('',*,*,#1747,.T.);
#2287=ORIENTED_EDGE('',*,*,#1746,.F.);
#2288=ORIENTED_EDGE('',*,*,#1748,.T.);
#2289=ORIENTED_EDGE('',*,*,#1682,.F.);
#2290=ORIENTED_EDGE('',*,*,#1749,.T.);
#2291=ORIENTED_EDGE('',*,*,#1684,.F.);
#2292=ORIENTED_EDGE('',*,*,#1639,.T.);
#2293=ORIENTED_EDGE('',*,*,#1750,.T.);
#2294=ORIENTED_EDGE('',*,*,#1751,.T.);
#2295=ORIENTED_EDGE('',*,*,#1752,.T.);
#2296=ORIENTED_EDGE('',*,*,#1753,.T.);
#2297=ORIENTED_EDGE('',*,*,#1681,.F.);
#2298=ORIENTED_EDGE('',*,*,#1754,.T.);
#2299=ORIENTED_EDGE('',*,*,#1751,.F.);
#2300=ORIENTED_EDGE('',*,*,#1755,.T.);
#2301=ORIENTED_EDGE('',*,*,#1677,.F.);
#2302=ORIENTED_EDGE('',*,*,#1756,.T.);
#2303=ORIENTED_EDGE('',*,*,#1753,.F.);
#2304=ORIENTED_EDGE('',*,*,#1757,.T.);
#2305=ORIENTED_EDGE('',*,*,#1676,.F.);
#2306=ORIENTED_EDGE('',*,*,#1628,.T.);
#2307=ORIENTED_EDGE('',*,*,#1680,.F.);
#2308=ORIENTED_EDGE('',*,*,#1758,.T.);
#2309=ORIENTED_EDGE('',*,*,#1722,.F.);
#2310=ORIENTED_EDGE('',*,*,#1759,.T.);
#2311=ORIENTED_EDGE('',*,*,#1577,.F.);
#2312=ORIENTED_EDGE('',*,*,#1760,.F.);
#2313=ORIENTED_EDGE('',*,*,#1719,.F.);
#2314=ORIENTED_EDGE('',*,*,#1761,.T.);
#2315=ORIENTED_EDGE('',*,*,#1578,.F.);
#2316=ORIENTED_EDGE('',*,*,#1759,.F.);
#2317=ORIENTED_EDGE('',*,*,#1716,.F.);
#2318=ORIENTED_EDGE('',*,*,#1762,.T.);
#2319=ORIENTED_EDGE('',*,*,#1579,.F.);
#2320=ORIENTED_EDGE('',*,*,#1761,.F.);
#2321=ORIENTED_EDGE('',*,*,#1711,.F.);
#2322=ORIENTED_EDGE('',*,*,#1708,.F.);
#2323=ORIENTED_EDGE('',*,*,#1749,.F.);
#2324=ORIENTED_EDGE('',*,*,#1755,.F.);
#2325=ORIENTED_EDGE('',*,*,#1750,.F.);
#2326=ORIENTED_EDGE('',*,*,#1756,.F.);
#2327=ORIENTED_EDGE('',*,*,#1758,.F.);
#2328=ORIENTED_EDGE('',*,*,#1748,.F.);
#2329=ORIENTED_EDGE('',*,*,#1745,.F.);
#2330=ORIENTED_EDGE('',*,*,#1763,.T.);
#2331=ORIENTED_EDGE('',*,*,#1580,.F.);
#2332=ORIENTED_EDGE('',*,*,#1762,.F.);
#2333=ORIENTED_EDGE('',*,*,#1731,.F.);
#2334=ORIENTED_EDGE('',*,*,#1736,.F.);
#2335=ORIENTED_EDGE('',*,*,#1739,.F.);
#2336=ORIENTED_EDGE('',*,*,#1742,.F.);
#2337=ORIENTED_EDGE('',*,*,#1744,.F.);
#2338=ORIENTED_EDGE('',*,*,#1764,.T.);
#2339=ORIENTED_EDGE('',*,*,#1765,.F.);
#2340=ORIENTED_EDGE('',*,*,#1766,.F.);
#2341=ORIENTED_EDGE('',*,*,#1767,.F.);
#2342=ORIENTED_EDGE('',*,*,#1768,.F.);
#2343=ORIENTED_EDGE('',*,*,#1769,.F.);
#2344=ORIENTED_EDGE('',*,*,#1770,.F.);
#2345=ORIENTED_EDGE('',*,*,#1771,.F.);
#2346=ORIENTED_EDGE('',*,*,#1772,.F.);
#2347=ORIENTED_EDGE('',*,*,#1773,.T.);
#2348=ORIENTED_EDGE('',*,*,#1774,.F.);
#2349=ORIENTED_EDGE('',*,*,#1775,.T.);
#2350=ORIENTED_EDGE('',*,*,#1614,.T.);
#2351=ORIENTED_EDGE('',*,*,#1574,.T.);
#2352=ORIENTED_EDGE('',*,*,#1776,.F.);
#2353=ORIENTED_EDGE('',*,*,#1609,.T.);
#2354=ORIENTED_EDGE('',*,*,#1605,.T.);
#2355=ORIENTED_EDGE('',*,*,#1734,.F.);
#2356=ORIENTED_EDGE('',*,*,#1775,.F.);
#2357=ORIENTED_EDGE('',*,*,#1777,.F.);
#2358=ORIENTED_EDGE('',*,*,#1778,.T.);
#2359=ORIENTED_EDGE('',*,*,#1779,.T.);
#2360=ORIENTED_EDGE('',*,*,#1780,.T.);
#2361=ORIENTED_EDGE('',*,*,#1781,.T.);
#2362=ORIENTED_EDGE('',*,*,#1764,.F.);
#2363=ORIENTED_EDGE('',*,*,#1747,.F.);
#2364=ORIENTED_EDGE('',*,*,#1782,.F.);
#2365=ORIENTED_EDGE('',*,*,#1687,.F.);
#2366=ORIENTED_EDGE('',*,*,#1782,.T.);
#2367=ORIENTED_EDGE('',*,*,#1678,.F.);
#2368=ORIENTED_EDGE('',*,*,#1627,.T.);
#2369=ORIENTED_EDGE('',*,*,#1690,.F.);
#2370=ORIENTED_EDGE('',*,*,#1629,.T.);
#2371=ORIENTED_EDGE('',*,*,#1675,.F.);
#2372=ORIENTED_EDGE('',*,*,#1783,.T.);
#2373=ORIENTED_EDGE('',*,*,#1705,.F.);
#2374=ORIENTED_EDGE('',*,*,#1783,.F.);
#2375=ORIENTED_EDGE('',*,*,#1757,.F.);
#2376=ORIENTED_EDGE('',*,*,#1784,.F.);
#2377=ORIENTED_EDGE('',*,*,#1785,.F.);
#2378=ORIENTED_EDGE('',*,*,#1786,.F.);
#2379=ORIENTED_EDGE('',*,*,#1787,.T.);
#2380=ORIENTED_EDGE('',*,*,#1788,.T.);
#2381=ORIENTED_EDGE('',*,*,#1789,.T.);
#2382=ORIENTED_EDGE('',*,*,#1790,.F.);
#2383=ORIENTED_EDGE('',*,*,#1752,.F.);
#2384=ORIENTED_EDGE('',*,*,#1791,.F.);
#2385=ORIENTED_EDGE('',*,*,#1792,.F.);
#2386=ORIENTED_EDGE('',*,*,#1784,.T.);
#2387=ORIENTED_EDGE('',*,*,#1788,.F.);
#2388=ORIENTED_EDGE('',*,*,#1793,.T.);
#2389=ORIENTED_EDGE('',*,*,#1672,.F.);
#2390=ORIENTED_EDGE('',*,*,#1794,.F.);
#2391=ORIENTED_EDGE('',*,*,#1795,.F.);
#2392=ORIENTED_EDGE('',*,*,#1796,.F.);
#2393=ORIENTED_EDGE('',*,*,#1664,.F.);
#2394=ORIENTED_EDGE('',*,*,#1668,.F.);
#2395=ORIENTED_EDGE('',*,*,#1797,.T.);
#2396=ORIENTED_EDGE('',*,*,#1778,.F.);
#2397=ORIENTED_EDGE('',*,*,#1798,.F.);
#2398=ORIENTED_EDGE('',*,*,#1670,.F.);
#2399=ORIENTED_EDGE('',*,*,#1674,.F.);
#2400=ORIENTED_EDGE('',*,*,#1799,.T.);
#2401=ORIENTED_EDGE('',*,*,#1800,.T.);
#2402=ORIENTED_EDGE('',*,*,#1801,.T.);
#2403=ORIENTED_EDGE('',*,*,#1802,.F.);
#2404=ORIENTED_EDGE('',*,*,#1773,.F.);
#2405=ORIENTED_EDGE('',*,*,#1803,.T.);
#2406=ORIENTED_EDGE('',*,*,#1804,.T.);
#2407=ORIENTED_EDGE('',*,*,#1769,.T.);
#2408=ORIENTED_EDGE('',*,*,#1805,.F.);
#2409=ORIENTED_EDGE('',*,*,#1806,.T.);
#2410=ORIENTED_EDGE('',*,*,#1807,.T.);
#2411=ORIENTED_EDGE('',*,*,#1770,.T.);
#2412=ORIENTED_EDGE('',*,*,#1804,.F.);
#2413=ORIENTED_EDGE('',*,*,#1808,.T.);
#2414=ORIENTED_EDGE('',*,*,#1809,.T.);
#2415=ORIENTED_EDGE('',*,*,#1771,.T.);
#2416=ORIENTED_EDGE('',*,*,#1807,.F.);
#2417=ORIENTED_EDGE('',*,*,#1810,.T.);
#2418=ORIENTED_EDGE('',*,*,#1772,.T.);
#2419=ORIENTED_EDGE('',*,*,#1809,.F.);
#2420=ORIENTED_EDGE('',*,*,#1811,.T.);
#2421=ORIENTED_EDGE('',*,*,#1803,.F.);
#2422=ORIENTED_EDGE('',*,*,#1811,.F.);
#2423=ORIENTED_EDGE('',*,*,#1812,.T.);
#2424=ORIENTED_EDGE('',*,*,#1589,.F.);
#2425=ORIENTED_EDGE('',*,*,#1813,.F.);
#2426=ORIENTED_EDGE('',*,*,#1810,.F.);
#2427=ORIENTED_EDGE('',*,*,#1814,.T.);
#2428=ORIENTED_EDGE('',*,*,#1590,.F.);
#2429=ORIENTED_EDGE('',*,*,#1812,.F.);
#2430=ORIENTED_EDGE('',*,*,#1808,.F.);
#2431=ORIENTED_EDGE('',*,*,#1815,.T.);
#2432=ORIENTED_EDGE('',*,*,#1591,.F.);
#2433=ORIENTED_EDGE('',*,*,#1814,.F.);
#2434=ORIENTED_EDGE('',*,*,#1806,.F.);
#2435=ORIENTED_EDGE('',*,*,#1816,.T.);
#2436=ORIENTED_EDGE('',*,*,#1592,.F.);
#2437=ORIENTED_EDGE('',*,*,#1815,.F.);
#2438=ORIENTED_EDGE('',*,*,#1817,.F.);
#2439=ORIENTED_EDGE('',*,*,#1818,.T.);
#2440=ORIENTED_EDGE('',*,*,#1593,.F.);
#2441=ORIENTED_EDGE('',*,*,#1816,.F.);
#2442=ORIENTED_EDGE('',*,*,#1819,.F.);
#2443=ORIENTED_EDGE('',*,*,#1767,.T.);
#2444=ORIENTED_EDGE('',*,*,#1820,.T.);
#2445=ORIENTED_EDGE('',*,*,#1821,.T.);
#2446=ORIENTED_EDGE('',*,*,#1822,.T.);
#2447=ORIENTED_EDGE('',*,*,#1820,.F.);
#2448=ORIENTED_EDGE('',*,*,#1766,.T.);
#2449=ORIENTED_EDGE('',*,*,#1726,.F.);
#2450=ORIENTED_EDGE('',*,*,#1823,.F.);
#2451=ORIENTED_EDGE('',*,*,#1710,.F.);
#2452=ORIENTED_EDGE('',*,*,#1824,.F.);
#2453=ORIENTED_EDGE('',*,*,#1825,.F.);
#2454=ORIENTED_EDGE('',*,*,#1826,.F.);
#2455=ORIENTED_EDGE('',*,*,#1827,.F.);
#2456=ORIENTED_EDGE('',*,*,#1828,.T.);
#2457=ORIENTED_EDGE('',*,*,#1829,.T.);
#2458=ORIENTED_EDGE('',*,*,#1830,.F.);
#2459=ORIENTED_EDGE('',*,*,#1671,.F.);
#2460=ORIENTED_EDGE('',*,*,#1798,.T.);
#2461=ORIENTED_EDGE('',*,*,#1777,.T.);
#2462=ORIENTED_EDGE('',*,*,#1774,.T.);
#2463=ORIENTED_EDGE('',*,*,#1802,.T.);
#2464=ORIENTED_EDGE('',*,*,#1801,.F.);
#2465=ORIENTED_EDGE('',*,*,#1831,.T.);
#2466=ORIENTED_EDGE('',*,*,#1832,.T.);
#2467=ORIENTED_EDGE('',*,*,#1833,.T.);
#2468=ORIENTED_EDGE('',*,*,#1829,.F.);
#2469=ORIENTED_EDGE('',*,*,#1834,.T.);
#2470=ORIENTED_EDGE('',*,*,#1665,.F.);
#2471=ORIENTED_EDGE('',*,*,#1796,.T.);
#2472=ORIENTED_EDGE('',*,*,#1835,.T.);
#2473=ORIENTED_EDGE('',*,*,#1836,.T.);
#2474=ORIENTED_EDGE('',*,*,#1789,.F.);
#2475=ORIENTED_EDGE('',*,*,#1794,.T.);
#2476=ORIENTED_EDGE('',*,*,#1837,.T.);
#2477=ORIENTED_EDGE('',*,*,#1838,.T.);
#2478=ORIENTED_EDGE('',*,*,#1832,.F.);
#2479=ORIENTED_EDGE('',*,*,#1839,.T.);
#2480=ORIENTED_EDGE('',*,*,#1840,.T.);
#2481=ORIENTED_EDGE('',*,*,#1841,.T.);
#2482=ORIENTED_EDGE('',*,*,#1837,.F.);
#2483=ORIENTED_EDGE('',*,*,#1842,.T.);
#2484=ORIENTED_EDGE('',*,*,#1843,.T.);
#2485=ORIENTED_EDGE('',*,*,#1844,.T.);
#2486=ORIENTED_EDGE('',*,*,#1840,.F.);
#2487=ORIENTED_EDGE('',*,*,#1845,.T.);
#2488=ORIENTED_EDGE('',*,*,#1825,.T.);
#2489=ORIENTED_EDGE('',*,*,#1846,.T.);
#2490=ORIENTED_EDGE('',*,*,#1843,.F.);
#2491=ORIENTED_EDGE('',*,*,#1817,.T.);
#2492=ORIENTED_EDGE('',*,*,#1805,.T.);
#2493=ORIENTED_EDGE('',*,*,#1768,.T.);
#2494=ORIENTED_EDGE('',*,*,#1819,.T.);
#2495=ORIENTED_EDGE('',*,*,#1765,.T.);
#2496=ORIENTED_EDGE('',*,*,#1781,.F.);
#2497=ORIENTED_EDGE('',*,*,#1847,.T.);
#2498=ORIENTED_EDGE('',*,*,#1785,.T.);
#2499=ORIENTED_EDGE('',*,*,#1792,.T.);
#2500=ORIENTED_EDGE('',*,*,#1848,.F.);
#2501=ORIENTED_EDGE('',*,*,#1849,.T.);
#2502=ORIENTED_EDGE('',*,*,#1831,.F.);
#2503=ORIENTED_EDGE('',*,*,#1850,.T.);
#2504=ORIENTED_EDGE('',*,*,#1597,.F.);
#2505=ORIENTED_EDGE('',*,*,#1851,.F.);
#2506=ORIENTED_EDGE('',*,*,#1724,.F.);
#2507=ORIENTED_EDGE('',*,*,#1760,.T.);
#2508=ORIENTED_EDGE('',*,*,#1576,.F.);
#2509=ORIENTED_EDGE('',*,*,#1852,.F.);
#2510=ORIENTED_EDGE('',*,*,#1729,.F.);
#2511=ORIENTED_EDGE('',*,*,#1733,.F.);
#2512=ORIENTED_EDGE('',*,*,#1728,.F.);
#2513=ORIENTED_EDGE('',*,*,#1706,.F.);
#2514=ORIENTED_EDGE('',*,*,#1703,.F.);
#2515=ORIENTED_EDGE('',*,*,#1699,.F.);
#2516=ORIENTED_EDGE('',*,*,#1707,.F.);
#2517=ORIENTED_EDGE('',*,*,#1727,.F.);
#2518=ORIENTED_EDGE('',*,*,#1698,.F.);
#2519=ORIENTED_EDGE('',*,*,#1853,.T.);
#2520=ORIENTED_EDGE('',*,*,#1683,.F.);
#2521=ORIENTED_EDGE('',*,*,#1642,.T.);
#2522=ORIENTED_EDGE('',*,*,#1701,.F.);
#2523=ORIENTED_EDGE('',*,*,#1854,.F.);
#2524=ORIENTED_EDGE('',*,*,#1835,.F.);
#2525=ORIENTED_EDGE('',*,*,#1795,.T.);
#2526=ORIENTED_EDGE('',*,*,#1855,.F.);
#2527=ORIENTED_EDGE('',*,*,#1856,.T.);
#2528=ORIENTED_EDGE('',*,*,#1848,.T.);
#2529=ORIENTED_EDGE('',*,*,#1791,.T.);
#2530=ORIENTED_EDGE('',*,*,#1754,.F.);
#2531=ORIENTED_EDGE('',*,*,#1853,.F.);
#2532=ORIENTED_EDGE('',*,*,#1695,.F.);
#2533=ORIENTED_EDGE('',*,*,#1640,.T.);
#2534=ORIENTED_EDGE('',*,*,#1686,.F.);
#2535=ORIENTED_EDGE('',*,*,#1823,.T.);
#2536=ORIENTED_EDGE('',*,*,#1856,.F.);
#2537=ORIENTED_EDGE('',*,*,#1857,.T.);
#2538=ORIENTED_EDGE('',*,*,#1826,.T.);
#2539=ORIENTED_EDGE('',*,*,#1849,.F.);
#2540=ORIENTED_EDGE('',*,*,#1797,.F.);
#2541=ORIENTED_EDGE('',*,*,#1667,.T.);
#2542=ORIENTED_EDGE('',*,*,#1858,.F.);
#2543=ORIENTED_EDGE('',*,*,#1827,.T.);
#2544=ORIENTED_EDGE('',*,*,#1857,.F.);
#2545=ORIENTED_EDGE('',*,*,#1855,.T.);
#2546=ORIENTED_EDGE('',*,*,#1662,.T.);
#2547=ORIENTED_EDGE('',*,*,#1666,.F.);
#2548=ORIENTED_EDGE('',*,*,#1834,.F.);
#2549=ORIENTED_EDGE('',*,*,#1828,.F.);
#2550=ORIENTED_EDGE('',*,*,#1858,.T.);
#2551=ORIENTED_EDGE('',*,*,#1780,.F.);
#2552=ORIENTED_EDGE('',*,*,#1859,.T.);
#2553=ORIENTED_EDGE('',*,*,#1786,.T.);
#2554=ORIENTED_EDGE('',*,*,#1847,.F.);
#2555=ORIENTED_EDGE('',*,*,#1799,.F.);
#2556=ORIENTED_EDGE('',*,*,#1673,.T.);
#2557=ORIENTED_EDGE('',*,*,#1793,.F.);
#2558=ORIENTED_EDGE('',*,*,#1787,.F.);
#2559=ORIENTED_EDGE('',*,*,#1859,.F.);
#2560=ORIENTED_EDGE('',*,*,#1779,.F.);
#2561=ORIENTED_EDGE('',*,*,#1660,.F.);
#2562=ORIENTED_EDGE('',*,*,#1860,.F.);
#2563=ORIENTED_EDGE('',*,*,#1861,.T.);
#2564=ORIENTED_EDGE('',*,*,#1862,.F.);
#2565=ORIENTED_EDGE('',*,*,#1863,.T.);
#2566=ORIENTED_EDGE('',*,*,#1864,.F.);
#2567=ORIENTED_EDGE('',*,*,#1865,.T.);
#2568=ORIENTED_EDGE('',*,*,#1866,.F.);
#2569=ORIENTED_EDGE('',*,*,#1867,.T.);
#2570=ORIENTED_EDGE('',*,*,#1863,.F.);
#2571=ORIENTED_EDGE('',*,*,#1868,.T.);
#2572=ORIENTED_EDGE('',*,*,#1869,.F.);
#2573=ORIENTED_EDGE('',*,*,#1870,.F.);
#2574=ORIENTED_EDGE('',*,*,#1868,.F.);
#2575=ORIENTED_EDGE('',*,*,#1861,.F.);
#2576=ORIENTED_EDGE('',*,*,#1871,.T.);
#2577=ORIENTED_EDGE('',*,*,#1872,.F.);
#2578=ORIENTED_EDGE('',*,*,#1873,.F.);
#2579=ORIENTED_EDGE('',*,*,#1871,.F.);
#2580=ORIENTED_EDGE('',*,*,#1874,.F.);
#2581=ORIENTED_EDGE('',*,*,#1875,.T.);
#2582=ORIENTED_EDGE('',*,*,#1866,.T.);
#2583=ORIENTED_EDGE('',*,*,#1875,.F.);
#2584=ORIENTED_EDGE('',*,*,#1876,.F.);
#2585=ORIENTED_EDGE('',*,*,#1877,.T.);
#2586=ORIENTED_EDGE('',*,*,#1860,.T.);
#2587=ORIENTED_EDGE('',*,*,#1877,.F.);
#2588=ORIENTED_EDGE('',*,*,#1878,.F.);
#2589=ORIENTED_EDGE('',*,*,#1879,.T.);
#2590=ORIENTED_EDGE('',*,*,#1864,.T.);
#2591=ORIENTED_EDGE('',*,*,#1879,.F.);
#2592=ORIENTED_EDGE('',*,*,#1880,.F.);
#2593=ORIENTED_EDGE('',*,*,#1881,.T.);
#2594=ORIENTED_EDGE('',*,*,#1862,.T.);
#2595=ORIENTED_EDGE('',*,*,#1881,.F.);
#2596=ORIENTED_EDGE('',*,*,#1865,.F.);
#2597=ORIENTED_EDGE('',*,*,#1882,.T.);
#2598=ORIENTED_EDGE('',*,*,#1821,.F.);
#2599=ORIENTED_EDGE('',*,*,#1822,.F.);
#2600=ORIENTED_EDGE('',*,*,#1882,.F.);
#2601=ORIENTED_EDGE('',*,*,#1867,.F.);
#2602=ORIENTED_EDGE('',*,*,#1883,.T.);
#2603=ORIENTED_EDGE('',*,*,#1884,.F.);
#2604=ORIENTED_EDGE('',*,*,#1885,.F.);
#2605=ORIENTED_EDGE('',*,*,#1883,.F.);
#2606=ORIENTED_EDGE('',*,*,#1886,.T.);
#2607=ORIENTED_EDGE('',*,*,#1887,.T.);
#2608=ORIENTED_EDGE('',*,*,#1869,.T.);
#2609=ORIENTED_EDGE('',*,*,#1870,.T.);
#2610=ORIENTED_EDGE('',*,*,#1887,.F.);
#2611=ORIENTED_EDGE('',*,*,#1888,.T.);
#2612=ORIENTED_EDGE('',*,*,#1889,.T.);
#2613=ORIENTED_EDGE('',*,*,#1872,.T.);
#2614=ORIENTED_EDGE('',*,*,#1873,.T.);
#2615=ORIENTED_EDGE('',*,*,#1889,.F.);
#2616=ORIENTED_EDGE('',*,*,#1586,.T.);
#2617=ORIENTED_EDGE('',*,*,#1890,.T.);
#2618=ORIENTED_EDGE('',*,*,#1874,.T.);
#2619=ORIENTED_EDGE('',*,*,#1890,.F.);
#2620=ORIENTED_EDGE('',*,*,#1587,.T.);
#2621=ORIENTED_EDGE('',*,*,#1891,.T.);
#2622=ORIENTED_EDGE('',*,*,#1876,.T.);
#2623=ORIENTED_EDGE('',*,*,#1891,.F.);
#2624=ORIENTED_EDGE('',*,*,#1588,.T.);
#2625=ORIENTED_EDGE('',*,*,#1892,.T.);
#2626=ORIENTED_EDGE('',*,*,#1878,.T.);
#2627=ORIENTED_EDGE('',*,*,#1892,.F.);
#2628=ORIENTED_EDGE('',*,*,#1842,.F.);
#2629=ORIENTED_EDGE('',*,*,#1893,.T.);
#2630=ORIENTED_EDGE('',*,*,#1595,.F.);
#2631=ORIENTED_EDGE('',*,*,#1894,.F.);
#2632=ORIENTED_EDGE('',*,*,#1845,.F.);
#2633=ORIENTED_EDGE('',*,*,#1894,.T.);
#2634=ORIENTED_EDGE('',*,*,#1594,.F.);
#2635=ORIENTED_EDGE('',*,*,#1818,.F.);
#2636=ORIENTED_EDGE('',*,*,#1599,.T.);
#2637=ORIENTED_EDGE('',*,*,#1895,.T.);
#2638=ORIENTED_EDGE('',*,*,#1880,.T.);
#2639=ORIENTED_EDGE('',*,*,#1895,.F.);
#2640=ORIENTED_EDGE('',*,*,#1776,.T.);
#2641=ORIENTED_EDGE('',*,*,#1896,.T.);
#2642=ORIENTED_EDGE('',*,*,#1884,.T.);
#2643=ORIENTED_EDGE('',*,*,#1885,.T.);
#2644=ORIENTED_EDGE('',*,*,#1896,.F.);
#2645=ORIENTED_EDGE('',*,*,#1743,.F.);
#2646=ORIENTED_EDGE('',*,*,#1897,.T.);
#2647=ORIENTED_EDGE('',*,*,#1581,.F.);
#2648=ORIENTED_EDGE('',*,*,#1763,.F.);
#2649=ORIENTED_EDGE('',*,*,#1740,.F.);
#2650=ORIENTED_EDGE('',*,*,#1898,.T.);
#2651=ORIENTED_EDGE('',*,*,#1582,.F.);
#2652=ORIENTED_EDGE('',*,*,#1897,.F.);
#2653=ORIENTED_EDGE('',*,*,#1737,.F.);
#2654=ORIENTED_EDGE('',*,*,#1852,.T.);
#2655=ORIENTED_EDGE('',*,*,#1575,.F.);
#2656=ORIENTED_EDGE('',*,*,#1898,.F.);
#2657=ORIENTED_EDGE('',*,*,#1702,.F.);
#2658=ORIENTED_EDGE('',*,*,#1790,.T.);
#2659=ORIENTED_EDGE('',*,*,#1836,.F.);
#2660=ORIENTED_EDGE('',*,*,#1854,.T.);
#2661=ORIENTED_EDGE('',*,*,#1723,.F.);
#2662=ORIENTED_EDGE('',*,*,#1830,.T.);
#2663=ORIENTED_EDGE('',*,*,#1833,.F.);
#2664=ORIENTED_EDGE('',*,*,#1838,.F.);
#2665=ORIENTED_EDGE('',*,*,#1841,.F.);
#2666=ORIENTED_EDGE('',*,*,#1844,.F.);
#2667=ORIENTED_EDGE('',*,*,#1846,.F.);
#2668=ORIENTED_EDGE('',*,*,#1824,.T.);
#2669=ORIENTED_EDGE('',*,*,#1713,.F.);
#2670=ORIENTED_EDGE('',*,*,#1715,.F.);
#2671=ORIENTED_EDGE('',*,*,#1718,.F.);
#2672=ORIENTED_EDGE('',*,*,#1721,.F.);
#2673=ORIENTED_EDGE('',*,*,#1888,.F.);
#2674=ORIENTED_EDGE('',*,*,#1622,.T.);
#2675=ORIENTED_EDGE('',*,*,#1618,.T.);
#2676=ORIENTED_EDGE('',*,*,#1886,.F.);
#2677=ORIENTED_EDGE('',*,*,#1839,.F.);
#2678=ORIENTED_EDGE('',*,*,#1851,.T.);
#2679=ORIENTED_EDGE('',*,*,#1596,.F.);
#2680=ORIENTED_EDGE('',*,*,#1893,.F.);
#2681=ORIENTED_EDGE('',*,*,#1800,.F.);
#2682=ORIENTED_EDGE('',*,*,#1813,.T.);
#2683=ORIENTED_EDGE('',*,*,#1598,.F.);
#2684=ORIENTED_EDGE('',*,*,#1850,.F.);
#2685=ORIENTED_EDGE('',*,*,#1899,.F.);
#2686=ORIENTED_EDGE('',*,*,#1900,.T.);
#2687=ORIENTED_EDGE('',*,*,#1901,.F.);
#2688=ORIENTED_EDGE('',*,*,#1900,.F.);
#2689=ORIENTED_EDGE('',*,*,#1902,.F.);
#2690=ORIENTED_EDGE('',*,*,#1903,.F.);
#2691=ORIENTED_EDGE('',*,*,#1904,.F.);
#2692=ORIENTED_EDGE('',*,*,#1905,.F.);
#2693=ORIENTED_EDGE('',*,*,#1906,.F.);
#2694=ORIENTED_EDGE('',*,*,#1907,.F.);
#2695=ORIENTED_EDGE('',*,*,#1908,.F.);
#2696=ORIENTED_EDGE('',*,*,#1909,.F.);
#2697=ORIENTED_EDGE('',*,*,#1910,.T.);
#2698=ORIENTED_EDGE('',*,*,#1911,.T.);
#2699=ORIENTED_EDGE('',*,*,#1912,.T.);
#2700=ORIENTED_EDGE('',*,*,#1913,.T.);
#2701=ORIENTED_EDGE('',*,*,#1914,.T.);
#2702=ORIENTED_EDGE('',*,*,#1915,.F.);
#2703=ORIENTED_EDGE('',*,*,#1916,.F.);
#2704=ORIENTED_EDGE('',*,*,#1917,.F.);
#2705=ORIENTED_EDGE('',*,*,#1918,.F.);
#2706=ORIENTED_EDGE('',*,*,#1919,.F.);
#2707=ORIENTED_EDGE('',*,*,#1920,.F.);
#2708=ORIENTED_EDGE('',*,*,#1921,.F.);
#2709=ORIENTED_EDGE('',*,*,#1922,.F.);
#2710=ORIENTED_EDGE('',*,*,#1923,.F.);
#2711=ORIENTED_EDGE('',*,*,#1924,.F.);
#2712=ORIENTED_EDGE('',*,*,#1925,.T.);
#2713=ORIENTED_EDGE('',*,*,#1926,.T.);
#2714=ORIENTED_EDGE('',*,*,#1927,.T.);
#2715=ORIENTED_EDGE('',*,*,#1928,.T.);
#2716=ORIENTED_EDGE('',*,*,#1899,.T.);
#2717=ORIENTED_EDGE('',*,*,#1901,.T.);
#2718=ORIENTED_EDGE('',*,*,#1929,.T.);
#2719=ORIENTED_EDGE('',*,*,#1930,.F.);
#2720=ORIENTED_EDGE('',*,*,#1929,.F.);
#2721=ORIENTED_EDGE('',*,*,#1910,.F.);
#2722=ORIENTED_EDGE('',*,*,#1931,.T.);
#2723=ORIENTED_EDGE('',*,*,#1932,.F.);
#2724=ORIENTED_EDGE('',*,*,#1931,.F.);
#2725=ORIENTED_EDGE('',*,*,#1932,.T.);
#2726=ORIENTED_EDGE('',*,*,#1933,.T.);
#2727=ORIENTED_EDGE('',*,*,#1934,.T.);
#2728=ORIENTED_EDGE('',*,*,#1933,.F.);
#2729=ORIENTED_EDGE('',*,*,#1928,.F.);
#2730=ORIENTED_EDGE('',*,*,#1935,.T.);
#2731=ORIENTED_EDGE('',*,*,#1936,.F.);
#2732=ORIENTED_EDGE('',*,*,#1935,.F.);
#2733=ORIENTED_EDGE('',*,*,#1936,.T.);
#2734=ORIENTED_EDGE('',*,*,#1937,.T.);
#2735=ORIENTED_EDGE('',*,*,#1938,.T.);
#2736=ORIENTED_EDGE('',*,*,#1937,.F.);
#2737=ORIENTED_EDGE('',*,*,#1911,.F.);
#2738=ORIENTED_EDGE('',*,*,#1939,.T.);
#2739=ORIENTED_EDGE('',*,*,#1940,.F.);
#2740=ORIENTED_EDGE('',*,*,#1939,.F.);
#2741=ORIENTED_EDGE('',*,*,#1940,.T.);
#2742=ORIENTED_EDGE('',*,*,#1941,.T.);
#2743=ORIENTED_EDGE('',*,*,#1942,.T.);
#2744=ORIENTED_EDGE('',*,*,#1941,.F.);
#2745=ORIENTED_EDGE('',*,*,#1927,.F.);
#2746=ORIENTED_EDGE('',*,*,#1943,.T.);
#2747=ORIENTED_EDGE('',*,*,#1944,.F.);
#2748=ORIENTED_EDGE('',*,*,#1943,.F.);
#2749=ORIENTED_EDGE('',*,*,#1944,.T.);
#2750=ORIENTED_EDGE('',*,*,#1945,.T.);
#2751=ORIENTED_EDGE('',*,*,#1946,.T.);
#2752=ORIENTED_EDGE('',*,*,#1945,.F.);
#2753=ORIENTED_EDGE('',*,*,#1912,.F.);
#2754=ORIENTED_EDGE('',*,*,#1947,.T.);
#2755=ORIENTED_EDGE('',*,*,#1948,.F.);
#2756=ORIENTED_EDGE('',*,*,#1947,.F.);
#2757=ORIENTED_EDGE('',*,*,#1948,.T.);
#2758=ORIENTED_EDGE('',*,*,#1949,.T.);
#2759=ORIENTED_EDGE('',*,*,#1950,.F.);
#2760=ORIENTED_EDGE('',*,*,#1949,.F.);
#2761=ORIENTED_EDGE('',*,*,#1926,.F.);
#2762=ORIENTED_EDGE('',*,*,#1951,.T.);
#2763=ORIENTED_EDGE('',*,*,#1952,.F.);
#2764=ORIENTED_EDGE('',*,*,#1951,.F.);
#2765=ORIENTED_EDGE('',*,*,#1952,.T.);
#2766=ORIENTED_EDGE('',*,*,#1953,.T.);
#2767=ORIENTED_EDGE('',*,*,#1954,.T.);
#2768=ORIENTED_EDGE('',*,*,#1953,.F.);
#2769=ORIENTED_EDGE('',*,*,#1913,.F.);
#2770=ORIENTED_EDGE('',*,*,#1955,.T.);
#2771=ORIENTED_EDGE('',*,*,#1956,.F.);
#2772=ORIENTED_EDGE('',*,*,#1955,.F.);
#2773=ORIENTED_EDGE('',*,*,#1956,.T.);
#2774=ORIENTED_EDGE('',*,*,#1957,.T.);
#2775=ORIENTED_EDGE('',*,*,#1958,.T.);
#2776=ORIENTED_EDGE('',*,*,#1957,.F.);
#2777=ORIENTED_EDGE('',*,*,#1925,.F.);
#2778=ORIENTED_EDGE('',*,*,#1959,.T.);
#2779=ORIENTED_EDGE('',*,*,#1960,.F.);
#2780=ORIENTED_EDGE('',*,*,#1959,.F.);
#2781=ORIENTED_EDGE('',*,*,#1960,.T.);
#2782=ORIENTED_EDGE('',*,*,#1961,.T.);
#2783=ORIENTED_EDGE('',*,*,#1962,.T.);
#2784=ORIENTED_EDGE('',*,*,#1961,.F.);
#2785=ORIENTED_EDGE('',*,*,#1914,.F.);
#2786=ORIENTED_EDGE('',*,*,#1963,.T.);
#2787=ORIENTED_EDGE('',*,*,#1964,.F.);
#2788=ORIENTED_EDGE('',*,*,#1963,.F.);
#2789=ORIENTED_EDGE('',*,*,#1964,.T.);
#2790=ORIENTED_EDGE('',*,*,#1965,.T.);
#2791=ORIENTED_EDGE('',*,*,#1966,.T.);
#2792=ORIENTED_EDGE('',*,*,#1965,.F.);
#2793=ORIENTED_EDGE('',*,*,#1967,.T.);
#2794=ORIENTED_EDGE('',*,*,#1916,.T.);
#2795=ORIENTED_EDGE('',*,*,#1968,.F.);
#2796=ORIENTED_EDGE('',*,*,#1969,.T.);
#2797=ORIENTED_EDGE('',*,*,#1970,.T.);
#2798=ORIENTED_EDGE('',*,*,#1971,.F.);
#2799=ORIENTED_EDGE('',*,*,#1904,.T.);
#2800=ORIENTED_EDGE('',*,*,#1972,.F.);
#2801=ORIENTED_EDGE('',*,*,#1970,.F.);
#2802=ORIENTED_EDGE('',*,*,#1973,.F.);
#2803=ORIENTED_EDGE('',*,*,#1974,.T.);
#2804=ORIENTED_EDGE('',*,*,#1975,.F.);
#2805=ORIENTED_EDGE('',*,*,#1976,.F.);
#2806=ORIENTED_EDGE('',*,*,#1977,.F.);
#2807=ORIENTED_EDGE('',*,*,#1978,.F.);
#2808=ORIENTED_EDGE('',*,*,#1979,.F.);
#2809=ORIENTED_EDGE('',*,*,#1980,.T.);
#2810=ORIENTED_EDGE('',*,*,#1969,.F.);
#2811=ORIENTED_EDGE('',*,*,#1981,.F.);
#2812=ORIENTED_EDGE('',*,*,#1982,.F.);
#2813=ORIENTED_EDGE('',*,*,#1983,.F.);
#2814=ORIENTED_EDGE('',*,*,#1984,.F.);
#2815=ORIENTED_EDGE('',*,*,#1985,.T.);
#2816=ORIENTED_EDGE('',*,*,#1986,.F.);
#2817=ORIENTED_EDGE('',*,*,#1987,.T.);
#2818=ORIENTED_EDGE('',*,*,#1988,.F.);
#2819=ORIENTED_EDGE('',*,*,#1989,.F.);
#2820=ORIENTED_EDGE('',*,*,#1934,.F.);
#2821=ORIENTED_EDGE('',*,*,#1946,.F.);
#2822=ORIENTED_EDGE('',*,*,#1990,.F.);
#2823=ORIENTED_EDGE('',*,*,#1930,.T.);
#2824=ORIENTED_EDGE('',*,*,#1950,.T.);
#2825=ORIENTED_EDGE('',*,*,#1991,.F.);
#2826=ORIENTED_EDGE('',*,*,#1962,.F.);
#2827=ORIENTED_EDGE('',*,*,#1992,.F.);
#2828=ORIENTED_EDGE('',*,*,#1958,.F.);
#2829=ORIENTED_EDGE('',*,*,#1976,.T.);
#2830=ORIENTED_EDGE('',*,*,#1993,.F.);
#2831=ORIENTED_EDGE('',*,*,#1908,.T.);
#2832=ORIENTED_EDGE('',*,*,#1994,.F.);
#2833=ORIENTED_EDGE('',*,*,#1985,.F.);
#2834=ORIENTED_EDGE('',*,*,#1995,.F.);
#2835=ORIENTED_EDGE('',*,*,#1921,.T.);
#2836=ORIENTED_EDGE('',*,*,#1996,.F.);
#2837=ORIENTED_EDGE('',*,*,#1981,.T.);
#2838=ORIENTED_EDGE('',*,*,#1968,.T.);
#2839=ORIENTED_EDGE('',*,*,#1915,.T.);
#2840=ORIENTED_EDGE('',*,*,#1997,.F.);
#2841=ORIENTED_EDGE('',*,*,#1979,.T.);
#2842=ORIENTED_EDGE('',*,*,#1998,.T.);
#2843=ORIENTED_EDGE('',*,*,#1905,.T.);
#2844=ORIENTED_EDGE('',*,*,#1971,.T.);
#2845=ORIENTED_EDGE('',*,*,#1978,.T.);
#2846=ORIENTED_EDGE('',*,*,#1999,.F.);
#2847=ORIENTED_EDGE('',*,*,#1906,.T.);
#2848=ORIENTED_EDGE('',*,*,#1998,.F.);
#2849=ORIENTED_EDGE('',*,*,#1977,.T.);
#2850=ORIENTED_EDGE('',*,*,#1994,.T.);
#2851=ORIENTED_EDGE('',*,*,#1907,.T.);
#2852=ORIENTED_EDGE('',*,*,#1999,.T.);
#2853=ORIENTED_EDGE('',*,*,#1991,.T.);
#2854=ORIENTED_EDGE('',*,*,#2000,.T.);
#2855=ORIENTED_EDGE('',*,*,#2001,.T.);
#2856=ORIENTED_EDGE('',*,*,#2002,.T.);
#2857=ORIENTED_EDGE('',*,*,#2000,.F.);
#2858=ORIENTED_EDGE('',*,*,#2003,.F.);
#2859=ORIENTED_EDGE('',*,*,#2004,.T.);
#2860=ORIENTED_EDGE('',*,*,#2001,.F.);
#2861=ORIENTED_EDGE('',*,*,#2002,.F.);
#2862=ORIENTED_EDGE('',*,*,#2004,.F.);
#2863=ORIENTED_EDGE('',*,*,#1992,.T.);
#2864=ORIENTED_EDGE('',*,*,#2005,.T.);
#2865=ORIENTED_EDGE('',*,*,#2006,.T.);
#2866=ORIENTED_EDGE('',*,*,#2007,.T.);
#2867=ORIENTED_EDGE('',*,*,#2005,.F.);
#2868=ORIENTED_EDGE('',*,*,#2008,.F.);
#2869=ORIENTED_EDGE('',*,*,#2009,.T.);
#2870=ORIENTED_EDGE('',*,*,#2006,.F.);
#2871=ORIENTED_EDGE('',*,*,#2007,.F.);
#2872=ORIENTED_EDGE('',*,*,#2009,.F.);
#2873=ORIENTED_EDGE('',*,*,#1990,.T.);
#2874=ORIENTED_EDGE('',*,*,#2010,.T.);
#2875=ORIENTED_EDGE('',*,*,#2011,.T.);
#2876=ORIENTED_EDGE('',*,*,#2012,.T.);
#2877=ORIENTED_EDGE('',*,*,#2010,.F.);
#2878=ORIENTED_EDGE('',*,*,#2013,.F.);
#2879=ORIENTED_EDGE('',*,*,#2014,.T.);
#2880=ORIENTED_EDGE('',*,*,#2011,.F.);
#2881=ORIENTED_EDGE('',*,*,#2012,.F.);
#2882=ORIENTED_EDGE('',*,*,#2014,.F.);
#2883=ORIENTED_EDGE('',*,*,#1989,.T.);
#2884=ORIENTED_EDGE('',*,*,#2015,.T.);
#2885=ORIENTED_EDGE('',*,*,#2016,.T.);
#2886=ORIENTED_EDGE('',*,*,#2017,.T.);
#2887=ORIENTED_EDGE('',*,*,#2015,.F.);
#2888=ORIENTED_EDGE('',*,*,#2018,.F.);
#2889=ORIENTED_EDGE('',*,*,#2019,.T.);
#2890=ORIENTED_EDGE('',*,*,#2016,.F.);
#2891=ORIENTED_EDGE('',*,*,#2017,.F.);
#2892=ORIENTED_EDGE('',*,*,#2019,.F.);
#2893=ORIENTED_EDGE('',*,*,#1986,.T.);
#2894=ORIENTED_EDGE('',*,*,#1996,.T.);
#2895=ORIENTED_EDGE('',*,*,#1920,.T.);
#2896=ORIENTED_EDGE('',*,*,#2020,.T.);
#2897=ORIENTED_EDGE('',*,*,#2020,.F.);
#2898=ORIENTED_EDGE('',*,*,#1919,.T.);
#2899=ORIENTED_EDGE('',*,*,#2021,.F.);
#2900=ORIENTED_EDGE('',*,*,#1987,.F.);
#2901=ORIENTED_EDGE('',*,*,#2021,.T.);
#2902=ORIENTED_EDGE('',*,*,#1918,.T.);
#2903=ORIENTED_EDGE('',*,*,#2022,.T.);
#2904=ORIENTED_EDGE('',*,*,#1988,.T.);
#2905=ORIENTED_EDGE('',*,*,#2022,.F.);
#2906=ORIENTED_EDGE('',*,*,#1917,.T.);
#2907=ORIENTED_EDGE('',*,*,#1967,.F.);
#2908=ORIENTED_EDGE('',*,*,#1980,.F.);
#2909=ORIENTED_EDGE('',*,*,#1982,.T.);
#2910=ORIENTED_EDGE('',*,*,#1997,.T.);
#2911=ORIENTED_EDGE('',*,*,#1924,.T.);
#2912=ORIENTED_EDGE('',*,*,#2023,.F.);
#2913=ORIENTED_EDGE('',*,*,#1983,.T.);
#2914=ORIENTED_EDGE('',*,*,#2023,.T.);
#2915=ORIENTED_EDGE('',*,*,#1923,.T.);
#2916=ORIENTED_EDGE('',*,*,#2024,.F.);
#2917=ORIENTED_EDGE('',*,*,#1984,.T.);
#2918=ORIENTED_EDGE('',*,*,#2024,.T.);
#2919=ORIENTED_EDGE('',*,*,#1922,.T.);
#2920=ORIENTED_EDGE('',*,*,#1995,.T.);
#2921=ORIENTED_EDGE('',*,*,#1973,.T.);
#2922=ORIENTED_EDGE('',*,*,#1972,.T.);
#2923=ORIENTED_EDGE('',*,*,#1903,.T.);
#2924=ORIENTED_EDGE('',*,*,#2025,.F.);
#2925=ORIENTED_EDGE('',*,*,#1975,.T.);
#2926=ORIENTED_EDGE('',*,*,#2026,.T.);
#2927=ORIENTED_EDGE('',*,*,#1909,.T.);
#2928=ORIENTED_EDGE('',*,*,#1993,.T.);
#2929=ORIENTED_EDGE('',*,*,#1966,.F.);
#2930=ORIENTED_EDGE('',*,*,#2003,.T.);
#2931=ORIENTED_EDGE('',*,*,#1938,.F.);
#2932=ORIENTED_EDGE('',*,*,#2018,.T.);
#2933=ORIENTED_EDGE('',*,*,#1954,.F.);
#2934=ORIENTED_EDGE('',*,*,#2008,.T.);
#2935=ORIENTED_EDGE('',*,*,#1942,.F.);
#2936=ORIENTED_EDGE('',*,*,#2013,.T.);
#2937=ORIENTED_EDGE('',*,*,#2025,.T.);
#2938=ORIENTED_EDGE('',*,*,#1902,.T.);
#2939=ORIENTED_EDGE('',*,*,#2026,.F.);
#2940=ORIENTED_EDGE('',*,*,#1974,.F.);
#2941=TOROIDAL_SURFACE('',#3184,1.24999999999999,0.5);
#2942=TOROIDAL_SURFACE('',#3209,1.24999999999999,0.5);
#2943=TOROIDAL_SURFACE('',#3214,1.24999999999999,0.5);
#2944=TOROIDAL_SURFACE('',#3219,1.24999999999999,0.5);
#2945=TOROIDAL_SURFACE('',#3225,1.25,0.5);
#2946=TOROIDAL_SURFACE('',#3230,1.24999999999999,0.5);
#2947=TOROIDAL_SURFACE('',#3235,4.5,1.5);
#2948=TOROIDAL_SURFACE('',#3242,4.5,1.5);
#2949=TOROIDAL_SURFACE('',#3246,4.5,1.5);
#2950=TOROIDAL_SURFACE('',#3253,4.5,1.5);
#2951=TOROIDAL_SURFACE('',#3257,2.5,0.5);
#2952=TOROIDAL_SURFACE('',#3262,2.5,0.5);
#2953=TOROIDAL_SURFACE('',#3267,2.5,0.5);
#2954=TOROIDAL_SURFACE('',#3272,2.5,0.5);
#2955=TOROIDAL_SURFACE('',#3325,3.5,1.5);
#2956=TOROIDAL_SURFACE('',#3331,3.5,1.5);
#2957=TOROIDAL_SURFACE('',#3343,3.5,1.5);
#2958=TOROIDAL_SURFACE('',#3349,3.5,1.5);
#2959=TOROIDAL_SURFACE('',#3386,3.47582144195775,1.5);
#2960=TOROIDAL_SURFACE('',#3388,6.5,1.5);
#2961=TOROIDAL_SURFACE('',#3394,6.5,1.5);
#2962=TOROIDAL_SURFACE('',#3403,2.09999999999998,0.5);
#2963=TOROIDAL_SURFACE('',#3413,6.5,1.5);
#2964=TOROIDAL_SURFACE('',#3419,6.5,1.5);
#2965=TOROIDAL_SURFACE('',#3465,2.1,0.5);
#2966=TOROIDAL_SURFACE('',#3468,2.1,0.5);
#2967=TOROIDAL_SURFACE('',#3471,3.49999999999999,0.5);
#2968=TOROIDAL_SURFACE('',#3473,3.5,0.5);
#2969=TOROIDAL_SURFACE('',#3475,3.49999999999999,0.5);
#2970=TOROIDAL_SURFACE('',#3479,3.5,0.5);
#2971=TOROIDAL_SURFACE('',#3481,2.1,0.5);
#2972=TOROIDAL_SURFACE('',#3490,1.24999999999999,0.5);
#2973=TOROIDAL_SURFACE('',#3515,1.25,0.5);
#2974=TOROIDAL_SURFACE('',#3520,3.5,0.5);
#2975=TOROIDAL_SURFACE('',#3525,3.5,0.5);
#2976=TOROIDAL_SURFACE('',#3530,1.24999999999999,0.5);
#2977=TOROIDAL_SURFACE('',#3535,1.24999999999999,0.5);
#2978=TOROIDAL_SURFACE('',#3540,3.49999999999999,0.5);
#2979=TOROIDAL_SURFACE('',#3545,1.24999999999999,0.5);
#2980=TOROIDAL_SURFACE('',#3550,1.24999999999999,0.5);
#2981=TOROIDAL_SURFACE('',#3555,3.49999999999999,0.5);
#2982=TOROIDAL_SURFACE('',#3582,2.1,0.5);
#2983=TOROIDAL_SURFACE('',#3588,2.09999999999998,0.5);
#2984=TOROIDAL_SURFACE('',#3594,2.1,0.5);
#2985=TOROIDAL_SURFACE('',#3600,2.1,0.5);
#2986=ADVANCED_FACE('',(#631),#2941,.T.);
#2987=ADVANCED_FACE('',(#632),#552,.F.);
#2988=ADVANCED_FACE('',(#633,#61,#62,#63,#64,#65,#66,#67,#68,#69,#70,#71),
#121,.F.);
#2989=ADVANCED_FACE('',(#634),#2942,.T.);
#2990=ADVANCED_FACE('',(#635),#553,.F.);
#2991=ADVANCED_FACE('',(#636),#2943,.T.);
#2992=ADVANCED_FACE('',(#637),#554,.F.);
#2993=ADVANCED_FACE('',(#638),#2944,.T.);
#2994=ADVANCED_FACE('',(#639),#555,.F.);
#2995=ADVANCED_FACE('',(#640),#2945,.T.);
#2996=ADVANCED_FACE('',(#641),#556,.F.);
#2997=ADVANCED_FACE('',(#642),#2946,.T.);
#2998=ADVANCED_FACE('',(#643),#557,.F.);
#2999=ADVANCED_FACE('',(#644),#2947,.F.);
#3000=ADVANCED_FACE('',(#645,#72,#73),#122,.T.);
#3001=ADVANCED_FACE('',(#646),#2948,.F.);
#3002=ADVANCED_FACE('',(#647),#2949,.F.);
#3003=ADVANCED_FACE('',(#648,#74,#75),#123,.T.);
#3004=ADVANCED_FACE('',(#649),#2950,.F.);
#3005=ADVANCED_FACE('',(#650),#2951,.T.);
#3006=ADVANCED_FACE('',(#651,#76),#124,.T.);
#3007=ADVANCED_FACE('',(#652),#2952,.T.);
#3008=ADVANCED_FACE('',(#653,#77),#125,.T.);
#3009=ADVANCED_FACE('',(#654),#2953,.T.);
#3010=ADVANCED_FACE('',(#655,#78),#126,.T.);
#3011=ADVANCED_FACE('',(#656),#2954,.T.);
#3012=ADVANCED_FACE('',(#657,#79),#127,.T.);
#3013=ADVANCED_FACE('',(#658),#558,.F.);
#3014=ADVANCED_FACE('',(#659),#559,.F.);
#3015=ADVANCED_FACE('',(#660),#560,.F.);
#3016=ADVANCED_FACE('',(#661),#561,.F.);
#3017=ADVANCED_FACE('',(#662),#17,.F.);
#3018=ADVANCED_FACE('',(#663),#18,.F.);
#3019=ADVANCED_FACE('',(#664),#19,.F.);
#3020=ADVANCED_FACE('',(#665),#20,.F.);
#3021=ADVANCED_FACE('',(#666),#21,.F.);
#3022=ADVANCED_FACE('',(#667),#22,.F.);
#3023=ADVANCED_FACE('',(#668),#23,.F.);
#3024=ADVANCED_FACE('',(#669),#24,.F.);
#3025=ADVANCED_FACE('',(#670),#562,.T.);
#3026=ADVANCED_FACE('',(#671),#563,.T.);
#3027=ADVANCED_FACE('',(#672),#564,.T.);
#3028=ADVANCED_FACE('',(#673),#565,.T.);
#3029=ADVANCED_FACE('',(#674),#566,.T.);
#3030=ADVANCED_FACE('',(#675),#567,.T.);
#3031=ADVANCED_FACE('',(#676),#2955,.T.);
#3032=ADVANCED_FACE('',(#677),#568,.T.);
#3033=ADVANCED_FACE('',(#678),#2956,.T.);
#3034=ADVANCED_FACE('',(#679),#569,.T.);
#3035=ADVANCED_FACE('',(#680),#570,.T.);
#3036=ADVANCED_FACE('',(#681),#571,.T.);
#3037=ADVANCED_FACE('',(#682),#572,.T.);
#3038=ADVANCED_FACE('',(#683),#573,.T.);
#3039=ADVANCED_FACE('',(#684),#2957,.T.);
#3040=ADVANCED_FACE('',(#685),#574,.T.);
#3041=ADVANCED_FACE('',(#686),#2958,.T.);
#3042=ADVANCED_FACE('',(#687),#575,.T.);
#3043=ADVANCED_FACE('',(#688),#576,.T.);
#3044=ADVANCED_FACE('',(#689),#577,.T.);
#3045=ADVANCED_FACE('',(#690),#578,.T.);
#3046=ADVANCED_FACE('',(#691),#579,.T.);
#3047=ADVANCED_FACE('',(#692),#580,.T.);
#3048=ADVANCED_FACE('',(#693),#581,.T.);
#3049=ADVANCED_FACE('',(#694),#582,.T.);
#3050=ADVANCED_FACE('',(#695),#128,.T.);
#3051=ADVANCED_FACE('',(#696),#583,.T.);
#3052=ADVANCED_FACE('',(#697),#129,.T.);
#3053=ADVANCED_FACE('',(#698,#80,#81,#82,#83,#84),#130,.T.);
#3054=ADVANCED_FACE('',(#699),#131,.T.);
#3055=ADVANCED_FACE('',(#700),#584,.T.);
#3056=ADVANCED_FACE('',(#701),#585,.T.);
#3057=ADVANCED_FACE('',(#702),#132,.T.);
#3058=ADVANCED_FACE('',(#703),#133,.T.);
#3059=ADVANCED_FACE('',(#704),#134,.T.);
#3060=ADVANCED_FACE('',(#705),#135,.T.);
#3061=ADVANCED_FACE('',(#706),#136,.T.);
#3062=ADVANCED_FACE('',(#707),#2959,.T.);
#3063=ADVANCED_FACE('',(#708),#2960,.T.);
#3064=ADVANCED_FACE('',(#709),#586,.T.);
#3065=ADVANCED_FACE('',(#710),#2961,.T.);
#3066=ADVANCED_FACE('',(#711),#587,.T.);
#3067=ADVANCED_FACE('',(#712),#137,.T.);
#3068=ADVANCED_FACE('',(#713),#588,.F.);
#3069=ADVANCED_FACE('',(#714),#138,.T.);
#3070=ADVANCED_FACE('',(#715),#589,.F.);
#3071=ADVANCED_FACE('',(#716),#139,.T.);
#3072=ADVANCED_FACE('',(#717),#2962,.T.);
#3073=ADVANCED_FACE('',(#718),#140,.T.);
#3074=ADVANCED_FACE('',(#719),#590,.T.);
#3075=ADVANCED_FACE('',(#720),#2963,.T.);
#3076=ADVANCED_FACE('',(#721),#591,.T.);
#3077=ADVANCED_FACE('',(#722),#2964,.T.);
#3078=ADVANCED_FACE('',(#723),#592,.T.);
#3079=ADVANCED_FACE('',(#724),#141,.T.);
#3080=ADVANCED_FACE('',(#725),#142,.T.);
#3081=ADVANCED_FACE('',(#726),#593,.T.);
#3082=ADVANCED_FACE('',(#727),#143,.T.);
#3083=ADVANCED_FACE('',(#728),#594,.T.);
#3084=ADVANCED_FACE('',(#729),#144,.T.);
#3085=ADVANCED_FACE('',(#730,#85),#145,.F.);
#3086=ADVANCED_FACE('',(#731),#146,.T.);
#3087=ADVANCED_FACE('',(#732),#147,.T.);
#3088=ADVANCED_FACE('',(#733,#86),#148,.F.);
#3089=ADVANCED_FACE('',(#734,#87),#149,.F.);
#3090=ADVANCED_FACE('',(#735,#88),#150,.F.);
#3091=ADVANCED_FACE('',(#736,#89),#151,.F.);
#3092=ADVANCED_FACE('',(#737,#90),#152,.F.);
#3093=ADVANCED_FACE('',(#738),#595,.F.);
#3094=ADVANCED_FACE('',(#739),#596,.F.);
#3095=ADVANCED_FACE('',(#740),#597,.F.);
#3096=ADVANCED_FACE('',(#741),#598,.F.);
#3097=ADVANCED_FACE('',(#742),#599,.F.);
#3098=ADVANCED_FACE('',(#743),#600,.F.);
#3099=ADVANCED_FACE('',(#744),#601,.F.);
#3100=ADVANCED_FACE('',(#745),#602,.F.);
#3101=ADVANCED_FACE('',(#746),#2965,.T.);
#3102=ADVANCED_FACE('',(#747),#2966,.T.);
#3103=ADVANCED_FACE('',(#748),#2967,.T.);
#3104=ADVANCED_FACE('',(#749),#2968,.T.);
#3105=ADVANCED_FACE('',(#750),#2969,.T.);
#3106=ADVANCED_FACE('',(#751),#153,.T.);
#3107=ADVANCED_FACE('',(#752),#603,.F.);
#3108=ADVANCED_FACE('',(#753),#2970,.T.);
#3109=ADVANCED_FACE('',(#754),#2971,.T.);
#3110=ADVANCED_FACE('',(#755),#604,.T.);
#3111=ADVANCED_FACE('',(#756),#154,.T.);
#3112=ADVANCED_FACE('',(#757),#605,.T.);
#3113=ADVANCED_FACE('',(#758),#155,.T.);
#3114=ADVANCED_FACE('',(#759,#91,#92,#93,#94),#156,.T.);
#3115=ADVANCED_FACE('',(#760),#606,.F.);
#3116=ADVANCED_FACE('',(#761),#607,.T.);
#3117=ADVANCED_FACE('',(#762),#2972,.T.);
#3118=ADVANCED_FACE('',(#763,#95,#96,#97,#98,#99,#100,#101,#102,#103,#104,
#105),#157,.F.);
#3119=ADVANCED_FACE('',(#764),#608,.F.);
#3120=ADVANCED_FACE('',(#765),#2973,.T.);
#3121=ADVANCED_FACE('',(#766),#609,.F.);
#3122=ADVANCED_FACE('',(#767),#2974,.T.);
#3123=ADVANCED_FACE('',(#768),#610,.F.);
#3124=ADVANCED_FACE('',(#769),#2975,.T.);
#3125=ADVANCED_FACE('',(#770),#611,.F.);
#3126=ADVANCED_FACE('',(#771),#2976,.T.);
#3127=ADVANCED_FACE('',(#772),#612,.F.);
#3128=ADVANCED_FACE('',(#773),#2977,.T.);
#3129=ADVANCED_FACE('',(#774),#613,.F.);
#3130=ADVANCED_FACE('',(#775),#2978,.T.);
#3131=ADVANCED_FACE('',(#776),#614,.F.);
#3132=ADVANCED_FACE('',(#777),#2979,.T.);
#3133=ADVANCED_FACE('',(#778),#615,.F.);
#3134=ADVANCED_FACE('',(#779),#2980,.T.);
#3135=ADVANCED_FACE('',(#780),#616,.F.);
#3136=ADVANCED_FACE('',(#781),#2981,.T.);
#3137=ADVANCED_FACE('',(#782),#617,.F.);
#3138=ADVANCED_FACE('',(#783),#618,.T.);
#3139=ADVANCED_FACE('',(#784),#158,.T.);
#3140=ADVANCED_FACE('',(#785,#106,#107,#108,#109,#110,#111,#112,#113,#114,
#115,#116),#159,.T.);
#3141=ADVANCED_FACE('',(#786),#160,.T.);
#3142=ADVANCED_FACE('',(#787),#161,.T.);
#3143=ADVANCED_FACE('',(#788),#162,.T.);
#3144=ADVANCED_FACE('',(#789),#619,.T.);
#3145=ADVANCED_FACE('',(#790),#163,.T.);
#3146=ADVANCED_FACE('',(#791),#620,.T.);
#3147=ADVANCED_FACE('',(#792),#2982,.T.);
#3148=ADVANCED_FACE('',(#793),#621,.F.);
#3149=ADVANCED_FACE('',(#794),#2983,.T.);
#3150=ADVANCED_FACE('',(#795),#622,.F.);
#3151=ADVANCED_FACE('',(#796),#2984,.T.);
#3152=ADVANCED_FACE('',(#797),#623,.F.);
#3153=ADVANCED_FACE('',(#798),#2985,.T.);
#3154=ADVANCED_FACE('',(#799),#624,.F.);
#3155=ADVANCED_FACE('',(#800),#625,.F.);
#3156=ADVANCED_FACE('',(#801),#164,.T.);
#3157=ADVANCED_FACE('',(#802),#626,.F.);
#3158=ADVANCED_FACE('',(#803),#165,.T.);
#3159=ADVANCED_FACE('',(#804),#627,.F.);
#3160=ADVANCED_FACE('',(#805),#166,.T.);
#3161=ADVANCED_FACE('',(#806),#628,.F.);
#3162=ADVANCED_FACE('',(#807),#629,.T.);
#3163=ADVANCED_FACE('',(#808),#630,.T.);
#3164=ADVANCED_FACE('',(#809,#117),#167,.F.);
#3165=ADVANCED_FACE('',(#810,#118),#168,.F.);
#3166=ADVANCED_FACE('',(#811,#119),#169,.F.);
#3167=ADVANCED_FACE('',(#812,#120),#170,.F.);
#3168=ADVANCED_FACE('',(#813),#171,.T.);
#3169=CLOSED_SHELL('',(#2986,#2987,#2988,#2989,#2990,#2991,#2992,#2993,
#2994,#2995,#2996,#2997,#2998,#2999,#3000,#3001,#3002,#3003,#3004,#3005,
#3006,#3007,#3008,#3009,#3010,#3011,#3012,#3013,#3014,#3015,#3016,#3017,
#3018,#3019,#3020,#3021,#3022,#3023,#3024,#3025,#3026,#3027,#3028,#3029,
#3030,#3031,#3032,#3033,#3034,#3035,#3036,#3037,#3038,#3039,#3040,#3041,
#3042,#3043,#3044,#3045,#3046,#3047,#3048,#3049,#3050,#3051,#3052,#3053,
#3054,#3055,#3056,#3057,#3058,#3059,#3060,#3061,#3062,#3063,#3064,#3065,
#3066,#3067,#3068,#3069,#3070,#3071,#3072,#3073,#3074,#3075,#3076,#3077,
#3078,#3079,#3080,#3081,#3082,#3083,#3084,#3085,#3086,#3087,#3088,#3089,
#3090,#3091,#3092,#3093,#3094,#3095,#3096,#3097,#3098,#3099,#3100,#3101,
#3102,#3103,#3104,#3105,#3106,#3107,#3108,#3109,#3110,#3111,#3112,#3113,
#3114,#3115,#3116));
#3170=CLOSED_SHELL('',(#3117,#3118,#3119,#3120,#3121,#3122,#3123,#3124,
#3125,#3126,#3127,#3128,#3129,#3130,#3131,#3132,#3133,#3134,#3135,#3136,
#3137,#3138,#3139,#3140,#3141,#3142,#3143,#3144,#3145,#3146,#3147,#3148,
#3149,#3150,#3151,#3152,#3153,#3154,#3155,#3156,#3157,#3158,#3159,#3160,
#3161,#3162,#3163,#3164,#3165,#3166,#3167,#3168));
#3171=DERIVED_UNIT_ELEMENT(#3173,1.);
#3172=DERIVED_UNIT_ELEMENT(#5910,-3.);
#3173=(
MASS_UNIT()
NAMED_UNIT(*)
SI_UNIT(.KILO.,.GRAM.)
);
#3174=DERIVED_UNIT((#3171,#3172));
#3175=MEASURE_REPRESENTATION_ITEM('density measure',
POSITIVE_RATIO_MEASURE(7850.),#3174);
#3176=PROPERTY_DEFINITION_REPRESENTATION(#3181,#3178);
#3177=PROPERTY_DEFINITION_REPRESENTATION(#3182,#3179);
#3178=REPRESENTATION('material name',(#3180),#5907);
#3179=REPRESENTATION('density',(#3175),#5907);
#3180=DESCRIPTIVE_REPRESENTATION_ITEM('Steel','Steel');
#3181=PROPERTY_DEFINITION('material property','material name',#5917);
#3182=PROPERTY_DEFINITION('material property','density of part',#5917);
#3183=AXIS2_PLACEMENT_3D('',#4684,#3620,#3621);
#3184=AXIS2_PLACEMENT_3D('',#4685,#3622,#3623);
#3185=AXIS2_PLACEMENT_3D('',#4687,#3624,#3625);
#3186=AXIS2_PLACEMENT_3D('',#4689,#3626,#3627);
#3187=AXIS2_PLACEMENT_3D('',#4690,#3628,#3629);
#3188=AXIS2_PLACEMENT_3D('',#4691,#3630,#3631);
#3189=AXIS2_PLACEMENT_3D('',#4694,#3633,#3634);
#3190=AXIS2_PLACEMENT_3D('',#4695,#3635,#3636);
#3191=AXIS2_PLACEMENT_3D('',#4698,#3637,#3638);
#3192=AXIS2_PLACEMENT_3D('',#4702,#3640,#3641);
#3193=AXIS2_PLACEMENT_3D('',#4706,#3643,#3644);
#3194=AXIS2_PLACEMENT_3D('',#4710,#3646,#3647);
#3195=AXIS2_PLACEMENT_3D('',#4713,#3649,#3650);
#3196=AXIS2_PLACEMENT_3D('',#4715,#3651,#3652);
#3197=AXIS2_PLACEMENT_3D('',#4717,#3653,#3654);
#3198=AXIS2_PLACEMENT_3D('',#4719,#3655,#3656);
#3199=AXIS2_PLACEMENT_3D('',#4721,#3657,#3658);
#3200=AXIS2_PLACEMENT_3D('',#4723,#3659,#3660);
#3201=AXIS2_PLACEMENT_3D('',#4728,#3662,#3663);
#3202=AXIS2_PLACEMENT_3D('',#4732,#3665,#3666);
#3203=AXIS2_PLACEMENT_3D('',#4736,#3668,#3669);
#3204=AXIS2_PLACEMENT_3D('',#4740,#3671,#3672);
#3205=AXIS2_PLACEMENT_3D('',#4743,#3674,#3675);
#3206=AXIS2_PLACEMENT_3D('',#4745,#3676,#3677);
#3207=AXIS2_PLACEMENT_3D('',#4747,#3678,#3679);
#3208=AXIS2_PLACEMENT_3D('',#4749,#3680,#3681);
#3209=AXIS2_PLACEMENT_3D('',#4750,#3682,#3683);
#3210=AXIS2_PLACEMENT_3D('',#4752,#3684,#3685);
#3211=AXIS2_PLACEMENT_3D('',#4753,#3686,#3687);
#3212=AXIS2_PLACEMENT_3D('',#4754,#3688,#3689);
#3213=AXIS2_PLACEMENT_3D('',#4757,#3691,#3692);
#3214=AXIS2_PLACEMENT_3D('',#4758,#3693,#3694);
#3215=AXIS2_PLACEMENT_3D('',#4760,#3695,#3696);
#3216=AXIS2_PLACEMENT_3D('',#4761,#3697,#3698);
#3217=AXIS2_PLACEMENT_3D('',#4762,#3699,#3700);
#3218=AXIS2_PLACEMENT_3D('',#4765,#3702,#3703);
#3219=AXIS2_PLACEMENT_3D('',#4766,#3704,#3705);
#3220=AXIS2_PLACEMENT_3D('',#4769,#3706,#3707);
#3221=AXIS2_PLACEMENT_3D('',#4770,#3708,#3709);
#3222=AXIS2_PLACEMENT_3D('',#4771,#3710,#3711);
#3223=AXIS2_PLACEMENT_3D('',#4772,#3712,#3713);
#3224=AXIS2_PLACEMENT_3D('',#4775,#3715,#3716);
#3225=AXIS2_PLACEMENT_3D('',#4776,#3717,#3718);
#3226=AXIS2_PLACEMENT_3D('',#4778,#3719,#3720);
#3227=AXIS2_PLACEMENT_3D('',#4779,#3721,#3722);
#3228=AXIS2_PLACEMENT_3D('',#4780,#3723,#3724);
#3229=AXIS2_PLACEMENT_3D('',#4783,#3726,#3727);
#3230=AXIS2_PLACEMENT_3D('',#4784,#3728,#3729);
#3231=AXIS2_PLACEMENT_3D('',#4786,#3730,#3731);
#3232=AXIS2_PLACEMENT_3D('',#4787,#3732,#3733);
#3233=AXIS2_PLACEMENT_3D('',#4788,#3734,#3735);
#3234=AXIS2_PLACEMENT_3D('',#4791,#3737,#3738);
#3235=AXIS2_PLACEMENT_3D('',#4792,#3739,#3740);
#3236=AXIS2_PLACEMENT_3D('',#4795,#3741,#3742);
#3237=AXIS2_PLACEMENT_3D('',#4797,#3743,#3744);
#3238=AXIS2_PLACEMENT_3D('',#4798,#3745,#3746);
#3239=AXIS2_PLACEMENT_3D('',#4799,#3747,#3748);
#3240=AXIS2_PLACEMENT_3D('',#4800,#3749,#3750);
#3241=AXIS2_PLACEMENT_3D('',#4810,#3755,#3756);
#3242=AXIS2_PLACEMENT_3D('',#4811,#3757,#3758);
#3243=AXIS2_PLACEMENT_3D('',#4814,#3759,#3760);
#3244=AXIS2_PLACEMENT_3D('',#4815,#3761,#3762);
#3245=AXIS2_PLACEMENT_3D('',#4816,#3763,#3764);
#3246=AXIS2_PLACEMENT_3D('',#4817,#3765,#3766);
#3247=AXIS2_PLACEMENT_3D('',#4820,#3767,#3768);
#3248=AXIS2_PLACEMENT_3D('',#4822,#3769,#3770);
#3249=AXIS2_PLACEMENT_3D('',#4823,#3771,#3772);
#3250=AXIS2_PLACEMENT_3D('',#4824,#3773,#3774);
#3251=AXIS2_PLACEMENT_3D('',#4825,#3775,#3776);
#3252=AXIS2_PLACEMENT_3D('',#4835,#3781,#3782);
#3253=AXIS2_PLACEMENT_3D('',#4836,#3783,#3784);
#3254=AXIS2_PLACEMENT_3D('',#4839,#3785,#3786);
#3255=AXIS2_PLACEMENT_3D('',#4840,#3787,#3788);
#3256=AXIS2_PLACEMENT_3D('',#4841,#3789,#3790);
#3257=AXIS2_PLACEMENT_3D('',#4842,#3791,#3792);
#3258=AXIS2_PLACEMENT_3D('',#4844,#3793,#3794);
#3259=AXIS2_PLACEMENT_3D('',#4845,#3795,#3796);
#3260=AXIS2_PLACEMENT_3D('',#4846,#3797,#3798);
#3261=AXIS2_PLACEMENT_3D('',#4848,#3799,#3800);
#3262=AXIS2_PLACEMENT_3D('',#4849,#3801,#3802);
#3263=AXIS2_PLACEMENT_3D('',#4851,#3803,#3804);
#3264=AXIS2_PLACEMENT_3D('',#4852,#3805,#3806);
#3265=AXIS2_PLACEMENT_3D('',#4853,#3807,#3808);
#3266=AXIS2_PLACEMENT_3D('',#4855,#3809,#3810);
#3267=AXIS2_PLACEMENT_3D('',#4856,#3811,#3812);
#3268=AXIS2_PLACEMENT_3D('',#4858,#3813,#3814);
#3269=AXIS2_PLACEMENT_3D('',#4859,#3815,#3816);
#3270=AXIS2_PLACEMENT_3D('',#4860,#3817,#3818);
#3271=AXIS2_PLACEMENT_3D('',#4862,#3819,#3820);
#3272=AXIS2_PLACEMENT_3D('',#4863,#3821,#3822);
#3273=AXIS2_PLACEMENT_3D('',#4865,#3823,#3824);
#3274=AXIS2_PLACEMENT_3D('',#4866,#3825,#3826);
#3275=AXIS2_PLACEMENT_3D('',#4867,#3827,#3828);
#3276=AXIS2_PLACEMENT_3D('',#4869,#3829,#3830);
#3277=AXIS2_PLACEMENT_3D('',#4870,#3831,#3832);
#3278=AXIS2_PLACEMENT_3D('',#4873,#3834,#3835);
#3279=AXIS2_PLACEMENT_3D('',#4874,#3836,#3837);
#3280=AXIS2_PLACEMENT_3D('',#4877,#3839,#3840);
#3281=AXIS2_PLACEMENT_3D('',#4878,#3841,#3842);
#3282=AXIS2_PLACEMENT_3D('',#4882,#3844,#3845);
#3283=AXIS2_PLACEMENT_3D('',#4899,#3846,#3847);
#3284=AXIS2_PLACEMENT_3D('',#4901,#3848,#3849);
#3285=AXIS2_PLACEMENT_3D('',#4902,#3850,#3851);
#3286=AXIS2_PLACEMENT_3D('',#4903,#3852,#3853);
#3287=AXIS2_PLACEMENT_3D('',#4907,#3855,#3856);
#3288=AXIS2_PLACEMENT_3D('',#4924,#3857,#3858);
#3289=AXIS2_PLACEMENT_3D('',#4926,#3859,#3860);
#3290=AXIS2_PLACEMENT_3D('',#4927,#3861,#3862);
#3291=AXIS2_PLACEMENT_3D('',#4959,#3863,#3864);
#3292=AXIS2_PLACEMENT_3D('',#4961,#3865,#3866);
#3293=AXIS2_PLACEMENT_3D('',#4962,#3867,#3868);
#3294=AXIS2_PLACEMENT_3D('',#4994,#3869,#3870);
#3295=AXIS2_PLACEMENT_3D('',#4996,#3871,#3872);
#3296=AXIS2_PLACEMENT_3D('',#4997,#3873,#3874);
#3297=AXIS2_PLACEMENT_3D('',#5030,#3875,#3876);
#3298=AXIS2_PLACEMENT_3D('',#5031,#3877,#3878);
#3299=AXIS2_PLACEMENT_3D('',#5032,#3879,#3880);
#3300=AXIS2_PLACEMENT_3D('',#5064,#3881,#3882);
#3301=AXIS2_PLACEMENT_3D('',#5066,#3883,#3884);
#3302=AXIS2_PLACEMENT_3D('',#5067,#3885,#3886);
#3303=AXIS2_PLACEMENT_3D('',#5099,#3887,#3888);
#3304=AXIS2_PLACEMENT_3D('',#5101,#3889,#3890);
#3305=AXIS2_PLACEMENT_3D('',#5102,#3891,#3892);
#3306=AXIS2_PLACEMENT_3D('',#5134,#3893,#3894);
#3307=AXIS2_PLACEMENT_3D('',#5136,#3895,#3896);
#3308=AXIS2_PLACEMENT_3D('',#5137,#3897,#3898);
#3309=AXIS2_PLACEMENT_3D('',#5170,#3899,#3900);
#3310=AXIS2_PLACEMENT_3D('',#5171,#3901,#3902);
#3311=AXIS2_PLACEMENT_3D('',#5172,#3903,#3904);
#3312=AXIS2_PLACEMENT_3D('',#5204,#3905,#3906);
#3313=AXIS2_PLACEMENT_3D('',#5206,#3907,#3908);
#3314=AXIS2_PLACEMENT_3D('',#5207,#3909,#3910);
#3315=AXIS2_PLACEMENT_3D('',#5208,#3911,#3912);
#3316=AXIS2_PLACEMENT_3D('',#5212,#3914,#3915);
#3317=AXIS2_PLACEMENT_3D('',#5214,#3917,#3918);
#3318=AXIS2_PLACEMENT_3D('',#5219,#3921,#3922);
#3319=AXIS2_PLACEMENT_3D('',#5220,#3923,#3924);
#3320=AXIS2_PLACEMENT_3D('',#5223,#3927,#3928);
#3321=AXIS2_PLACEMENT_3D('',#5225,#3930,#3931);
#3322=AXIS2_PLACEMENT_3D('',#5229,#3933,#3934);
#3323=AXIS2_PLACEMENT_3D('',#5231,#3936,#3937);
#3324=AXIS2_PLACEMENT_3D('',#5235,#3939,#3940);
#3325=AXIS2_PLACEMENT_3D('',#5237,#3942,#3943);
#3326=AXIS2_PLACEMENT_3D('',#5240,#3944,#3945);
#3327=AXIS2_PLACEMENT_3D('',#5241,#3946,#3947);
#3328=AXIS2_PLACEMENT_3D('',#5242,#3948,#3949);
#3329=AXIS2_PLACEMENT_3D('',#5243,#3950,#3951);
#3330=AXIS2_PLACEMENT_3D('',#5246,#3952,#3953);
#3331=AXIS2_PLACEMENT_3D('',#5249,#3956,#3957);
#3332=AXIS2_PLACEMENT_3D('',#5252,#3958,#3959);
#3333=AXIS2_PLACEMENT_3D('',#5253,#3960,#3961);
#3334=AXIS2_PLACEMENT_3D('',#5254,#3962,#3963);
#3335=AXIS2_PLACEMENT_3D('',#5255,#3964,#3965);
#3336=AXIS2_PLACEMENT_3D('',#5260,#3968,#3969);
#3337=AXIS2_PLACEMENT_3D('',#5261,#3970,#3971);
#3338=AXIS2_PLACEMENT_3D('',#5264,#3974,#3975);
#3339=AXIS2_PLACEMENT_3D('',#5266,#3977,#3978);
#3340=AXIS2_PLACEMENT_3D('',#5271,#3980,#3981);
#3341=AXIS2_PLACEMENT_3D('',#5274,#3983,#3984);
#3342=AXIS2_PLACEMENT_3D('',#5275,#3985,#3986);
#3343=AXIS2_PLACEMENT_3D('',#5278,#3989,#3990);
#3344=AXIS2_PLACEMENT_3D('',#5281,#3991,#3992);
#3345=AXIS2_PLACEMENT_3D('',#5282,#3993,#3994);
#3346=AXIS2_PLACEMENT_3D('',#5283,#3995,#3996);
#3347=AXIS2_PLACEMENT_3D('',#5284,#3997,#3998);
#3348=AXIS2_PLACEMENT_3D('',#5287,#3999,#4000);
#3349=AXIS2_PLACEMENT_3D('',#5290,#4003,#4004);
#3350=AXIS2_PLACEMENT_3D('',#5293,#4005,#4006);
#3351=AXIS2_PLACEMENT_3D('',#5294,#4007,#4008);
#3352=AXIS2_PLACEMENT_3D('',#5295,#4009,#4010);
#3353=AXIS2_PLACEMENT_3D('',#5296,#4011,#4012);
#3354=AXIS2_PLACEMENT_3D('',#5301,#4015,#4016);
#3355=AXIS2_PLACEMENT_3D('',#5302,#4017,#4018);
#3356=AXIS2_PLACEMENT_3D('',#5305,#4021,#4022);
#3357=AXIS2_PLACEMENT_3D('',#5307,#4024,#4025);
#3358=AXIS2_PLACEMENT_3D('',#5312,#4027,#4028);
#3359=AXIS2_PLACEMENT_3D('',#5315,#4030,#4031);
#3360=AXIS2_PLACEMENT_3D('',#5316,#4032,#4033);
#3361=AXIS2_PLACEMENT_3D('',#5319,#4036,#4037);
#3362=AXIS2_PLACEMENT_3D('',#5322,#4040,#4041);
#3363=AXIS2_PLACEMENT_3D('',#5324,#4043,#4044);
#3364=AXIS2_PLACEMENT_3D('',#5327,#4047,#4048);
#3365=AXIS2_PLACEMENT_3D('',#5329,#4050,#4051);
#3366=AXIS2_PLACEMENT_3D('',#5331,#4053,#4054);
#3367=AXIS2_PLACEMENT_3D('',#5333,#4056,#4057);
#3368=AXIS2_PLACEMENT_3D('',#5339,#4060,#4061);
#3369=AXIS2_PLACEMENT_3D('',#5341,#4062,#4063);
#3370=AXIS2_PLACEMENT_3D('',#5345,#4065,#4066);
#3371=AXIS2_PLACEMENT_3D('',#5349,#4068,#4069);
#3372=AXIS2_PLACEMENT_3D('',#5353,#4071,#4072);
#3373=AXIS2_PLACEMENT_3D('',#5358,#4075,#4076);
#3374=AXIS2_PLACEMENT_3D('',#5359,#4077,#4078);
#3375=AXIS2_PLACEMENT_3D('',#5361,#4079,#4080);
#3376=AXIS2_PLACEMENT_3D('',#5368,#4084,#4085);
#3377=AXIS2_PLACEMENT_3D('',#5370,#4087,#4088);
#3378=AXIS2_PLACEMENT_3D('',#5371,#4089,#4090);
#3379=AXIS2_PLACEMENT_3D('',#5373,#4092,#4093);
#3380=AXIS2_PLACEMENT_3D('',#5377,#4095,#4096);
#3381=AXIS2_PLACEMENT_3D('',#5385,#4100,#4101);
#3382=AXIS2_PLACEMENT_3D('',#5387,#4103,#4104);
#3383=AXIS2_PLACEMENT_3D('',#5391,#4107,#4108);
#3384=AXIS2_PLACEMENT_3D('',#5394,#4111,#4112);
#3385=AXIS2_PLACEMENT_3D('',#5400,#4116,#4117);
#3386=AXIS2_PLACEMENT_3D('',#5403,#4120,#4121);
#3387=AXIS2_PLACEMENT_3D('',#5406,#4122,#4123);
#3388=AXIS2_PLACEMENT_3D('',#5438,#4124,#4125);
#3389=AXIS2_PLACEMENT_3D('',#5440,#4126,#4127);
#3390=AXIS2_PLACEMENT_3D('',#5442,#4128,#4129);
#3391=AXIS2_PLACEMENT_3D('',#5443,#4130,#4131);
#3392=AXIS2_PLACEMENT_3D('',#5444,#4132,#4133);
#3393=AXIS2_PLACEMENT_3D('',#5446,#4134,#4135);
#3394=AXIS2_PLACEMENT_3D('',#5448,#4137,#4138);
#3395=AXIS2_PLACEMENT_3D('',#5450,#4139,#4140);
#3396=AXIS2_PLACEMENT_3D('',#5451,#4141,#4142);
#3397=AXIS2_PLACEMENT_3D('',#5452,#4143,#4144);
#3398=AXIS2_PLACEMENT_3D('',#5454,#4146,#4147);
#3399=AXIS2_PLACEMENT_3D('',#5457,#4150,#4151);
#3400=AXIS2_PLACEMENT_3D('',#5459,#4153,#4154);
#3401=AXIS2_PLACEMENT_3D('',#5461,#4156,#4157);
#3402=AXIS2_PLACEMENT_3D('',#5463,#4159,#4160);
#3403=AXIS2_PLACEMENT_3D('',#5467,#4163,#4164);
#3404=AXIS2_PLACEMENT_3D('',#5483,#4165,#4166);
#3405=AXIS2_PLACEMENT_3D('',#5485,#4167,#4168);
#3406=AXIS2_PLACEMENT_3D('',#5486,#4169,#4170);
#3407=AXIS2_PLACEMENT_3D('',#5487,#4171,#4172);
#3408=AXIS2_PLACEMENT_3D('',#5492,#4175,#4176);
#3409=AXIS2_PLACEMENT_3D('',#5500,#4180,#4181);
#3410=AXIS2_PLACEMENT_3D('',#5502,#4183,#4184);
#3411=AXIS2_PLACEMENT_3D('',#5506,#4186,#4187);
#3412=AXIS2_PLACEMENT_3D('',#5510,#4190,#4191);
#3413=AXIS2_PLACEMENT_3D('',#5512,#4193,#4194);
#3414=AXIS2_PLACEMENT_3D('',#5515,#4195,#4196);
#3415=AXIS2_PLACEMENT_3D('',#5516,#4197,#4198);
#3416=AXIS2_PLACEMENT_3D('',#5517,#4199,#4200);
#3417=AXIS2_PLACEMENT_3D('',#5518,#4201,#4202);
#3418=AXIS2_PLACEMENT_3D('',#5521,#4203,#4204);
#3419=AXIS2_PLACEMENT_3D('',#5524,#4207,#4208);
#3420=AXIS2_PLACEMENT_3D('',#5526,#4209,#4210);
#3421=AXIS2_PLACEMENT_3D('',#5527,#4211,#4212);
#3422=AXIS2_PLACEMENT_3D('',#5528,#4213,#4214);
#3423=AXIS2_PLACEMENT_3D('',#5529,#4215,#4216);
#3424=AXIS2_PLACEMENT_3D('',#5533,#4219,#4220);
#3425=AXIS2_PLACEMENT_3D('',#5535,#4222,#4223);
#3426=AXIS2_PLACEMENT_3D('',#5538,#4226,#4227);
#3427=AXIS2_PLACEMENT_3D('',#5540,#4229,#4230);
#3428=AXIS2_PLACEMENT_3D('',#5542,#4232,#4233);
#3429=AXIS2_PLACEMENT_3D('',#5547,#4237,#4238);
#3430=AXIS2_PLACEMENT_3D('',#5548,#4239,#4240);
#3431=AXIS2_PLACEMENT_3D('',#5550,#4242,#4243);
#3432=AXIS2_PLACEMENT_3D('',#5552,#4245,#4246);
#3433=AXIS2_PLACEMENT_3D('',#5553,#4247,#4248);
#3434=AXIS2_PLACEMENT_3D('',#5555,#4250,#4251);
#3435=AXIS2_PLACEMENT_3D('',#5556,#4252,#4253);
#3436=AXIS2_PLACEMENT_3D('',#5558,#4254,#4255);
#3437=AXIS2_PLACEMENT_3D('',#5560,#4256,#4257);
#3438=AXIS2_PLACEMENT_3D('',#5561,#4258,#4259);
#3439=AXIS2_PLACEMENT_3D('',#5563,#4260,#4261);
#3440=AXIS2_PLACEMENT_3D('',#5565,#4262,#4263);
#3441=AXIS2_PLACEMENT_3D('',#5566,#4264,#4265);
#3442=AXIS2_PLACEMENT_3D('',#5568,#4266,#4267);
#3443=AXIS2_PLACEMENT_3D('',#5570,#4268,#4269);
#3444=AXIS2_PLACEMENT_3D('',#5571,#4270,#4271);
#3445=AXIS2_PLACEMENT_3D('',#5573,#4272,#4273);
#3446=AXIS2_PLACEMENT_3D('',#5575,#4274,#4275);
#3447=AXIS2_PLACEMENT_3D('',#5576,#4276,#4277);
#3448=AXIS2_PLACEMENT_3D('',#5580,#4279,#4280);
#3449=AXIS2_PLACEMENT_3D('',#5581,#4281,#4282);
#3450=AXIS2_PLACEMENT_3D('',#5582,#4283,#4284);
#3451=AXIS2_PLACEMENT_3D('',#5586,#4286,#4287);
#3452=AXIS2_PLACEMENT_3D('',#5587,#4288,#4289);
#3453=AXIS2_PLACEMENT_3D('',#5588,#4290,#4291);
#3454=AXIS2_PLACEMENT_3D('',#5590,#4292,#4293);
#3455=AXIS2_PLACEMENT_3D('',#5592,#4295,#4296);
#3456=AXIS2_PLACEMENT_3D('',#5594,#4297,#4298);
#3457=AXIS2_PLACEMENT_3D('',#5596,#4300,#4301);
#3458=AXIS2_PLACEMENT_3D('',#5598,#4302,#4303);
#3459=AXIS2_PLACEMENT_3D('',#5600,#4305,#4306);
#3460=AXIS2_PLACEMENT_3D('',#5602,#4307,#4308);
#3461=AXIS2_PLACEMENT_3D('',#5604,#4310,#4311);
#3462=AXIS2_PLACEMENT_3D('',#5606,#4313,#4314);
#3463=AXIS2_PLACEMENT_3D('',#5610,#4316,#4317);
#3464=AXIS2_PLACEMENT_3D('',#5611,#4318,#4319);
#3465=AXIS2_PLACEMENT_3D('',#5612,#4320,#4321);
#3466=AXIS2_PLACEMENT_3D('',#5614,#4322,#4323);
#3467=AXIS2_PLACEMENT_3D('',#5615,#4324,#4325);
#3468=AXIS2_PLACEMENT_3D('',#5616,#4326,#4327);
#3469=AXIS2_PLACEMENT_3D('',#5618,#4328,#4329);
#3470=AXIS2_PLACEMENT_3D('',#5619,#4330,#4331);
#3471=AXIS2_PLACEMENT_3D('',#5620,#4332,#4333);
#3472=AXIS2_PLACEMENT_3D('',#5621,#4334,#4335);
#3473=AXIS2_PLACEMENT_3D('',#5622,#4336,#4337);
#3474=AXIS2_PLACEMENT_3D('',#5623,#4338,#4339);
#3475=AXIS2_PLACEMENT_3D('',#5624,#4340,#4341);
#3476=AXIS2_PLACEMENT_3D('',#5625,#4342,#4343);
#3477=AXIS2_PLACEMENT_3D('',#5626,#4344,#4345);
#3478=AXIS2_PLACEMENT_3D('',#5629,#4348,#4349);
#3479=AXIS2_PLACEMENT_3D('',#5630,#4350,#4351);
#3480=AXIS2_PLACEMENT_3D('',#5631,#4352,#4353);
#3481=AXIS2_PLACEMENT_3D('',#5632,#4354,#4355);
#3482=AXIS2_PLACEMENT_3D('',#5633,#4356,#4357);
#3483=AXIS2_PLACEMENT_3D('',#5634,#4358,#4359);
#3484=AXIS2_PLACEMENT_3D('',#5636,#4361,#4362);
#3485=AXIS2_PLACEMENT_3D('',#5638,#4364,#4365);
#3486=AXIS2_PLACEMENT_3D('',#5639,#4366,#4367);
#3487=AXIS2_PLACEMENT_3D('',#5640,#4368,#4369);
#3488=AXIS2_PLACEMENT_3D('',#5641,#4370,#4371);
#3489=AXIS2_PLACEMENT_3D('',#5642,#4372,#4373);
#3490=AXIS2_PLACEMENT_3D('',#5643,#4374,#4375);
#3491=AXIS2_PLACEMENT_3D('',#5645,#4376,#4377);
#3492=AXIS2_PLACEMENT_3D('',#5647,#4378,#4379);
#3493=AXIS2_PLACEMENT_3D('',#5648,#4380,#4381);
#3494=AXIS2_PLACEMENT_3D('',#5649,#4382,#4383);
#3495=AXIS2_PLACEMENT_3D('',#5654,#4385,#4386);
#3496=AXIS2_PLACEMENT_3D('',#5658,#4388,#4389);
#3497=AXIS2_PLACEMENT_3D('',#5662,#4391,#4392);
#3498=AXIS2_PLACEMENT_3D('',#5665,#4394,#4395);
#3499=AXIS2_PLACEMENT_3D('',#5667,#4396,#4397);
#3500=AXIS2_PLACEMENT_3D('',#5669,#4398,#4399);
#3501=AXIS2_PLACEMENT_3D('',#5671,#4400,#4401);
#3502=AXIS2_PLACEMENT_3D('',#5673,#4402,#4403);
#3503=AXIS2_PLACEMENT_3D('',#5675,#4404,#4405);
#3504=AXIS2_PLACEMENT_3D('',#5680,#4407,#4408);
#3505=AXIS2_PLACEMENT_3D('',#5684,#4410,#4411);
#3506=AXIS2_PLACEMENT_3D('',#5688,#4413,#4414);
#3507=AXIS2_PLACEMENT_3D('',#5692,#4416,#4417);
#3508=AXIS2_PLACEMENT_3D('',#5695,#4419,#4420);
#3509=AXIS2_PLACEMENT_3D('',#5697,#4421,#4422);
#3510=AXIS2_PLACEMENT_3D('',#5699,#4423,#4424);
#3511=AXIS2_PLACEMENT_3D('',#5701,#4425,#4426);
#3512=AXIS2_PLACEMENT_3D('',#5703,#4427,#4428);
#3513=AXIS2_PLACEMENT_3D('',#5704,#4429,#4430);
#3514=AXIS2_PLACEMENT_3D('',#5707,#4432,#4433);
#3515=AXIS2_PLACEMENT_3D('',#5708,#4434,#4435);
#3516=AXIS2_PLACEMENT_3D('',#5710,#4436,#4437);
#3517=AXIS2_PLACEMENT_3D('',#5711,#4438,#4439);
#3518=AXIS2_PLACEMENT_3D('',#5712,#4440,#4441);
#3519=AXIS2_PLACEMENT_3D('',#5715,#4443,#4444);
#3520=AXIS2_PLACEMENT_3D('',#5716,#4445,#4446);
#3521=AXIS2_PLACEMENT_3D('',#5718,#4447,#4448);
#3522=AXIS2_PLACEMENT_3D('',#5719,#4449,#4450);
#3523=AXIS2_PLACEMENT_3D('',#5720,#4451,#4452);
#3524=AXIS2_PLACEMENT_3D('',#5723,#4454,#4455);
#3525=AXIS2_PLACEMENT_3D('',#5724,#4456,#4457);
#3526=AXIS2_PLACEMENT_3D('',#5726,#4458,#4459);
#3527=AXIS2_PLACEMENT_3D('',#5727,#4460,#4461);
#3528=AXIS2_PLACEMENT_3D('',#5728,#4462,#4463);
#3529=AXIS2_PLACEMENT_3D('',#5731,#4465,#4466);
#3530=AXIS2_PLACEMENT_3D('',#5732,#4467,#4468);
#3531=AXIS2_PLACEMENT_3D('',#5734,#4469,#4470);
#3532=AXIS2_PLACEMENT_3D('',#5735,#4471,#4472);
#3533=AXIS2_PLACEMENT_3D('',#5736,#4473,#4474);
#3534=AXIS2_PLACEMENT_3D('',#5739,#4476,#4477);
#3535=AXIS2_PLACEMENT_3D('',#5740,#4478,#4479);
#3536=AXIS2_PLACEMENT_3D('',#5742,#4480,#4481);
#3537=AXIS2_PLACEMENT_3D('',#5743,#4482,#4483);
#3538=AXIS2_PLACEMENT_3D('',#5744,#4484,#4485);
#3539=AXIS2_PLACEMENT_3D('',#5747,#4487,#4488);
#3540=AXIS2_PLACEMENT_3D('',#5748,#4489,#4490);
#3541=AXIS2_PLACEMENT_3D('',#5750,#4491,#4492);
#3542=AXIS2_PLACEMENT_3D('',#5751,#4493,#4494);
#3543=AXIS2_PLACEMENT_3D('',#5752,#4495,#4496);
#3544=AXIS2_PLACEMENT_3D('',#5755,#4498,#4499);
#3545=AXIS2_PLACEMENT_3D('',#5756,#4500,#4501);
#3546=AXIS2_PLACEMENT_3D('',#5758,#4502,#4503);
#3547=AXIS2_PLACEMENT_3D('',#5759,#4504,#4505);
#3548=AXIS2_PLACEMENT_3D('',#5760,#4506,#4507);
#3549=AXIS2_PLACEMENT_3D('',#5763,#4509,#4510);
#3550=AXIS2_PLACEMENT_3D('',#5764,#4511,#4512);
#3551=AXIS2_PLACEMENT_3D('',#5766,#4513,#4514);
#3552=AXIS2_PLACEMENT_3D('',#5767,#4515,#4516);
#3553=AXIS2_PLACEMENT_3D('',#5768,#4517,#4518);
#3554=AXIS2_PLACEMENT_3D('',#5771,#4520,#4521);
#3555=AXIS2_PLACEMENT_3D('',#5772,#4522,#4523);
#3556=AXIS2_PLACEMENT_3D('',#5774,#4524,#4525);
#3557=AXIS2_PLACEMENT_3D('',#5775,#4526,#4527);
#3558=AXIS2_PLACEMENT_3D('',#5776,#4528,#4529);
#3559=AXIS2_PLACEMENT_3D('',#5779,#4531,#4532);
#3560=AXIS2_PLACEMENT_3D('',#5780,#4533,#4534);
#3561=AXIS2_PLACEMENT_3D('',#5785,#4537,#4538);
#3562=AXIS2_PLACEMENT_3D('',#5786,#4539,#4540);
#3563=AXIS2_PLACEMENT_3D('',#5792,#4544,#4545);
#3564=AXIS2_PLACEMENT_3D('',#5794,#4546,#4547);
#3565=AXIS2_PLACEMENT_3D('',#5798,#4549,#4550);
#3566=AXIS2_PLACEMENT_3D('',#5802,#4552,#4553);
#3567=AXIS2_PLACEMENT_3D('',#5805,#4555,#4556);
#3568=AXIS2_PLACEMENT_3D('',#5811,#4559,#4560);
#3569=AXIS2_PLACEMENT_3D('',#5815,#4562,#4563);
#3570=AXIS2_PLACEMENT_3D('',#5819,#4565,#4566);
#3571=AXIS2_PLACEMENT_3D('',#5822,#4568,#4569);
#3572=AXIS2_PLACEMENT_3D('',#5824,#4570,#4571);
#3573=AXIS2_PLACEMENT_3D('',#5826,#4572,#4573);
#3574=AXIS2_PLACEMENT_3D('',#5828,#4574,#4575);
#3575=AXIS2_PLACEMENT_3D('',#5830,#4576,#4577);
#3576=AXIS2_PLACEMENT_3D('',#5831,#4578,#4579);
#3577=AXIS2_PLACEMENT_3D('',#5834,#4582,#4583);
#3578=AXIS2_PLACEMENT_3D('',#5837,#4586,#4587);
#3579=AXIS2_PLACEMENT_3D('',#5839,#4589,#4590);
#3580=AXIS2_PLACEMENT_3D('',#5841,#4592,#4593);
#3581=AXIS2_PLACEMENT_3D('',#5843,#4595,#4596);
#3582=AXIS2_PLACEMENT_3D('',#5844,#4597,#4598);
#3583=AXIS2_PLACEMENT_3D('',#5846,#4599,#4600);
#3584=AXIS2_PLACEMENT_3D('',#5848,#4601,#4602);
#3585=AXIS2_PLACEMENT_3D('',#5849,#4603,#4604);
#3586=AXIS2_PLACEMENT_3D('',#5850,#4605,#4606);
#3587=AXIS2_PLACEMENT_3D('',#5852,#4607,#4608);
#3588=AXIS2_PLACEMENT_3D('',#5854,#4610,#4611);
#3589=AXIS2_PLACEMENT_3D('',#5856,#4612,#4613);
#3590=AXIS2_PLACEMENT_3D('',#5858,#4614,#4615);
#3591=AXIS2_PLACEMENT_3D('',#5859,#4616,#4617);
#3592=AXIS2_PLACEMENT_3D('',#5860,#4618,#4619);
#3593=AXIS2_PLACEMENT_3D('',#5862,#4620,#4621);
#3594=AXIS2_PLACEMENT_3D('',#5864,#4623,#4624);
#3595=AXIS2_PLACEMENT_3D('',#5866,#4625,#4626);
#3596=AXIS2_PLACEMENT_3D('',#5868,#4627,#4628);
#3597=AXIS2_PLACEMENT_3D('',#5869,#4629,#4630);
#3598=AXIS2_PLACEMENT_3D('',#5870,#4631,#4632);
#3599=AXIS2_PLACEMENT_3D('',#5872,#4633,#4634);
#3600=AXIS2_PLACEMENT_3D('',#5874,#4636,#4637);
#3601=AXIS2_PLACEMENT_3D('',#5876,#4638,#4639);
#3602=AXIS2_PLACEMENT_3D('',#5878,#4640,#4641);
#3603=AXIS2_PLACEMENT_3D('',#5879,#4642,#4643);
#3604=AXIS2_PLACEMENT_3D('',#5880,#4644,#4645);
#3605=AXIS2_PLACEMENT_3D('',#5882,#4646,#4647);
#3606=AXIS2_PLACEMENT_3D('',#5884,#4649,#4650);
#3607=AXIS2_PLACEMENT_3D('',#5886,#4652,#4653);
#3608=AXIS2_PLACEMENT_3D('',#5888,#4655,#4656);
#3609=AXIS2_PLACEMENT_3D('',#5890,#4658,#4659);
#3610=AXIS2_PLACEMENT_3D('',#5891,#4660,#4661);
#3611=AXIS2_PLACEMENT_3D('',#5893,#4663,#4664);
#3612=AXIS2_PLACEMENT_3D('',#5895,#4666,#4667);
#3613=AXIS2_PLACEMENT_3D('',#5896,#4668,#4669);
#3614=AXIS2_PLACEMENT_3D('',#5898,#4671,#4672);
#3615=AXIS2_PLACEMENT_3D('',#5900,#4674,#4675);
#3616=AXIS2_PLACEMENT_3D('',#5901,#4676,#4677);
#3617=AXIS2_PLACEMENT_3D('',#5902,#4678,#4679);
#3618=AXIS2_PLACEMENT_3D('',#5903,#4680,#4681);
#3619=AXIS2_PLACEMENT_3D('',#5904,#4682,#4683);
#3620=DIRECTION('axis',(0.,0.,1.));
#3621=DIRECTION('refdir',(1.,0.,0.));
#3622=DIRECTION('center_axis',(0.,0.,1.));
#3623=DIRECTION('ref_axis',(1.,0.,0.));
#3624=DIRECTION('center_axis',(0.,0.,-1.));
#3625=DIRECTION('ref_axis',(1.,0.,0.));
#3626=DIRECTION('center_axis',(0.,-1.,0.));
#3627=DIRECTION('ref_axis',(-1.,0.,0.));
#3628=DIRECTION('center_axis',(0.,0.,1.));
#3629=DIRECTION('ref_axis',(1.,0.,0.));
#3630=DIRECTION('center_axis',(0.,0.,1.));
#3631=DIRECTION('ref_axis',(1.,0.,0.));
#3632=DIRECTION('',(0.,0.,1.));
#3633=DIRECTION('center_axis',(0.,0.,-1.));
#3634=DIRECTION('ref_axis',(1.,0.,0.));
#3635=DIRECTION('center_axis',(0.,0.,1.));
#3636=DIRECTION('ref_axis',(1.,0.,0.));
#3637=DIRECTION('center_axis',(0.,0.,-1.));
#3638=DIRECTION('ref_axis',(0.707106781186547,-0.707106781186547,0.));
#3639=DIRECTION('',(-1.,0.,0.));
#3640=DIRECTION('center_axis',(0.,0.,-1.));
#3641=DIRECTION('ref_axis',(-0.707106781186547,-0.707106781186547,0.));
#3642=DIRECTION('',(0.,1.,0.));
#3643=DIRECTION('center_axis',(0.,0.,-1.));
#3644=DIRECTION('ref_axis',(-0.707106781186547,0.707106781186547,0.));
#3645=DIRECTION('',(1.,0.,0.));
#3646=DIRECTION('center_axis',(0.,0.,-1.));
#3647=DIRECTION('ref_axis',(0.707106781186547,0.707106781186547,0.));
#3648=DIRECTION('',(0.,-1.,0.));
#3649=DIRECTION('center_axis',(0.,0.,-1.));
#3650=DIRECTION('ref_axis',(1.,0.,0.));
#3651=DIRECTION('center_axis',(0.,0.,-1.));
#3652=DIRECTION('ref_axis',(1.,0.,0.));
#3653=DIRECTION('center_axis',(0.,0.,-1.));
#3654=DIRECTION('ref_axis',(1.,0.,0.));
#3655=DIRECTION('center_axis',(0.,0.,-1.));
#3656=DIRECTION('ref_axis',(1.,0.,0.));
#3657=DIRECTION('center_axis',(0.,0.,-1.));
#3658=DIRECTION('ref_axis',(1.,0.,0.));
#3659=DIRECTION('center_axis',(0.,0.,-1.));
#3660=DIRECTION('ref_axis',(1.,0.,0.));
#3661=DIRECTION('',(1.,0.,0.));
#3662=DIRECTION('center_axis',(0.,0.,1.));
#3663=DIRECTION('ref_axis',(0.707106781186547,-0.707106781186547,0.));
#3664=DIRECTION('',(0.,1.,0.));
#3665=DIRECTION('center_axis',(0.,0.,1.));
#3666=DIRECTION('ref_axis',(0.707106781186547,0.707106781186547,0.));
#3667=DIRECTION('',(-1.,0.,0.));
#3668=DIRECTION('center_axis',(0.,0.,1.));
#3669=DIRECTION('ref_axis',(-0.707106781186547,0.707106781186547,0.));
#3670=DIRECTION('',(0.,-1.,0.));
#3671=DIRECTION('center_axis',(0.,0.,1.));
#3672=DIRECTION('ref_axis',(-0.707106781186547,-0.707106781186547,0.));
#3673=DIRECTION('',(1.,0.,0.));
#3674=DIRECTION('center_axis',(0.,0.,-1.));
#3675=DIRECTION('ref_axis',(-1.,0.,0.));
#3676=DIRECTION('center_axis',(0.,0.,-1.));
#3677=DIRECTION('ref_axis',(1.,0.,0.));
#3678=DIRECTION('center_axis',(0.,0.,-1.));
#3679=DIRECTION('ref_axis',(1.,0.,0.));
#3680=DIRECTION('center_axis',(0.,0.,-1.));
#3681=DIRECTION('ref_axis',(1.,0.,0.));
#3682=DIRECTION('center_axis',(0.,0.,1.));
#3683=DIRECTION('ref_axis',(1.,0.,0.));
#3684=DIRECTION('center_axis',(0.,-1.,0.));
#3685=DIRECTION('ref_axis',(-1.,0.,0.));
#3686=DIRECTION('center_axis',(0.,0.,1.));
#3687=DIRECTION('ref_axis',(1.,0.,0.));
#3688=DIRECTION('center_axis',(0.,0.,1.));
#3689=DIRECTION('ref_axis',(1.,0.,0.));
#3690=DIRECTION('',(0.,0.,1.));
#3691=DIRECTION('center_axis',(0.,0.,-1.));
#3692=DIRECTION('ref_axis',(1.,0.,0.));
#3693=DIRECTION('center_axis',(0.,0.,1.));
#3694=DIRECTION('ref_axis',(1.,0.,0.));
#3695=DIRECTION('center_axis',(0.,-1.,0.));
#3696=DIRECTION('ref_axis',(-1.,0.,0.));
#3697=DIRECTION('center_axis',(0.,0.,1.));
#3698=DIRECTION('ref_axis',(1.,0.,0.));
#3699=DIRECTION('center_axis',(0.,0.,1.));
#3700=DIRECTION('ref_axis',(1.,0.,0.));
#3701=DIRECTION('',(0.,0.,1.));
#3702=DIRECTION('center_axis',(0.,0.,-1.));
#3703=DIRECTION('ref_axis',(1.,0.,0.));
#3704=DIRECTION('center_axis',(0.,0.,-1.));
#3705=DIRECTION('ref_axis',(-1.,0.,0.));
#3706=DIRECTION('center_axis',(0.,0.,1.));
#3707=DIRECTION('ref_axis',(1.,0.,0.));
#3708=DIRECTION('center_axis',(0.,-1.,0.));
#3709=DIRECTION('ref_axis',(1.,0.,0.));
#3710=DIRECTION('center_axis',(0.,0.,1.));
#3711=DIRECTION('ref_axis',(1.,0.,0.));
#3712=DIRECTION('center_axis',(0.,0.,1.));
#3713=DIRECTION('ref_axis',(1.,0.,0.));
#3714=DIRECTION('',(0.,0.,1.));
#3715=DIRECTION('center_axis',(0.,0.,-1.));
#3716=DIRECTION('ref_axis',(1.,0.,0.));
#3717=DIRECTION('center_axis',(0.,0.,1.));
#3718=DIRECTION('ref_axis',(1.,0.,0.));
#3719=DIRECTION('center_axis',(0.,-1.,0.));
#3720=DIRECTION('ref_axis',(-1.,0.,0.));
#3721=DIRECTION('center_axis',(0.,0.,1.));
#3722=DIRECTION('ref_axis',(1.,0.,0.));
#3723=DIRECTION('center_axis',(0.,0.,1.));
#3724=DIRECTION('ref_axis',(1.,0.,0.));
#3725=DIRECTION('',(0.,0.,1.));
#3726=DIRECTION('center_axis',(0.,0.,-1.));
#3727=DIRECTION('ref_axis',(1.,0.,0.));
#3728=DIRECTION('center_axis',(0.,0.,1.));
#3729=DIRECTION('ref_axis',(1.,0.,0.));
#3730=DIRECTION('center_axis',(0.,-1.,0.));
#3731=DIRECTION('ref_axis',(-1.,0.,0.));
#3732=DIRECTION('center_axis',(0.,0.,1.));
#3733=DIRECTION('ref_axis',(1.,0.,0.));
#3734=DIRECTION('center_axis',(0.,0.,1.));
#3735=DIRECTION('ref_axis',(1.,0.,0.));
#3736=DIRECTION('',(0.,0.,1.));
#3737=DIRECTION('center_axis',(0.,0.,-1.));
#3738=DIRECTION('ref_axis',(1.,0.,0.));
#3739=DIRECTION('center_axis',(0.,0.,-1.));
#3740=DIRECTION('ref_axis',(-1.,0.,0.));
#3741=DIRECTION('center_axis',(0.,0.,1.));
#3742=DIRECTION('ref_axis',(-1.,0.,0.));
#3743=DIRECTION('center_axis',(0.,-1.,0.));
#3744=DIRECTION('ref_axis',(1.,0.,0.));
#3745=DIRECTION('center_axis',(0.,0.,1.));
#3746=DIRECTION('ref_axis',(-1.,0.,0.));
#3747=DIRECTION('center_axis',(0.,0.,1.));
#3748=DIRECTION('ref_axis',(-1.,0.,0.));
#3749=DIRECTION('center_axis',(0.,0.,1.));
#3750=DIRECTION('ref_axis',(-1.,0.,0.));
#3751=DIRECTION('',(0.,-1.,0.));
#3752=DIRECTION('',(1.,0.,0.));
#3753=DIRECTION('',(0.,1.,0.));
#3754=DIRECTION('',(-1.,0.,0.));
#3755=DIRECTION('center_axis',(0.,0.,1.));
#3756=DIRECTION('ref_axis',(-1.,0.,0.));
#3757=DIRECTION('center_axis',(0.,0.,-1.));
#3758=DIRECTION('ref_axis',(-1.,0.,0.));
#3759=DIRECTION('center_axis',(0.,0.,1.));
#3760=DIRECTION('ref_axis',(-1.,0.,0.));
#3761=DIRECTION('center_axis',(0.,-1.,0.));
#3762=DIRECTION('ref_axis',(1.,0.,0.));
#3763=DIRECTION('center_axis',(0.,0.,1.));
#3764=DIRECTION('ref_axis',(-1.,0.,0.));
#3765=DIRECTION('center_axis',(0.,0.,-1.));
#3766=DIRECTION('ref_axis',(-1.,0.,0.));
#3767=DIRECTION('center_axis',(0.,0.,1.));
#3768=DIRECTION('ref_axis',(-1.,0.,0.));
#3769=DIRECTION('center_axis',(0.,-1.,0.));
#3770=DIRECTION('ref_axis',(1.,0.,0.));
#3771=DIRECTION('center_axis',(0.,0.,1.));
#3772=DIRECTION('ref_axis',(-1.,0.,0.));
#3773=DIRECTION('center_axis',(0.,0.,1.));
#3774=DIRECTION('ref_axis',(-1.,0.,0.));
#3775=DIRECTION('center_axis',(0.,0.,1.));
#3776=DIRECTION('ref_axis',(-1.,0.,0.));
#3777=DIRECTION('',(1.,0.,0.));
#3778=DIRECTION('',(0.,1.,0.));
#3779=DIRECTION('',(-1.,0.,0.));
#3780=DIRECTION('',(0.,-1.,0.));
#3781=DIRECTION('center_axis',(0.,0.,1.));
#3782=DIRECTION('ref_axis',(-1.,0.,0.));
#3783=DIRECTION('center_axis',(0.,0.,-1.));
#3784=DIRECTION('ref_axis',(-1.,0.,0.));
#3785=DIRECTION('center_axis',(0.,0.,1.));
#3786=DIRECTION('ref_axis',(-1.,0.,0.));
#3787=DIRECTION('center_axis',(0.,-1.,0.));
#3788=DIRECTION('ref_axis',(1.,0.,0.));
#3789=DIRECTION('center_axis',(0.,0.,1.));
#3790=DIRECTION('ref_axis',(-1.,0.,0.));
#3791=DIRECTION('center_axis',(0.,0.,1.));
#3792=DIRECTION('ref_axis',(1.,0.,0.));
#3793=DIRECTION('center_axis',(0.,0.,-1.));
#3794=DIRECTION('ref_axis',(-1.,0.,0.));
#3795=DIRECTION('center_axis',(0.,-1.,0.));
#3796=DIRECTION('ref_axis',(-1.,0.,0.));
#3797=DIRECTION('center_axis',(0.,0.,1.));
#3798=DIRECTION('ref_axis',(-1.,0.,0.));
#3799=DIRECTION('center_axis',(0.,0.,-1.));
#3800=DIRECTION('ref_axis',(-1.,0.,0.));
#3801=DIRECTION('center_axis',(0.,0.,1.));
#3802=DIRECTION('ref_axis',(1.,0.,0.));
#3803=DIRECTION('center_axis',(0.,0.,-1.));
#3804=DIRECTION('ref_axis',(-1.,0.,0.));
#3805=DIRECTION('center_axis',(0.,-1.,0.));
#3806=DIRECTION('ref_axis',(-1.,0.,0.));
#3807=DIRECTION('center_axis',(0.,0.,1.));
#3808=DIRECTION('ref_axis',(-1.,0.,0.));
#3809=DIRECTION('center_axis',(0.,0.,-1.));
#3810=DIRECTION('ref_axis',(-1.,0.,0.));
#3811=DIRECTION('center_axis',(0.,0.,1.));
#3812=DIRECTION('ref_axis',(1.,0.,0.));
#3813=DIRECTION('center_axis',(0.,0.,-1.));
#3814=DIRECTION('ref_axis',(-1.,0.,0.));
#3815=DIRECTION('center_axis',(0.,-1.,0.));
#3816=DIRECTION('ref_axis',(-1.,0.,0.));
#3817=DIRECTION('center_axis',(0.,0.,1.));
#3818=DIRECTION('ref_axis',(-1.,0.,0.));
#3819=DIRECTION('center_axis',(0.,0.,-1.));
#3820=DIRECTION('ref_axis',(-1.,0.,0.));
#3821=DIRECTION('center_axis',(0.,0.,1.));
#3822=DIRECTION('ref_axis',(1.,0.,0.));
#3823=DIRECTION('center_axis',(0.,0.,-1.));
#3824=DIRECTION('ref_axis',(-1.,0.,0.));
#3825=DIRECTION('center_axis',(0.,-1.,0.));
#3826=DIRECTION('ref_axis',(-1.,0.,0.));
#3827=DIRECTION('center_axis',(0.,0.,1.));
#3828=DIRECTION('ref_axis',(-1.,0.,0.));
#3829=DIRECTION('center_axis',(0.,0.,-1.));
#3830=DIRECTION('ref_axis',(-1.,0.,0.));
#3831=DIRECTION('center_axis',(0.,0.,1.));
#3832=DIRECTION('ref_axis',(-1.,0.,0.));
#3833=DIRECTION('',(0.,0.,-1.));
#3834=DIRECTION('center_axis',(0.,0.,-1.));
#3835=DIRECTION('ref_axis',(-1.,0.,0.));
#3836=DIRECTION('center_axis',(0.,0.,-1.));
#3837=DIRECTION('ref_axis',(-1.,0.,0.));
#3838=DIRECTION('',(0.,0.,-1.));
#3839=DIRECTION('center_axis',(0.,0.,1.));
#3840=DIRECTION('ref_axis',(-1.,0.,0.));
#3841=DIRECTION('center_axis',(0.,0.,-1.));
#3842=DIRECTION('ref_axis',(-1.,0.,0.));
#3843=DIRECTION('',(0.,0.,-1.));
#3844=DIRECTION('center_axis',(0.,0.707106781186549,-0.707106781186546));
#3845=DIRECTION('ref_axis',(0.,0.707106781186546,0.707106781186549));
#3846=DIRECTION('center_axis',(0.,0.707106781186549,-0.707106781186546));
#3847=DIRECTION('ref_axis',(0.,0.707106781186546,0.707106781186549));
#3848=DIRECTION('center_axis',(0.,0.,1.));
#3849=DIRECTION('ref_axis',(-1.,0.,0.));
#3850=DIRECTION('center_axis',(0.,0.707106781186549,-0.707106781186546));
#3851=DIRECTION('ref_axis',(0.,0.707106781186546,0.707106781186549));
#3852=DIRECTION('center_axis',(0.,0.,1.));
#3853=DIRECTION('ref_axis',(-1.,0.,0.));
#3854=DIRECTION('',(0.,0.,-1.));
#3855=DIRECTION('center_axis',(0.,0.707106781186549,-0.707106781186546));
#3856=DIRECTION('ref_axis',(0.,-0.707106781186546,-0.707106781186549));
#3857=DIRECTION('center_axis',(0.,0.707106781186549,-0.707106781186546));
#3858=DIRECTION('ref_axis',(0.,-0.707106781186546,-0.707106781186549));
#3859=DIRECTION('center_axis',(0.,0.,1.));
#3860=DIRECTION('ref_axis',(-1.,0.,0.));
#3861=DIRECTION('center_axis',(0.,0.707106781186549,-0.707106781186546));
#3862=DIRECTION('ref_axis',(0.,-0.707106781186546,-0.707106781186549));
#3863=DIRECTION('center_axis',(0.,1.,0.));
#3864=DIRECTION('ref_axis',(-1.,0.,-1.11022302462515E-15));
#3865=DIRECTION('center_axis',(-0.948683298050514,0.,-0.316227766016837));
#3866=DIRECTION('ref_axis',(-0.316227766016837,0.,0.948683298050514));
#3867=DIRECTION('center_axis',(0.316227766016838,7.02166693715347E-16,0.948683298050514));
#3868=DIRECTION('ref_axis',(-0.948683298050514,0.,0.316227766016838));
#3869=DIRECTION('center_axis',(0.,1.,0.));
#3870=DIRECTION('ref_axis',(0.,0.,1.));
#3871=DIRECTION('center_axis',(-0.316227766016839,7.02166693715347E-16,
0.948683298050514));
#3872=DIRECTION('ref_axis',(0.948683298050513,0.,0.316227766016839));
#3873=DIRECTION('center_axis',(0.948683298050514,0.,-0.316227766016837));
#3874=DIRECTION('ref_axis',(0.316227766016837,0.,0.948683298050514));
#3875=DIRECTION('center_axis',(-0.316227766016838,-6.31950024343813E-15,
0.948683298050514));
#3876=DIRECTION('ref_axis',(0.948683298050514,0.,0.316227766016838));
#3877=DIRECTION('center_axis',(0.948683298050514,0.,-0.316227766016837));
#3878=DIRECTION('ref_axis',(0.316227766016837,0.,0.948683298050514));
#3879=DIRECTION('center_axis',(0.,1.,0.));
#3880=DIRECTION('ref_axis',(-4.44089209850063E-15,0.,1.));
#3881=DIRECTION('center_axis',(-0.948683298050514,7.02166693715344E-16,
-0.316227766016837));
#3882=DIRECTION('ref_axis',(-0.316227766016837,0.,0.948683298050514));
#3883=DIRECTION('center_axis',(0.316227766016835,0.,0.948683298050515));
#3884=DIRECTION('ref_axis',(-0.948683298050515,0.,0.316227766016835));
#3885=DIRECTION('center_axis',(0.,1.,0.));
#3886=DIRECTION('ref_axis',(-1.,0.,0.));
#3887=DIRECTION('center_axis',(3.55271367880048E-14,-1.,0.));
#3888=DIRECTION('ref_axis',(1.,3.55271367880048E-14,-1.11022302462515E-15));
#3889=DIRECTION('center_axis',(0.948683298050514,0.,-0.316227766016837));
#3890=DIRECTION('ref_axis',(0.316227766016837,0.,0.948683298050514));
#3891=DIRECTION('center_axis',(-0.316227766016837,-7.02166693715364E-16,
0.948683298050514));
#3892=DIRECTION('ref_axis',(0.948683298050514,0.,0.316227766016838));
#3893=DIRECTION('center_axis',(0.,-1.,0.));
#3894=DIRECTION('ref_axis',(0.,0.,1.));
#3895=DIRECTION('center_axis',(0.316227766016839,-7.02166693715338E-16,
0.948683298050514));
#3896=DIRECTION('ref_axis',(-0.948683298050513,0.,0.316227766016839));
#3897=DIRECTION('center_axis',(-0.948683298050514,0.,-0.316227766016837));
#3898=DIRECTION('ref_axis',(-0.316227766016837,0.,0.948683298050514));
#3899=DIRECTION('center_axis',(0.316227766016838,7.02166693715363E-16,0.948683298050514));
#3900=DIRECTION('ref_axis',(-0.948683298050514,0.,0.316227766016838));
#3901=DIRECTION('center_axis',(-0.948683298050514,0.,-0.316227766016838));
#3902=DIRECTION('ref_axis',(-0.316227766016838,0.,0.948683298050514));
#3903=DIRECTION('center_axis',(5.32907051820076E-14,-1.,-1.77635683940025E-14));
#3904=DIRECTION('ref_axis',(0.,-1.77635683940025E-14,1.));
#3905=DIRECTION('center_axis',(0.948683298050514,7.02166693715336E-16,-0.316227766016837));
#3906=DIRECTION('ref_axis',(0.316227766016837,0.,0.948683298050514));
#3907=DIRECTION('center_axis',(-0.316227766016837,0.,0.948683298050514));
#3908=DIRECTION('ref_axis',(0.948683298050514,0.,0.316227766016837));
#3909=DIRECTION('center_axis',(0.,-1.,0.));
#3910=DIRECTION('ref_axis',(1.,0.,0.));
#3911=DIRECTION('center_axis',(0.,0.,1.));
#3912=DIRECTION('ref_axis',(0.707106781186552,-0.707106781186543,0.));
#3913=DIRECTION('',(0.,0.,-1.));
#3914=DIRECTION('center_axis',(-0.707106781186549,0.,0.707106781186546));
#3915=DIRECTION('ref_axis',(-0.707106781186546,0.,-0.707106781186549));
#3916=DIRECTION('',(0.,0.,1.));
#3917=DIRECTION('center_axis',(1.,0.,0.));
#3918=DIRECTION('ref_axis',(0.,-0.707106781186553,0.707106781186543));
#3919=DIRECTION('',(-1.,0.,0.));
#3920=DIRECTION('',(1.,0.,0.));
#3921=DIRECTION('center_axis',(-0.707106781186547,0.,-0.707106781186548));
#3922=DIRECTION('ref_axis',(-0.707106781186548,0.,0.707106781186547));
#3923=DIRECTION('center_axis',(0.,0.,1.));
#3924=DIRECTION('ref_axis',(-0.707106781186543,-0.707106781186552,0.));
#3925=DIRECTION('',(0.,0.,-1.));
#3926=DIRECTION('',(0.,0.,1.));
#3927=DIRECTION('center_axis',(-1.,0.,0.));
#3928=DIRECTION('ref_axis',(0.,-0.707106781186544,0.707106781186551));
#3929=DIRECTION('',(1.,0.,0.));
#3930=DIRECTION('center_axis',(0.,0.,1.));
#3931=DIRECTION('ref_axis',(-0.707106781186551,0.707106781186544,0.));
#3932=DIRECTION('',(0.,0.,-1.));
#3933=DIRECTION('center_axis',(0.707106781186549,4.18691322315678E-15,0.707106781186546));
#3934=DIRECTION('ref_axis',(0.707106781186546,4.18691322315677E-15,-0.707106781186549));
#3935=DIRECTION('',(0.,0.,1.));
#3936=DIRECTION('center_axis',(-1.,0.,0.));
#3937=DIRECTION('ref_axis',(0.,0.707106781186544,0.707106781186551));
#3938=DIRECTION('',(-1.,0.,0.));
#3939=DIRECTION('center_axis',(1.,0.,0.));
#3940=DIRECTION('ref_axis',(0.,1.,0.));
#3941=DIRECTION('',(1.,0.,0.));
#3942=DIRECTION('center_axis',(0.,0.,-1.));
#3943=DIRECTION('ref_axis',(-1.,0.,0.));
#3944=DIRECTION('center_axis',(0.,1.,0.));
#3945=DIRECTION('ref_axis',(-1.,0.,0.));
#3946=DIRECTION('center_axis',(0.,0.,-1.));
#3947=DIRECTION('ref_axis',(-0.707106781186548,0.707106781186547,0.));
#3948=DIRECTION('center_axis',(0.,0.,1.));
#3949=DIRECTION('ref_axis',(-0.707106781186548,0.707106781186547,0.));
#3950=DIRECTION('center_axis',(0.,-1.,0.));
#3951=DIRECTION('ref_axis',(-0.707106781186546,0.,0.707106781186549));
#3952=DIRECTION('center_axis',(0.,1.,0.));
#3953=DIRECTION('ref_axis',(-1.,0.,0.));
#3954=DIRECTION('',(0.,1.,0.));
#3955=DIRECTION('',(0.,-1.,0.));
#3956=DIRECTION('center_axis',(0.,0.,-1.));
#3957=DIRECTION('ref_axis',(-1.,0.,0.));
#3958=DIRECTION('center_axis',(-1.,0.,0.));
#3959=DIRECTION('ref_axis',(0.,-1.,0.));
#3960=DIRECTION('center_axis',(0.,0.,-1.));
#3961=DIRECTION('ref_axis',(-0.707106781186548,-0.707106781186547,0.));
#3962=DIRECTION('center_axis',(0.,0.,1.));
#3963=DIRECTION('ref_axis',(-0.707106781186548,-0.707106781186547,0.));
#3964=DIRECTION('center_axis',(1.,0.,0.));
#3965=DIRECTION('ref_axis',(0.,-0.707106781186553,0.707106781186543));
#3966=DIRECTION('',(-1.,0.,0.));
#3967=DIRECTION('',(1.,0.,0.));
#3968=DIRECTION('center_axis',(-0.707106781186549,0.,-0.707106781186546));
#3969=DIRECTION('ref_axis',(-0.707106781186546,0.,0.707106781186549));
#3970=DIRECTION('center_axis',(0.,0.,1.));
#3971=DIRECTION('ref_axis',(-0.707106781186542,-0.707106781186553,0.));
#3972=DIRECTION('',(0.,0.,-1.));
#3973=DIRECTION('',(0.,0.,1.));
#3974=DIRECTION('center_axis',(1.,0.,0.));
#3975=DIRECTION('ref_axis',(0.,-0.707106781186552,0.707106781186543));
#3976=DIRECTION('',(1.,0.,0.));
#3977=DIRECTION('center_axis',(1.,0.,0.));
#3978=DIRECTION('ref_axis',(0.,-0.707106781186553,0.707106781186543));
#3979=DIRECTION('',(1.,0.,0.));
#3980=DIRECTION('center_axis',(-1.,0.,0.));
#3981=DIRECTION('ref_axis',(0.,-1.,0.));
#3982=DIRECTION('',(-1.,0.,0.));
#3983=DIRECTION('center_axis',(0.707106781186547,0.,-0.707106781186548));
#3984=DIRECTION('ref_axis',(-0.707106781186548,0.,-0.707106781186547));
#3985=DIRECTION('center_axis',(0.,0.,1.));
#3986=DIRECTION('ref_axis',(0.707106781186552,-0.707106781186543,0.));
#3987=DIRECTION('',(0.,0.,-1.));
#3988=DIRECTION('',(0.,0.,1.));
#3989=DIRECTION('center_axis',(0.,0.,-1.));
#3990=DIRECTION('ref_axis',(-1.,0.,0.));
#3991=DIRECTION('center_axis',(0.,-1.,0.));
#3992=DIRECTION('ref_axis',(1.,0.,0.));
#3993=DIRECTION('center_axis',(0.,0.,-1.));
#3994=DIRECTION('ref_axis',(0.707106781186547,-0.707106781186547,0.));
#3995=DIRECTION('center_axis',(0.,0.,1.));
#3996=DIRECTION('ref_axis',(0.707106781186547,-0.707106781186547,0.));
#3997=DIRECTION('center_axis',(0.,1.,0.));
#3998=DIRECTION('ref_axis',(0.707106781186544,0.,0.707106781186551));
#3999=DIRECTION('center_axis',(0.,-1.,0.));
#4000=DIRECTION('ref_axis',(1.,0.,0.));
#4001=DIRECTION('',(0.,-1.,0.));
#4002=DIRECTION('',(0.,1.,0.));
#4003=DIRECTION('center_axis',(0.,0.,-1.));
#4004=DIRECTION('ref_axis',(-1.,0.,0.));
#4005=DIRECTION('center_axis',(1.,0.,0.));
#4006=DIRECTION('ref_axis',(0.,1.,0.));
#4007=DIRECTION('center_axis',(0.,0.,-1.));
#4008=DIRECTION('ref_axis',(0.707106781186547,0.707106781186547,0.));
#4009=DIRECTION('center_axis',(0.,0.,1.));
#4010=DIRECTION('ref_axis',(0.707106781186547,0.707106781186547,0.));
#4011=DIRECTION('center_axis',(-1.,0.,0.));
#4012=DIRECTION('ref_axis',(0.,0.707106781186544,0.707106781186551));
#4013=DIRECTION('',(1.,0.,0.));
#4014=DIRECTION('',(-1.,0.,0.));
#4015=DIRECTION('center_axis',(0.707106781186545,0.,-0.70710678118655));
#4016=DIRECTION('ref_axis',(0.70710678118655,0.,0.707106781186545));
#4017=DIRECTION('center_axis',(0.,0.,1.));
#4018=DIRECTION('ref_axis',(0.707106781186552,0.707106781186543,0.));
#4019=DIRECTION('',(0.,0.,-1.));
#4020=DIRECTION('',(0.,0.,1.));
#4021=DIRECTION('center_axis',(1.,0.,0.));
#4022=DIRECTION('ref_axis',(0.,0.707106781186544,0.707106781186551));
#4023=DIRECTION('',(-1.,0.,0.));
#4024=DIRECTION('center_axis',(-1.,0.,0.));
#4025=DIRECTION('ref_axis',(0.,0.707106781186544,0.707106781186551));
#4026=DIRECTION('',(-1.,0.,0.));
#4027=DIRECTION('center_axis',(0.707106781186551,0.,-0.707106781186544));
#4028=DIRECTION('ref_axis',(0.707106781186544,0.,0.707106781186551));
#4029=DIRECTION('',(1.,0.,0.));
#4030=DIRECTION('center_axis',(-0.707106781186547,0.,-0.707106781186548));
#4031=DIRECTION('ref_axis',(0.707106781186548,0.,-0.707106781186547));
#4032=DIRECTION('center_axis',(0.,0.,1.));
#4033=DIRECTION('ref_axis',(0.707106781186548,0.707106781186548,0.));
#4034=DIRECTION('',(0.,0.,-1.));
#4035=DIRECTION('',(0.,0.,1.));
#4036=DIRECTION('center_axis',(0.,0.,1.));
#4037=DIRECTION('ref_axis',(-0.707106781186552,0.707106781186543,0.));
#4038=DIRECTION('',(0.,0.,-1.));
#4039=DIRECTION('',(0.,0.,1.));
#4040=DIRECTION('center_axis',(-1.,0.,0.));
#4041=DIRECTION('ref_axis',(0.,0.707106781186544,0.707106781186551));
#4042=DIRECTION('',(-1.,0.,0.));
#4043=DIRECTION('center_axis',(0.,0.,1.));
#4044=DIRECTION('ref_axis',(-0.707106781186547,-0.707106781186547,0.));
#4045=DIRECTION('',(0.,0.,-1.));
#4046=DIRECTION('',(0.,0.,-1.));
#4047=DIRECTION('center_axis',(-1.,0.,0.));
#4048=DIRECTION('ref_axis',(0.,-1.,0.));
#4049=DIRECTION('',(0.,0.,-1.));
#4050=DIRECTION('center_axis',(0.,0.,1.));
#4051=DIRECTION('ref_axis',(-0.707106781186547,0.707106781186547,0.));
#4052=DIRECTION('',(0.,0.,-1.));
#4053=DIRECTION('center_axis',(0.,1.,0.));
#4054=DIRECTION('ref_axis',(-1.,0.,0.));
#4055=DIRECTION('',(0.,0.,-1.));
#4056=DIRECTION('center_axis',(0.,0.,1.));
#4057=DIRECTION('ref_axis',(1.,0.,0.));
#4058=DIRECTION('',(0.,-1.,0.));
#4059=DIRECTION('',(-1.,0.,0.));
#4060=DIRECTION('center_axis',(0.,0.,1.));
#4061=DIRECTION('ref_axis',(1.,0.,0.));
#4062=DIRECTION('center_axis',(0.,0.,1.));
#4063=DIRECTION('ref_axis',(1.,0.,0.));
#4064=DIRECTION('',(-1.,0.,0.));
#4065=DIRECTION('center_axis',(0.,0.,1.));
#4066=DIRECTION('ref_axis',(0.707106781186548,0.707106781186548,0.));
#4067=DIRECTION('',(0.,1.,0.));
#4068=DIRECTION('center_axis',(0.,0.,1.));
#4069=DIRECTION('ref_axis',(0.707106781186548,-0.707106781186548,0.));
#4070=DIRECTION('',(1.,0.,0.));
#4071=DIRECTION('center_axis',(0.,0.,1.));
#4072=DIRECTION('ref_axis',(1.,0.,0.));
#4073=DIRECTION('',(1.,0.,0.));
#4074=DIRECTION('',(0.,-1.,0.));
#4075=DIRECTION('center_axis',(0.,0.,1.));
#4076=DIRECTION('ref_axis',(1.,0.,0.));
#4077=DIRECTION('center_axis',(1.,0.,0.));
#4078=DIRECTION('ref_axis',(0.,1.,0.));
#4079=DIRECTION('center_axis',(-1.,0.,0.));
#4080=DIRECTION('ref_axis',(0.,0.707106781186547,0.707106781186548));
#4081=DIRECTION('',(0.,0.707106781186546,0.707106781186549));
#4082=DIRECTION('',(0.,-1.,0.));
#4083=DIRECTION('',(0.,-0.707106781186546,0.707106781186549));
#4084=DIRECTION('center_axis',(-1.,0.,0.));
#4085=DIRECTION('ref_axis',(0.,-0.707106781186544,0.707106781186551));
#4086=DIRECTION('',(0.,1.,0.));
#4087=DIRECTION('center_axis',(0.,1.,0.));
#4088=DIRECTION('ref_axis',(0.707106781186547,0.,0.707106781186548));
#4089=DIRECTION('center_axis',(0.,-1.,0.));
#4090=DIRECTION('ref_axis',(-0.707106781186547,0.,0.707106781186548));
#4091=DIRECTION('',(0.,-1.,0.));
#4092=DIRECTION('center_axis',(-1.,0.,0.));
#4093=DIRECTION('ref_axis',(0.,-1.,0.));
#4094=DIRECTION('',(0.,1.,0.));
#4095=DIRECTION('center_axis',(1.,0.,0.));
#4096=DIRECTION('ref_axis',(0.,-0.707106781186544,0.707106781186551));
#4097=DIRECTION('',(0.,0.707106781186546,-0.707106781186549));
#4098=DIRECTION('',(0.,1.,0.));
#4099=DIRECTION('',(0.,-0.707106781186546,-0.707106781186549));
#4100=DIRECTION('center_axis',(1.,0.,0.));
#4101=DIRECTION('ref_axis',(0.,0.707106781186547,0.707106781186548));
#4102=DIRECTION('',(0.,1.,0.));
#4103=DIRECTION('center_axis',(0.,0.,1.));
#4104=DIRECTION('ref_axis',(1.,0.,0.));
#4105=DIRECTION('',(0.,-1.,0.));
#4106=DIRECTION('',(-1.,0.,0.));
#4107=DIRECTION('center_axis',(0.,0.707106781186549,-0.707106781186546));
#4108=DIRECTION('ref_axis',(-1.,0.,0.));
#4109=DIRECTION('',(1.,0.,0.));
#4110=DIRECTION('',(-1.,0.,0.));
#4111=DIRECTION('center_axis',(0.,0.707106781186549,-0.707106781186546));
#4112=DIRECTION('ref_axis',(-1.,0.,0.));
#4113=DIRECTION('',(0.,0.707106781186546,0.707106781186549));
#4114=DIRECTION('',(-1.,0.,0.));
#4115=DIRECTION('',(1.,0.,0.));
#4116=DIRECTION('center_axis',(0.,0.707106781186549,-0.707106781186546));
#4117=DIRECTION('ref_axis',(-1.,0.,0.));
#4118=DIRECTION('',(-1.,0.,0.));
#4119=DIRECTION('',(1.,0.,0.));
#4120=DIRECTION('center_axis',(0.,0.,1.));
#4121=DIRECTION('ref_axis',(0.,1.,0.));
#4122=DIRECTION('center_axis',(0.,0.,1.));
#4123=DIRECTION('ref_axis',(0.,1.,0.));
#4124=DIRECTION('center_axis',(0.,0.,1.));
#4125=DIRECTION('ref_axis',(1.,0.,0.));
#4126=DIRECTION('center_axis',(0.,1.,0.));
#4127=DIRECTION('ref_axis',(-1.,0.,0.));
#4128=DIRECTION('center_axis',(-1.,0.,0.));
#4129=DIRECTION('ref_axis',(0.,-1.,0.));
#4130=DIRECTION('center_axis',(0.,0.,-1.));
#4131=DIRECTION('ref_axis',(0.707106781186547,0.707106781186547,0.));
#4132=DIRECTION('center_axis',(0.,-1.,0.));
#4133=DIRECTION('ref_axis',(-0.707106781186544,0.,0.707106781186551));
#4134=DIRECTION('center_axis',(0.,1.,0.));
#4135=DIRECTION('ref_axis',(-1.,0.,0.));
#4136=DIRECTION('',(0.,-1.,0.));
#4137=DIRECTION('center_axis',(0.,0.,1.));
#4138=DIRECTION('ref_axis',(1.,0.,0.));
#4139=DIRECTION('center_axis',(1.,0.,0.));
#4140=DIRECTION('ref_axis',(0.,1.,0.));
#4141=DIRECTION('center_axis',(0.,0.,-1.));
#4142=DIRECTION('ref_axis',(0.707106781186547,-0.707106781186547,0.));
#4143=DIRECTION('center_axis',(1.,0.,0.));
#4144=DIRECTION('ref_axis',(0.,0.707106781186544,0.707106781186551));
#4145=DIRECTION('',(-1.,0.,0.));
#4146=DIRECTION('center_axis',(0.,1.,0.));
#4147=DIRECTION('ref_axis',(-1.,0.,0.));
#4148=DIRECTION('',(0.,0.,-1.));
#4149=DIRECTION('',(0.,0.,-1.));
#4150=DIRECTION('center_axis',(0.,0.,1.));
#4151=DIRECTION('ref_axis',(0.707106781186547,-0.707106781186547,0.));
#4152=DIRECTION('',(0.,0.,-1.));
#4153=DIRECTION('center_axis',(-1.,0.,0.));
#4154=DIRECTION('ref_axis',(0.,-1.,0.));
#4155=DIRECTION('',(0.,0.,-1.));
#4156=DIRECTION('center_axis',(0.,0.,1.));
#4157=DIRECTION('ref_axis',(0.707106781186547,0.707106781186547,0.));
#4158=DIRECTION('',(0.,0.,-1.));
#4159=DIRECTION('center_axis',(0.,-1.,0.));
#4160=DIRECTION('ref_axis',(1.,0.,0.));
#4161=DIRECTION('',(1.,0.,0.));
#4162=DIRECTION('',(0.,0.,-1.));
#4163=DIRECTION('center_axis',(0.,0.,-1.));
#4164=DIRECTION('ref_axis',(-1.,0.,0.));
#4165=DIRECTION('center_axis',(0.,-1.,0.));
#4166=DIRECTION('ref_axis',(1.,0.,0.));
#4167=DIRECTION('center_axis',(0.,0.,-1.));
#4168=DIRECTION('ref_axis',(1.,0.,0.));
#4169=DIRECTION('center_axis',(0.,0.,-1.));
#4170=DIRECTION('ref_axis',(1.,0.,0.));
#4171=DIRECTION('center_axis',(-1.,0.,0.));
#4172=DIRECTION('ref_axis',(0.,-1.,0.));
#4173=DIRECTION('',(0.,-1.,0.));
#4174=DIRECTION('',(0.,1.,0.));
#4175=DIRECTION('center_axis',(1.,0.,0.));
#4176=DIRECTION('ref_axis',(0.,-0.707106781186544,0.707106781186551));
#4177=DIRECTION('',(0.,0.707106781186546,-0.707106781186549));
#4178=DIRECTION('',(0.,1.,0.));
#4179=DIRECTION('',(0.,0.707106781186546,0.707106781186549));
#4180=DIRECTION('center_axis',(1.,0.,0.));
#4181=DIRECTION('ref_axis',(0.,0.707106781186553,0.707106781186543));
#4182=DIRECTION('',(0.,1.,0.));
#4183=DIRECTION('center_axis',(-1.,0.,0.));
#4184=DIRECTION('ref_axis',(0.,0.707106781186553,0.707106781186543));
#4185=DIRECTION('',(-1.,0.,0.));
#4186=DIRECTION('center_axis',(1.,0.,0.));
#4187=DIRECTION('ref_axis',(0.,1.,0.));
#4188=DIRECTION('',(1.,0.,0.));
#4189=DIRECTION('',(-1.,0.,0.));
#4190=DIRECTION('center_axis',(-1.,0.,0.));
#4191=DIRECTION('ref_axis',(0.,0.707106781186547,0.707106781186548));
#4192=DIRECTION('',(1.,0.,0.));
#4193=DIRECTION('center_axis',(0.,0.,1.));
#4194=DIRECTION('ref_axis',(1.,0.,0.));
#4195=DIRECTION('center_axis',(0.,-1.,0.));
#4196=DIRECTION('ref_axis',(1.,0.,0.));
#4197=DIRECTION('center_axis',(0.,0.,1.));
#4198=DIRECTION('ref_axis',(-0.707106781186548,-0.707106781186547,0.));
#4199=DIRECTION('center_axis',(0.,0.,-1.));
#4200=DIRECTION('ref_axis',(-0.707106781186548,-0.707106781186547,0.));
#4201=DIRECTION('center_axis',(0.,1.,0.));
#4202=DIRECTION('ref_axis',(0.707106781186548,0.,0.707106781186547));
#4203=DIRECTION('center_axis',(0.,-1.,0.));
#4204=DIRECTION('ref_axis',(1.,0.,0.));
#4205=DIRECTION('',(0.,-1.,0.));
#4206=DIRECTION('',(0.,1.,0.));
#4207=DIRECTION('center_axis',(0.,0.,1.));
#4208=DIRECTION('ref_axis',(1.,0.,0.));
#4209=DIRECTION('center_axis',(-1.,3.70074341541722E-16,0.));
#4210=DIRECTION('ref_axis',(-3.70074341541722E-16,-1.,0.));
#4211=DIRECTION('center_axis',(0.,0.,1.));
#4212=DIRECTION('ref_axis',(-0.707106781186548,0.707106781186547,0.));
#4213=DIRECTION('center_axis',(0.,0.,-1.));
#4214=DIRECTION('ref_axis',(-0.707106781186548,0.707106781186547,0.));
#4215=DIRECTION('center_axis',(1.,0.,0.));
#4216=DIRECTION('ref_axis',(0.,-0.707106781186544,0.707106781186551));
#4217=DIRECTION('',(-1.,0.,0.));
#4218=DIRECTION('',(1.,0.,0.));
#4219=DIRECTION('center_axis',(-1.,0.,0.));
#4220=DIRECTION('ref_axis',(0.,-0.707106781186544,0.707106781186551));
#4221=DIRECTION('',(1.,0.,0.));
#4222=DIRECTION('center_axis',(0.,1.,0.));
#4223=DIRECTION('ref_axis',(-1.,0.,0.));
#4224=DIRECTION('',(0.,0.,-1.));
#4225=DIRECTION('',(0.,0.,-1.));
#4226=DIRECTION('center_axis',(0.,-1.,0.));
#4227=DIRECTION('ref_axis',(1.,0.,0.));
#4228=DIRECTION('',(0.,0.,-1.));
#4229=DIRECTION('center_axis',(0.,-1.,0.));
#4230=DIRECTION('ref_axis',(0.707106781186547,0.,0.707106781186548));
#4231=DIRECTION('',(0.,1.,0.));
#4232=DIRECTION('center_axis',(1.,0.,0.));
#4233=DIRECTION('ref_axis',(0.,1.,0.));
#4234=DIRECTION('',(0.,-1.,0.));
#4235=DIRECTION('',(0.,-1.,0.));
#4236=DIRECTION('',(0.,-0.707106781186546,0.707106781186549));
#4237=DIRECTION('center_axis',(0.,1.,0.));
#4238=DIRECTION('ref_axis',(-0.707106781186548,0.,0.707106781186547));
#4239=DIRECTION('center_axis',(0.,-0.707106781186549,-0.707106781186546));
#4240=DIRECTION('ref_axis',(-1.,0.,0.));
#4241=DIRECTION('',(-1.,0.,0.));
#4242=DIRECTION('center_axis',(0.,0.,1.));
#4243=DIRECTION('ref_axis',(-1.,0.,0.));
#4244=DIRECTION('',(1.,0.,0.));
#4245=DIRECTION('center_axis',(0.,0.707106781186549,-0.707106781186546));
#4246=DIRECTION('ref_axis',(-1.,0.,0.));
#4247=DIRECTION('center_axis',(0.,-0.707106781186549,-0.707106781186546));
#4248=DIRECTION('ref_axis',(-1.,0.,0.));
#4249=DIRECTION('',(-1.,0.,0.));
#4250=DIRECTION('center_axis',(0.,0.,1.));
#4251=DIRECTION('ref_axis',(-1.,0.,0.));
#4252=DIRECTION('center_axis',(0.,0.,1.));
#4253=DIRECTION('ref_axis',(1.,0.,0.));
#4254=DIRECTION('center_axis',(0.,0.,1.));
#4255=DIRECTION('ref_axis',(1.,0.,0.));
#4256=DIRECTION('center_axis',(0.,0.,1.));
#4257=DIRECTION('ref_axis',(1.,0.,0.));
#4258=DIRECTION('center_axis',(0.,0.,1.));
#4259=DIRECTION('ref_axis',(1.,0.,0.));
#4260=DIRECTION('center_axis',(0.,0.,1.));
#4261=DIRECTION('ref_axis',(1.,0.,0.));
#4262=DIRECTION('center_axis',(0.,0.,1.));
#4263=DIRECTION('ref_axis',(1.,0.,0.));
#4264=DIRECTION('center_axis',(0.,0.,1.));
#4265=DIRECTION('ref_axis',(1.,0.,0.));
#4266=DIRECTION('center_axis',(0.,0.,1.));
#4267=DIRECTION('ref_axis',(1.,0.,0.));
#4268=DIRECTION('center_axis',(0.,0.,1.));
#4269=DIRECTION('ref_axis',(1.,0.,0.));
#4270=DIRECTION('center_axis',(0.,0.,1.));
#4271=DIRECTION('ref_axis',(1.,0.,0.));
#4272=DIRECTION('center_axis',(0.,0.,1.));
#4273=DIRECTION('ref_axis',(1.,0.,0.));
#4274=DIRECTION('center_axis',(0.,0.,1.));
#4275=DIRECTION('ref_axis',(1.,0.,0.));
#4276=DIRECTION('center_axis',(0.,0.,1.));
#4277=DIRECTION('ref_axis',(1.,0.,0.));
#4278=DIRECTION('',(0.,0.,1.));
#4279=DIRECTION('center_axis',(0.,0.,-1.));
#4280=DIRECTION('ref_axis',(1.,0.,0.));
#4281=DIRECTION('center_axis',(0.,0.,-1.));
#4282=DIRECTION('ref_axis',(1.,0.,0.));
#4283=DIRECTION('center_axis',(0.,0.,1.));
#4284=DIRECTION('ref_axis',(1.,0.,0.));
#4285=DIRECTION('',(0.,0.,1.));
#4286=DIRECTION('center_axis',(0.,0.,-1.));
#4287=DIRECTION('ref_axis',(1.,0.,0.));
#4288=DIRECTION('center_axis',(0.,0.,-1.));
#4289=DIRECTION('ref_axis',(1.,0.,0.));
#4290=DIRECTION('center_axis',(0.,0.,1.));
#4291=DIRECTION('ref_axis',(1.,0.,0.));
#4292=DIRECTION('center_axis',(0.,0.,1.));
#4293=DIRECTION('ref_axis',(1.,0.,0.));
#4294=DIRECTION('',(0.,0.,1.));
#4295=DIRECTION('center_axis',(0.,0.,1.));
#4296=DIRECTION('ref_axis',(1.,0.,0.));
#4297=DIRECTION('center_axis',(0.,0.,1.));
#4298=DIRECTION('ref_axis',(1.,0.,0.));
#4299=DIRECTION('',(0.,0.,1.));
#4300=DIRECTION('center_axis',(0.,0.,1.));
#4301=DIRECTION('ref_axis',(1.,0.,0.));
#4302=DIRECTION('center_axis',(0.,0.,1.));
#4303=DIRECTION('ref_axis',(1.,0.,0.));
#4304=DIRECTION('',(0.,0.,1.));
#4305=DIRECTION('center_axis',(0.,0.,1.));
#4306=DIRECTION('ref_axis',(1.,0.,0.));
#4307=DIRECTION('center_axis',(0.,0.,1.));
#4308=DIRECTION('ref_axis',(1.,0.,0.));
#4309=DIRECTION('',(0.,0.,1.));
#4310=DIRECTION('center_axis',(0.,0.,1.));
#4311=DIRECTION('ref_axis',(1.,0.,0.));
#4312=DIRECTION('',(0.,0.,1.));
#4313=DIRECTION('center_axis',(0.,0.,1.));
#4314=DIRECTION('ref_axis',(1.,0.,0.));
#4315=DIRECTION('',(0.,0.,1.));
#4316=DIRECTION('center_axis',(0.,0.,-1.));
#4317=DIRECTION('ref_axis',(1.,0.,0.));
#4318=DIRECTION('center_axis',(0.,0.,-1.));
#4319=DIRECTION('ref_axis',(1.,0.,0.));
#4320=DIRECTION('center_axis',(0.,0.,-1.));
#4321=DIRECTION('ref_axis',(-1.,0.,0.));
#4322=DIRECTION('center_axis',(0.,0.,1.));
#4323=DIRECTION('ref_axis',(1.,0.,0.));
#4324=DIRECTION('center_axis',(0.,-1.,0.));
#4325=DIRECTION('ref_axis',(1.,0.,0.));
#4326=DIRECTION('center_axis',(0.,0.,-1.));
#4327=DIRECTION('ref_axis',(-1.,0.,0.));
#4328=DIRECTION('center_axis',(0.,0.,1.));
#4329=DIRECTION('ref_axis',(1.,0.,0.));
#4330=DIRECTION('center_axis',(0.,-1.,0.));
#4331=DIRECTION('ref_axis',(1.,0.,0.));
#4332=DIRECTION('center_axis',(0.,0.,1.));
#4333=DIRECTION('ref_axis',(1.,0.,0.));
#4334=DIRECTION('center_axis',(0.,-1.,0.));
#4335=DIRECTION('ref_axis',(-1.,0.,0.));
#4336=DIRECTION('center_axis',(0.,0.,1.));
#4337=DIRECTION('ref_axis',(1.,0.,0.));
#4338=DIRECTION('center_axis',(0.,-1.,0.));
#4339=DIRECTION('ref_axis',(-1.,0.,0.));
#4340=DIRECTION('center_axis',(0.,0.,1.));
#4341=DIRECTION('ref_axis',(1.,0.,0.));
#4342=DIRECTION('center_axis',(0.,-1.,0.));
#4343=DIRECTION('ref_axis',(-1.,0.,0.));
#4344=DIRECTION('center_axis',(1.,0.,0.));
#4345=DIRECTION('ref_axis',(0.,1.,0.));
#4346=DIRECTION('',(0.,0.,-1.));
#4347=DIRECTION('',(0.,0.,-1.));
#4348=DIRECTION('center_axis',(0.,0.,1.));
#4349=DIRECTION('ref_axis',(-0.707106781186547,0.707106781186547,0.));
#4350=DIRECTION('center_axis',(0.,0.,1.));
#4351=DIRECTION('ref_axis',(1.,0.,0.));
#4352=DIRECTION('center_axis',(0.,-1.,0.));
#4353=DIRECTION('ref_axis',(-1.,0.,0.));
#4354=DIRECTION('center_axis',(0.,0.,-1.));
#4355=DIRECTION('ref_axis',(-1.,0.,0.));
#4356=DIRECTION('center_axis',(0.,-1.,0.));
#4357=DIRECTION('ref_axis',(1.,0.,0.));
#4358=DIRECTION('center_axis',(0.,0.,1.));
#4359=DIRECTION('ref_axis',(0.707106781186547,0.707106781186547,0.));
#4360=DIRECTION('',(0.,0.,-1.));
#4361=DIRECTION('center_axis',(1.,0.,0.));
#4362=DIRECTION('ref_axis',(0.,1.,0.));
#4363=DIRECTION('',(0.,0.,-1.));
#4364=DIRECTION('center_axis',(0.,0.,1.));
#4365=DIRECTION('ref_axis',(0.707106781186547,-0.707106781186547,0.));
#4366=DIRECTION('center_axis',(0.,0.,1.));
#4367=DIRECTION('ref_axis',(1.,0.,0.));
#4368=DIRECTION('center_axis',(0.,0.,1.));
#4369=DIRECTION('ref_axis',(1.,0.,0.));
#4370=DIRECTION('center_axis',(0.,0.,1.));
#4371=DIRECTION('ref_axis',(-0.707106781186547,-0.707106781186547,0.));
#4372=DIRECTION('center_axis',(0.,0.,-1.));
#4373=DIRECTION('ref_axis',(-1.,0.,0.));
#4374=DIRECTION('center_axis',(0.,1.22464679914735E-16,1.));
#4375=DIRECTION('ref_axis',(1.,0.,0.));
#4376=DIRECTION('center_axis',(0.,1.22464679914735E-16,1.));
#4377=DIRECTION('ref_axis',(1.,8.16431199431577E-17,-9.99839855107915E-33));
#4378=DIRECTION('center_axis',(0.,-1.,1.22464679914735E-16));
#4379=DIRECTION('ref_axis',(-1.,0.,0.));
#4380=DIRECTION('center_axis',(0.,-1.22464679914735E-16,-1.));
#4381=DIRECTION('ref_axis',(1.,8.16431199431577E-17,0.));
#4382=DIRECTION('center_axis',(0.,1.22464679914735E-16,1.));
#4383=DIRECTION('ref_axis',(1.,0.,0.));
#4384=DIRECTION('',(0.,1.,-1.22464679914735E-16));
#4385=DIRECTION('center_axis',(0.,1.22464679914735E-16,1.));
#4386=DIRECTION('ref_axis',(0.707106781186547,-0.707106781186547,8.65956056235493E-17));
#4387=DIRECTION('',(1.,0.,0.));
#4388=DIRECTION('center_axis',(0.,1.22464679914735E-16,1.));
#4389=DIRECTION('ref_axis',(-0.707106781186547,-0.707106781186547,8.65956056235493E-17));
#4390=DIRECTION('',(0.,-1.,1.22464679914735E-16));
#4391=DIRECTION('center_axis',(0.,1.22464679914735E-16,1.));
#4392=DIRECTION('ref_axis',(-0.707106781186547,0.707106781186547,-8.65956056235493E-17));
#4393=DIRECTION('',(-1.,0.,0.));
#4394=DIRECTION('center_axis',(0.,1.22464679914735E-16,1.));
#4395=DIRECTION('ref_axis',(0.707106781186547,0.707106781186547,-8.65956056235493E-17));
#4396=DIRECTION('center_axis',(0.,1.22464679914735E-16,1.));
#4397=DIRECTION('ref_axis',(1.,8.16431199431577E-17,-9.99839855107915E-33));
#4398=DIRECTION('center_axis',(0.,1.22464679914735E-16,1.));
#4399=DIRECTION('ref_axis',(1.,2.04107799857892E-17,-2.49959963776976E-33));
#4400=DIRECTION('center_axis',(0.,1.22464679914735E-16,1.));
#4401=DIRECTION('ref_axis',(1.,8.16431199431576E-17,-9.99839855107914E-33));
#4402=DIRECTION('center_axis',(0.,1.22464679914735E-16,1.));
#4403=DIRECTION('ref_axis',(1.,8.16431199431576E-17,-9.99839855107915E-33));
#4404=DIRECTION('center_axis',(0.,1.22464679914735E-16,1.));
#4405=DIRECTION('ref_axis',(1.,2.04107799857893E-17,-2.49959963776977E-33));
#4406=DIRECTION('',(-1.,0.,0.));
#4407=DIRECTION('center_axis',(0.,1.22464679914735E-16,1.));
#4408=DIRECTION('ref_axis',(-1.,0.,0.));
#4409=DIRECTION('',(-1.,0.,0.));
#4410=DIRECTION('center_axis',(0.,-1.22464679914735E-16,-1.));
#4411=DIRECTION('ref_axis',(0.707106781186547,-0.707106781186547,8.65956056235493E-17));
#4412=DIRECTION('',(0.,-1.,1.22464679914735E-16));
#4413=DIRECTION('center_axis',(0.,-1.22464679914735E-16,-1.));
#4414=DIRECTION('ref_axis',(0.707106781186547,0.707106781186547,-8.65956056235493E-17));
#4415=DIRECTION('',(1.,0.,0.));
#4416=DIRECTION('center_axis',(0.,-1.22464679914735E-16,-1.));
#4417=DIRECTION('ref_axis',(-0.707106781186547,0.707106781186547,-8.65956056235493E-17));
#4418=DIRECTION('',(0.,1.,-1.22464679914735E-16));
#4419=DIRECTION('center_axis',(0.,-1.22464679914735E-16,-1.));
#4420=DIRECTION('ref_axis',(-0.707106781186547,-0.707106781186547,8.65956056235493E-17));
#4421=DIRECTION('center_axis',(0.,1.22464679914735E-16,1.));
#4422=DIRECTION('ref_axis',(1.,8.16431199431576E-17,-9.99839855107915E-33));
#4423=DIRECTION('center_axis',(0.,1.22464679914735E-16,1.));
#4424=DIRECTION('ref_axis',(1.,2.04107799857893E-17,-2.49959963776977E-33));
#4425=DIRECTION('center_axis',(0.,1.22464679914735E-16,1.));
#4426=DIRECTION('ref_axis',(1.,8.16431199431576E-17,-9.99839855107914E-33));
#4427=DIRECTION('center_axis',(0.,1.22464679914735E-16,1.));
#4428=DIRECTION('ref_axis',(1.,2.04107799857892E-17,-2.49959963776976E-33));
#4429=DIRECTION('center_axis',(0.,1.22464679914735E-16,1.));
#4430=DIRECTION('ref_axis',(1.,0.,0.));
#4431=DIRECTION('',(0.,1.22464679914735E-16,1.));
#4432=DIRECTION('center_axis',(0.,-1.22464679914735E-16,-1.));
#4433=DIRECTION('ref_axis',(1.,0.,0.));
#4434=DIRECTION('center_axis',(0.,1.22464679914735E-16,1.));
#4435=DIRECTION('ref_axis',(1.,0.,0.));
#4436=DIRECTION('center_axis',(0.,-1.,1.22464679914735E-16));
#4437=DIRECTION('ref_axis',(-1.,0.,0.));
#4438=DIRECTION('center_axis',(0.,-1.22464679914735E-16,-1.));
#4439=DIRECTION('ref_axis',(1.,8.16431199431577E-17,0.));
#4440=DIRECTION('center_axis',(0.,1.22464679914735E-16,1.));
#4441=DIRECTION('ref_axis',(1.,0.,0.));
#4442=DIRECTION('',(0.,1.22464679914735E-16,1.));
#4443=DIRECTION('center_axis',(0.,1.22464679914735E-16,1.));
#4444=DIRECTION('ref_axis',(1.,0.,0.));
#4445=DIRECTION('center_axis',(0.,1.22464679914735E-16,1.));
#4446=DIRECTION('ref_axis',(1.,0.,0.));
#4447=DIRECTION('center_axis',(0.,-1.,1.22464679914735E-16));
#4448=DIRECTION('ref_axis',(-1.,0.,0.));
#4449=DIRECTION('center_axis',(0.,-1.22464679914735E-16,-1.));
#4450=DIRECTION('ref_axis',(1.,2.04107799857892E-17,0.));
#4451=DIRECTION('center_axis',(0.,1.22464679914735E-16,1.));
#4452=DIRECTION('ref_axis',(1.,0.,0.));
#4453=DIRECTION('',(0.,1.22464679914735E-16,1.));
#4454=DIRECTION('center_axis',(0.,1.22464679914735E-16,1.));
#4455=DIRECTION('ref_axis',(1.,0.,0.));
#4456=DIRECTION('center_axis',(0.,1.22464679914735E-16,1.));
#4457=DIRECTION('ref_axis',(1.,0.,0.));
#4458=DIRECTION('center_axis',(0.,-1.,1.22464679914735E-16));
#4459=DIRECTION('ref_axis',(-1.,0.,0.));
#4460=DIRECTION('center_axis',(0.,-1.22464679914735E-16,-1.));
#4461=DIRECTION('ref_axis',(1.,2.04107799857892E-17,0.));
#4462=DIRECTION('center_axis',(0.,1.22464679914735E-16,1.));
#4463=DIRECTION('ref_axis',(1.,0.,0.));
#4464=DIRECTION('',(0.,1.22464679914735E-16,1.));
#4465=DIRECTION('center_axis',(0.,1.22464679914735E-16,1.));
#4466=DIRECTION('ref_axis',(1.,0.,0.));
#4467=DIRECTION('center_axis',(0.,1.22464679914735E-16,1.));
#4468=DIRECTION('ref_axis',(1.,0.,0.));
#4469=DIRECTION('center_axis',(0.,-1.,1.22464679914735E-16));
#4470=DIRECTION('ref_axis',(-1.,0.,0.));
#4471=DIRECTION('center_axis',(0.,-1.22464679914735E-16,-1.));
#4472=DIRECTION('ref_axis',(1.,8.16431199431576E-17,0.));
#4473=DIRECTION('center_axis',(0.,1.22464679914735E-16,1.));
#4474=DIRECTION('ref_axis',(1.,0.,0.));
#4475=DIRECTION('',(0.,1.22464679914735E-16,1.));
#4476=DIRECTION('center_axis',(0.,1.22464679914735E-16,1.));
#4477=DIRECTION('ref_axis',(1.,0.,0.));
#4478=DIRECTION('center_axis',(0.,1.22464679914735E-16,1.));
#4479=DIRECTION('ref_axis',(1.,0.,0.));
#4480=DIRECTION('center_axis',(0.,-1.,1.22464679914735E-16));
#4481=DIRECTION('ref_axis',(-1.,0.,0.));
#4482=DIRECTION('center_axis',(0.,-1.22464679914735E-16,-1.));
#4483=DIRECTION('ref_axis',(1.,8.16431199431576E-17,0.));
#4484=DIRECTION('center_axis',(0.,1.22464679914735E-16,1.));
#4485=DIRECTION('ref_axis',(1.,0.,0.));
#4486=DIRECTION('',(0.,1.22464679914735E-16,1.));
#4487=DIRECTION('center_axis',(0.,-1.22464679914735E-16,-1.));
#4488=DIRECTION('ref_axis',(1.,0.,0.));
#4489=DIRECTION('center_axis',(0.,1.22464679914735E-16,1.));
#4490=DIRECTION('ref_axis',(1.,0.,0.));
#4491=DIRECTION('center_axis',(0.,-1.,1.22464679914735E-16));
#4492=DIRECTION('ref_axis',(-1.,0.,0.));
#4493=DIRECTION('center_axis',(0.,-1.22464679914735E-16,-1.));
#4494=DIRECTION('ref_axis',(1.,2.04107799857893E-17,0.));
#4495=DIRECTION('center_axis',(0.,1.22464679914735E-16,1.));
#4496=DIRECTION('ref_axis',(1.,0.,0.));
#4497=DIRECTION('',(0.,1.22464679914735E-16,1.));
#4498=DIRECTION('center_axis',(0.,1.22464679914735E-16,1.));
#4499=DIRECTION('ref_axis',(1.,0.,0.));
#4500=DIRECTION('center_axis',(0.,1.22464679914735E-16,1.));
#4501=DIRECTION('ref_axis',(1.,0.,0.));
#4502=DIRECTION('center_axis',(0.,-1.,1.22464679914735E-16));
#4503=DIRECTION('ref_axis',(-1.,0.,0.));
#4504=DIRECTION('center_axis',(0.,-1.22464679914735E-16,-1.));
#4505=DIRECTION('ref_axis',(1.,8.16431199431577E-17,0.));
#4506=DIRECTION('center_axis',(0.,0.,-1.));
#4507=DIRECTION('ref_axis',(1.,0.,0.));
#4508=DIRECTION('',(0.,0.,1.));
#4509=DIRECTION('center_axis',(0.,1.22464679914735E-16,1.));
#4510=DIRECTION('ref_axis',(1.,0.,0.));
#4511=DIRECTION('center_axis',(0.,1.22464679914735E-16,1.));
#4512=DIRECTION('ref_axis',(1.,0.,0.));
#4513=DIRECTION('center_axis',(0.,-1.,1.22464679914735E-16));
#4514=DIRECTION('ref_axis',(-1.,0.,0.));
#4515=DIRECTION('center_axis',(0.,-1.22464679914735E-16,-1.));
#4516=DIRECTION('ref_axis',(1.,8.16431199431577E-17,0.));
#4517=DIRECTION('center_axis',(0.,0.,-1.));
#4518=DIRECTION('ref_axis',(1.,0.,0.));
#4519=DIRECTION('',(0.,0.,1.));
#4520=DIRECTION('center_axis',(0.,1.22464679914735E-16,1.));
#4521=DIRECTION('ref_axis',(1.,0.,0.));
#4522=DIRECTION('center_axis',(0.,1.22464679914735E-16,1.));
#4523=DIRECTION('ref_axis',(1.,0.,0.));
#4524=DIRECTION('center_axis',(0.,-1.,1.22464679914735E-16));
#4525=DIRECTION('ref_axis',(-1.,0.,0.));
#4526=DIRECTION('center_axis',(0.,-1.22464679914735E-16,-1.));
#4527=DIRECTION('ref_axis',(1.,2.04107799857893E-17,0.));
#4528=DIRECTION('center_axis',(0.,1.22464679914735E-16,1.));
#4529=DIRECTION('ref_axis',(1.,0.,0.));
#4530=DIRECTION('',(0.,1.22464679914735E-16,1.));
#4531=DIRECTION('center_axis',(0.,1.22464679914735E-16,1.));
#4532=DIRECTION('ref_axis',(1.,0.,0.));
#4533=DIRECTION('center_axis',(0.,0.,1.));
#4534=DIRECTION('ref_axis',(-1.,0.,0.));
#4535=DIRECTION('',(0.,0.,-1.));
#4536=DIRECTION('',(0.,0.,-1.));
#4537=DIRECTION('center_axis',(0.,-1.22464679914735E-16,-1.));
#4538=DIRECTION('ref_axis',(-1.,0.,0.));
#4539=DIRECTION('center_axis',(0.,-1.,1.22464679914735E-16));
#4540=DIRECTION('ref_axis',(1.,0.,0.));
#4541=DIRECTION('',(-1.,0.,0.));
#4542=DIRECTION('',(0.,1.22464679914735E-16,1.));
#4543=DIRECTION('',(0.,-1.22464679914735E-16,-1.));
#4544=DIRECTION('center_axis',(0.,1.22464679914735E-16,1.));
#4545=DIRECTION('ref_axis',(1.,0.,0.));
#4546=DIRECTION('center_axis',(0.,-1.22464679914735E-16,-1.));
#4547=DIRECTION('ref_axis',(0.707106781186547,-0.707106781186547,8.65956056235493E-17));
#4548=DIRECTION('',(0.,1.,-1.22464679914735E-16));
#4549=DIRECTION('center_axis',(0.,-1.22464679914735E-16,-1.));
#4550=DIRECTION('ref_axis',(0.707106781186547,0.707106781186547,-8.65956056235493E-17));
#4551=DIRECTION('',(1.,0.,0.));
#4552=DIRECTION('center_axis',(0.,-1.22464679914735E-16,-1.));
#4553=DIRECTION('ref_axis',(-0.707106781186547,0.707106781186547,-8.65956056235493E-17));
#4554=DIRECTION('',(0.,1.,-1.22464679914735E-16));
#4555=DIRECTION('center_axis',(0.,-1.22464679914735E-16,-1.));
#4556=DIRECTION('ref_axis',(-0.707106781186547,-0.707106781186547,8.65956056235493E-17));
#4557=DIRECTION('',(-1.,0.,0.));
#4558=DIRECTION('',(1.,0.,0.));
#4559=DIRECTION('center_axis',(0.,1.22464679914735E-16,1.));
#4560=DIRECTION('ref_axis',(-0.707106781186547,-0.707106781186547,8.65956056235493E-17));
#4561=DIRECTION('',(0.,-1.,1.22464679914735E-16));
#4562=DIRECTION('center_axis',(0.,1.22464679914735E-16,1.));
#4563=DIRECTION('ref_axis',(-0.707106781186547,0.707106781186547,-8.65956056235493E-17));
#4564=DIRECTION('',(1.,0.,0.));
#4565=DIRECTION('center_axis',(0.,1.22464679914735E-16,1.));
#4566=DIRECTION('ref_axis',(0.707106781186547,0.707106781186547,-8.65956056235493E-17));
#4567=DIRECTION('',(0.,-1.,1.22464679914735E-16));
#4568=DIRECTION('center_axis',(0.,1.22464679914735E-16,1.));
#4569=DIRECTION('ref_axis',(0.707106781186547,-0.707106781186547,8.65956056235493E-17));
#4570=DIRECTION('center_axis',(0.,1.22464679914735E-16,1.));
#4571=DIRECTION('ref_axis',(1.,0.,0.));
#4572=DIRECTION('center_axis',(0.,1.22464679914735E-16,1.));
#4573=DIRECTION('ref_axis',(1.,0.,0.));
#4574=DIRECTION('center_axis',(0.,1.22464679914735E-16,1.));
#4575=DIRECTION('ref_axis',(1.,0.,0.));
#4576=DIRECTION('center_axis',(0.,1.22464679914735E-16,1.));
#4577=DIRECTION('ref_axis',(1.,0.,0.));
#4578=DIRECTION('center_axis',(0.,1.,-1.22464679914735E-16));
#4579=DIRECTION('ref_axis',(-1.,0.,0.));
#4580=DIRECTION('',(0.,1.22464679914735E-16,1.));
#4581=DIRECTION('',(0.,-1.22464679914735E-16,-1.));
#4582=DIRECTION('center_axis',(0.,-1.,1.22464679914735E-16));
#4583=DIRECTION('ref_axis',(1.,0.,0.));
#4584=DIRECTION('',(0.,1.22464679914735E-16,1.));
#4585=DIRECTION('',(0.,-1.22464679914735E-16,-1.));
#4586=DIRECTION('center_axis',(0.,1.,-1.22464679914735E-16));
#4587=DIRECTION('ref_axis',(-1.,0.,0.));
#4588=DIRECTION('',(0.,-1.22464679914735E-16,-1.));
#4589=DIRECTION('center_axis',(0.,1.22464679914735E-16,1.));
#4590=DIRECTION('ref_axis',(-0.707106781186547,-0.707106781186547,8.65956056235493E-17));
#4591=DIRECTION('',(0.,-1.22464679914735E-16,-1.));
#4592=DIRECTION('center_axis',(-1.,0.,0.));
#4593=DIRECTION('ref_axis',(0.,-1.,1.22464679914735E-16));
#4594=DIRECTION('',(0.,1.22464679914735E-16,1.));
#4595=DIRECTION('center_axis',(0.,1.22464679914735E-16,1.));
#4596=DIRECTION('ref_axis',(-0.707106781186547,0.707106781186547,-8.65956056235493E-17));
#4597=DIRECTION('center_axis',(0.,-1.22464679914735E-16,-1.));
#4598=DIRECTION('ref_axis',(-1.,0.,0.));
#4599=DIRECTION('center_axis',(0.,-1.,1.22464679914735E-16));
#4600=DIRECTION('ref_axis',(1.,0.,0.));
#4601=DIRECTION('center_axis',(0.,-1.22464679914735E-16,-1.));
#4602=DIRECTION('ref_axis',(1.,0.,0.));
#4603=DIRECTION('center_axis',(0.,-1.22464679914735E-16,-1.));
#4604=DIRECTION('ref_axis',(1.,0.,0.));
#4605=DIRECTION('center_axis',(0.,1.22464679914735E-16,1.));
#4606=DIRECTION('ref_axis',(1.,0.,0.));
#4607=DIRECTION('center_axis',(0.,1.22464679914735E-16,1.));
#4608=DIRECTION('ref_axis',(1.,0.,0.));
#4609=DIRECTION('',(0.,1.22464679914735E-16,1.));
#4610=DIRECTION('center_axis',(0.,-1.22464679914735E-16,-1.));
#4611=DIRECTION('ref_axis',(-1.,0.,0.));
#4612=DIRECTION('center_axis',(0.,-1.,1.22464679914735E-16));
#4613=DIRECTION('ref_axis',(1.,0.,0.));
#4614=DIRECTION('center_axis',(0.,-1.22464679914735E-16,-1.));
#4615=DIRECTION('ref_axis',(1.,0.,0.));
#4616=DIRECTION('center_axis',(0.,-1.22464679914735E-16,-1.));
#4617=DIRECTION('ref_axis',(1.,0.,0.));
#4618=DIRECTION('center_axis',(0.,1.22464679914735E-16,1.));
#4619=DIRECTION('ref_axis',(1.,0.,0.));
#4620=DIRECTION('center_axis',(0.,1.22464679914735E-16,1.));
#4621=DIRECTION('ref_axis',(1.,0.,0.));
#4622=DIRECTION('',(0.,1.22464679914735E-16,1.));
#4623=DIRECTION('center_axis',(0.,-1.22464679914735E-16,-1.));
#4624=DIRECTION('ref_axis',(-1.,0.,0.));
#4625=DIRECTION('center_axis',(0.,-1.,1.22464679914735E-16));
#4626=DIRECTION('ref_axis',(1.,0.,0.));
#4627=DIRECTION('center_axis',(0.,-1.22464679914735E-16,-1.));
#4628=DIRECTION('ref_axis',(1.,0.,0.));
#4629=DIRECTION('center_axis',(0.,-1.22464679914735E-16,-1.));
#4630=DIRECTION('ref_axis',(1.,0.,0.));
#4631=DIRECTION('center_axis',(0.,1.22464679914735E-16,1.));
#4632=DIRECTION('ref_axis',(1.,0.,0.));
#4633=DIRECTION('center_axis',(0.,1.22464679914735E-16,1.));
#4634=DIRECTION('ref_axis',(1.,0.,0.));
#4635=DIRECTION('',(0.,1.22464679914735E-16,1.));
#4636=DIRECTION('center_axis',(0.,-1.22464679914735E-16,-1.));
#4637=DIRECTION('ref_axis',(-1.,0.,0.));
#4638=DIRECTION('center_axis',(0.,-1.,1.22464679914735E-16));
#4639=DIRECTION('ref_axis',(1.,0.,0.));
#4640=DIRECTION('center_axis',(0.,-1.22464679914735E-16,-1.));
#4641=DIRECTION('ref_axis',(1.,0.,0.));
#4642=DIRECTION('center_axis',(0.,-1.22464679914735E-16,-1.));
#4643=DIRECTION('ref_axis',(1.,0.,0.));
#4644=DIRECTION('center_axis',(0.,1.22464679914735E-16,1.));
#4645=DIRECTION('ref_axis',(1.,0.,0.));
#4646=DIRECTION('center_axis',(0.,1.22464679914735E-16,1.));
#4647=DIRECTION('ref_axis',(1.,0.,0.));
#4648=DIRECTION('',(0.,1.22464679914735E-16,1.));
#4649=DIRECTION('center_axis',(0.,1.22464679914735E-16,1.));
#4650=DIRECTION('ref_axis',(0.707106781186547,0.707106781186547,-8.65956056235493E-17));
#4651=DIRECTION('',(0.,1.22464679914735E-16,1.));
#4652=DIRECTION('center_axis',(-1.,0.,0.));
#4653=DIRECTION('ref_axis',(0.,-1.,1.22464679914735E-16));
#4654=DIRECTION('',(0.,-1.22464679914735E-16,-1.));
#4655=DIRECTION('center_axis',(0.,1.22464679914735E-16,1.));
#4656=DIRECTION('ref_axis',(0.707106781186547,-0.707106781186547,8.65956056235493E-17));
#4657=DIRECTION('',(0.,1.22464679914735E-16,1.));
#4658=DIRECTION('center_axis',(0.,1.,-1.22464679914735E-16));
#4659=DIRECTION('ref_axis',(-1.,0.,0.));
#4660=DIRECTION('center_axis',(0.,1.22464679914735E-16,1.));
#4661=DIRECTION('ref_axis',(-0.707106781186547,-0.707106781186547,8.65956056235493E-17));
#4662=DIRECTION('',(0.,0.,-1.));
#4663=DIRECTION('center_axis',(1.,0.,0.));
#4664=DIRECTION('ref_axis',(0.,1.,-1.22464679914735E-16));
#4665=DIRECTION('',(0.,-1.22464679914735E-16,-1.));
#4666=DIRECTION('center_axis',(0.,1.22464679914735E-16,1.));
#4667=DIRECTION('ref_axis',(-0.707106781186547,0.707106781186547,-8.65956056235493E-17));
#4668=DIRECTION('center_axis',(0.,1.22464679914735E-16,1.));
#4669=DIRECTION('ref_axis',(0.707106781186547,-0.707106781186547,8.65956056235493E-17));
#4670=DIRECTION('',(0.,0.,-1.));
#4671=DIRECTION('center_axis',(0.,1.22464679914735E-16,1.));
#4672=DIRECTION('ref_axis',(0.707106781186547,0.707106781186547,-8.65956056235493E-17));
#4673=DIRECTION('',(0.,-1.22464679914735E-16,-1.));
#4674=DIRECTION('center_axis',(0.,1.22464679914735E-16,1.));
#4675=DIRECTION('ref_axis',(1.,0.,0.));
#4676=DIRECTION('center_axis',(0.,1.22464679914735E-16,1.));
#4677=DIRECTION('ref_axis',(1.,0.,0.));
#4678=DIRECTION('center_axis',(0.,1.22464679914735E-16,1.));
#4679=DIRECTION('ref_axis',(1.,0.,0.));
#4680=DIRECTION('center_axis',(0.,1.22464679914735E-16,1.));
#4681=DIRECTION('ref_axis',(1.,0.,0.));
#4682=DIRECTION('center_axis',(1.,0.,0.));
#4683=DIRECTION('ref_axis',(0.,1.,-1.22464679914735E-16));
#4684=CARTESIAN_POINT('',(0.,0.,0.));
#4685=CARTESIAN_POINT('Origin',(77.4999978207052,201.49999807775,0.));
#4686=CARTESIAN_POINT('',(76.2499978207052,201.49999807775,-0.5));
#4687=CARTESIAN_POINT('Origin',(77.4999978207052,201.49999807775,-0.5));
#4688=CARTESIAN_POINT('',(76.7499978207052,201.49999807775,0.));
#4689=CARTESIAN_POINT('Origin',(76.2499978207052,201.49999807775,0.));
#4690=CARTESIAN_POINT('Origin',(77.4999978207052,201.49999807775,0.));
#4691=CARTESIAN_POINT('Origin',(77.4999978207052,201.49999807775,0.));
#4692=CARTESIAN_POINT('',(76.7499978207052,201.49999807775,4.));
#4693=CARTESIAN_POINT('',(76.7499978207052,201.49999807775,0.));
#4694=CARTESIAN_POINT('Origin',(77.4999978207052,201.49999807775,4.));
#4695=CARTESIAN_POINT('Origin',(76.4999978430569,161.999998949468,-0.5));
#4696=CARTESIAN_POINT('',(172.999995686114,120.,-0.5));
#4697=CARTESIAN_POINT('',(167.999995686114,115.,-0.5));
#4698=CARTESIAN_POINT('Origin',(167.999995686114,120.,-0.5));
#4699=CARTESIAN_POINT('',(-15.,115.,-0.5));
#4700=CARTESIAN_POINT('',(-20.,115.,-0.5));
#4701=CARTESIAN_POINT('',(-20.,120.,-0.5));
#4702=CARTESIAN_POINT('Origin',(-15.,120.,-0.5));
#4703=CARTESIAN_POINT('',(-20.,203.999997898936,-0.5));
#4704=CARTESIAN_POINT('',(-20.,208.999997898936,-0.5));
#4705=CARTESIAN_POINT('',(-15.,208.999997898936,-0.5));
#4706=CARTESIAN_POINT('Origin',(-15.,203.999997898936,-0.5));
#4707=CARTESIAN_POINT('',(167.999995686114,208.999997898936,-0.5));
#4708=CARTESIAN_POINT('',(172.999995686114,208.999997898936,-0.5));
#4709=CARTESIAN_POINT('',(172.999995686114,203.999997898936,-0.5));
#4710=CARTESIAN_POINT('Origin',(167.999995686114,203.999997898936,-0.5));
#4711=CARTESIAN_POINT('',(172.999995686114,115.,-0.5));
#4712=CARTESIAN_POINT('',(76.2500014528632,123.500000119209,-0.5));
#4713=CARTESIAN_POINT('Origin',(77.5000014528632,123.500000119209,-0.5));
#4714=CARTESIAN_POINT('',(166.249699523393,201.700247971932,-0.5));
#4715=CARTESIAN_POINT('Origin',(164.999699523393,201.700247971932,-0.5));
#4716=CARTESIAN_POINT('',(-11.2500002235174,202.49999807775,-0.5));
#4717=CARTESIAN_POINT('Origin',(-10.0000002235174,202.49999807775,-0.5));
#4718=CARTESIAN_POINT('',(134.105034627348,125.530749289361,-0.5));
#4719=CARTESIAN_POINT('Origin',(137.605034627348,125.530749289361,-0.5));
#4720=CARTESIAN_POINT('',(-18.4914548697692,124.444638703109,-0.5));
#4721=CARTESIAN_POINT('Origin',(-14.9914548697692,124.444638703109,-0.5));
#4722=CARTESIAN_POINT('',(135.091336411061,200.520868736213,-0.5));
#4723=CARTESIAN_POINT('Origin',(138.591336411061,200.520868736213,-0.5));
#4724=CARTESIAN_POINT('',(142.358990963505,127.000000178814,-0.5));
#4725=CARTESIAN_POINT('',(156.00000269711,127.000000178814,-0.5));
#4726=CARTESIAN_POINT('',(-5.99999979138374,127.000000178814,-0.5));
#4727=CARTESIAN_POINT('',(161.00000269711,132.000000178814,-0.5));
#4728=CARTESIAN_POINT('Origin',(156.00000269711,132.000000178814,-0.5));
#4729=CARTESIAN_POINT('',(161.00000269711,192.000001221895,-0.5));
#4730=CARTESIAN_POINT('',(161.00000269711,127.000000178814,-0.5));
#4731=CARTESIAN_POINT('',(156.00000269711,197.000001221895,-0.5));
#4732=CARTESIAN_POINT('Origin',(156.00000269711,192.000001221895,-0.5));
#4733=CARTESIAN_POINT('',(-0.999999791383743,197.000001221895,-0.5));
#4734=CARTESIAN_POINT('',(161.00000269711,197.000001221895,-0.5));
#4735=CARTESIAN_POINT('',(-5.99999979138374,192.000001221895,-0.5));
#4736=CARTESIAN_POINT('Origin',(-0.999999791383743,192.000001221895,-0.5));
#4737=CARTESIAN_POINT('',(-5.99999979138374,132.000000178814,-0.5));
#4738=CARTESIAN_POINT('',(-5.99999979138374,197.000001221895,-0.5));
#4739=CARTESIAN_POINT('',(-0.999999791383743,127.000000178814,-0.5));
#4740=CARTESIAN_POINT('Origin',(-0.999999791383743,132.000000178814,-0.5));
#4741=CARTESIAN_POINT('',(132.851078291191,127.000000178814,-0.5));
#4742=CARTESIAN_POINT('',(-5.99999979138374,127.000000178814,-0.5));
#4743=CARTESIAN_POINT('Origin',(137.605034627348,125.530749289361,-0.5));
#4744=CARTESIAN_POINT('',(-18.4915457809442,199.532692152832,-0.5));
#4745=CARTESIAN_POINT('Origin',(-14.9915457809442,199.532692152832,-0.5));
#4746=CARTESIAN_POINT('',(-11.2499998509884,124.000000119209,-0.5));
#4747=CARTESIAN_POINT('Origin',(-9.99999985098839,124.000000119209,-0.5));
#4748=CARTESIAN_POINT('',(163.750002756715,123.500000119209,-0.5));
#4749=CARTESIAN_POINT('Origin',(165.000002756715,123.500000119209,-0.5));
#4750=CARTESIAN_POINT('Origin',(77.5000014528632,123.500000119209,0.));
#4751=CARTESIAN_POINT('',(76.7500014528632,123.500000119209,0.));
#4752=CARTESIAN_POINT('Origin',(76.2500014528632,123.500000119209,0.));
#4753=CARTESIAN_POINT('Origin',(77.5000014528632,123.500000119209,0.));
#4754=CARTESIAN_POINT('Origin',(77.5000014528632,123.500000119209,0.));
#4755=CARTESIAN_POINT('',(76.7500014528632,123.500000119209,4.));
#4756=CARTESIAN_POINT('',(76.7500014528632,123.500000119209,0.));
#4757=CARTESIAN_POINT('Origin',(77.5000014528632,123.500000119209,4.));
#4758=CARTESIAN_POINT('Origin',(165.000002756715,123.500000119209,0.));
#4759=CARTESIAN_POINT('',(164.250002756715,123.500000119209,0.));
#4760=CARTESIAN_POINT('Origin',(163.750002756715,123.500000119209,0.));
#4761=CARTESIAN_POINT('Origin',(165.000002756715,123.500000119209,0.));
#4762=CARTESIAN_POINT('Origin',(165.000002756715,123.500000119209,0.));
#4763=CARTESIAN_POINT('',(164.250002756715,123.500000119209,4.));
#4764=CARTESIAN_POINT('',(164.250002756715,123.500000119209,0.));
#4765=CARTESIAN_POINT('Origin',(165.000002756715,123.500000119209,4.));
#4766=CARTESIAN_POINT('Origin',(164.999699523393,201.700247971932,0.));
#4767=CARTESIAN_POINT('',(164.249699523393,201.700247971932,0.));
#4768=CARTESIAN_POINT('',(165.749699523393,201.700247971932,0.));
#4769=CARTESIAN_POINT('Origin',(164.999699523393,201.700247971932,0.));
#4770=CARTESIAN_POINT('Origin',(166.249699523393,201.700247971932,0.));
#4771=CARTESIAN_POINT('Origin',(164.999699523393,201.700247971932,0.));
#4772=CARTESIAN_POINT('Origin',(164.999699523393,201.700247971932,0.));
#4773=CARTESIAN_POINT('',(164.249699523393,201.700247971932,4.));
#4774=CARTESIAN_POINT('',(164.249699523393,201.700247971932,0.));
#4775=CARTESIAN_POINT('Origin',(164.999699523393,201.700247971932,4.));
#4776=CARTESIAN_POINT('Origin',(-9.99999985098839,124.000000119209,0.));
#4777=CARTESIAN_POINT('',(-10.7499998509884,124.000000119209,0.));
#4778=CARTESIAN_POINT('Origin',(-11.2499998509884,124.000000119209,0.));
#4779=CARTESIAN_POINT('Origin',(-9.99999985098839,124.000000119209,0.));
#4780=CARTESIAN_POINT('Origin',(-9.99999985098839,124.000000119209,0.));
#4781=CARTESIAN_POINT('',(-10.7499998509884,124.000000119209,4.));
#4782=CARTESIAN_POINT('',(-10.7499998509884,124.000000119209,0.));
#4783=CARTESIAN_POINT('Origin',(-9.99999985098839,124.000000119209,4.));
#4784=CARTESIAN_POINT('Origin',(-10.0000002235174,202.49999807775,0.));
#4785=CARTESIAN_POINT('',(-10.7500002235174,202.49999807775,0.));
#4786=CARTESIAN_POINT('Origin',(-11.2500002235174,202.49999807775,0.));
#4787=CARTESIAN_POINT('Origin',(-10.0000002235174,202.49999807775,0.));
#4788=CARTESIAN_POINT('Origin',(-10.0000002235174,202.49999807775,0.));
#4789=CARTESIAN_POINT('',(-10.7500002235174,202.49999807775,4.));
#4790=CARTESIAN_POINT('',(-10.7500002235174,202.49999807775,0.));
#4791=CARTESIAN_POINT('Origin',(-10.0000002235174,202.49999807775,4.));
#4792=CARTESIAN_POINT('Origin',(46.4847787573932,128.000000119209,9.5));
#4793=CARTESIAN_POINT('',(49.4847787573932,128.000000119209,9.5));
#4794=CARTESIAN_POINT('',(43.4847787573932,128.000000119209,9.5));
#4795=CARTESIAN_POINT('Origin',(46.4847787573932,128.000000119209,9.5));
#4796=CARTESIAN_POINT('',(50.9847787573932,128.000000119209,8.));
#4797=CARTESIAN_POINT('Origin',(50.9847787573932,128.000000119209,9.5));
#4798=CARTESIAN_POINT('Origin',(46.4847787573932,128.000000119209,8.));
#4799=CARTESIAN_POINT('Origin',(46.4847787573932,128.000000119209,9.5));
#4800=CARTESIAN_POINT('Origin',(23.4847787573931,119.000000059605,8.));
#4801=CARTESIAN_POINT('',(51.4847787573931,207.499997898936,8.));
#4802=CARTESIAN_POINT('',(51.4847787573931,116.5,8.));
#4803=CARTESIAN_POINT('',(51.4847787573932,117.000000029802,8.));
#4804=CARTESIAN_POINT('',(41.4847787573932,207.499997898936,8.));
#4805=CARTESIAN_POINT('',(98.2423872217535,207.499997898936,8.));
#4806=CARTESIAN_POINT('',(41.4847787573932,116.5,8.));
#4807=CARTESIAN_POINT('',(41.4847787573932,163.99999897927,8.));
#4808=CARTESIAN_POINT('',(1.74238937869657,116.5,8.));
#4809=CARTESIAN_POINT('',(50.9847787573932,186.000000983477,8.));
#4810=CARTESIAN_POINT('Origin',(46.4847787573932,186.000000983477,8.));
#4811=CARTESIAN_POINT('Origin',(46.4847787573932,186.000000983477,9.5));
#4812=CARTESIAN_POINT('',(49.4847787573932,186.000000983477,9.5));
#4813=CARTESIAN_POINT('',(43.4847787573932,186.000000983477,9.5));
#4814=CARTESIAN_POINT('Origin',(46.4847787573932,186.000000983477,9.5));
#4815=CARTESIAN_POINT('Origin',(50.9847787573932,186.000000983477,9.5));
#4816=CARTESIAN_POINT('Origin',(46.4847787573932,186.000000983477,9.5));
#4817=CARTESIAN_POINT('Origin',(23.4847787573931,186.000000983477,9.5));
#4818=CARTESIAN_POINT('',(26.4847787573931,186.000000983477,9.5));
#4819=CARTESIAN_POINT('',(20.4847787573932,186.000000983477,9.5));
#4820=CARTESIAN_POINT('Origin',(23.4847787573931,186.000000983477,9.5));
#4821=CARTESIAN_POINT('',(27.9847787573931,186.000000983477,8.));
#4822=CARTESIAN_POINT('Origin',(27.9847787573931,186.000000983477,9.5));
#4823=CARTESIAN_POINT('Origin',(23.4847787573931,186.000000983477,8.));
#4824=CARTESIAN_POINT('Origin',(23.4847787573931,186.000000983477,9.5));
#4825=CARTESIAN_POINT('Origin',(23.4847787573931,119.000000059605,8.));
#4826=CARTESIAN_POINT('',(18.4847787573931,207.499997898936,8.));
#4827=CARTESIAN_POINT('',(28.4847787573931,207.499997898936,8.));
#4828=CARTESIAN_POINT('',(98.2423872217535,207.499997898936,8.));
#4829=CARTESIAN_POINT('',(18.4847787573931,116.5,8.));
#4830=CARTESIAN_POINT('',(18.4847787573931,163.99999897927,8.));
#4831=CARTESIAN_POINT('',(28.4847787573931,116.5,8.));
#4832=CARTESIAN_POINT('',(1.74238937869657,116.5,8.));
#4833=CARTESIAN_POINT('',(28.4847787573931,117.000000029802,8.));
#4834=CARTESIAN_POINT('',(27.9847787573931,128.000000119209,8.));
#4835=CARTESIAN_POINT('Origin',(23.4847787573931,128.000000119209,8.));
#4836=CARTESIAN_POINT('Origin',(23.4847787573931,128.000000119209,9.5));
#4837=CARTESIAN_POINT('',(26.4847787573931,128.000000119209,9.5));
#4838=CARTESIAN_POINT('',(20.4847787573932,128.000000119209,9.5));
#4839=CARTESIAN_POINT('Origin',(23.4847787573931,128.000000119209,9.5));
#4840=CARTESIAN_POINT('Origin',(27.9847787573931,128.000000119209,9.5));
#4841=CARTESIAN_POINT('Origin',(23.4847787573931,128.000000119209,9.5));
#4842=CARTESIAN_POINT('Origin',(46.4847787573932,186.000000983477,9.5));
#4843=CARTESIAN_POINT('',(43.9847787573932,186.000000983477,10.));
#4844=CARTESIAN_POINT('Origin',(46.4847787573932,186.000000983477,10.));
#4845=CARTESIAN_POINT('Origin',(43.9847787573932,186.000000983477,9.5));
#4846=CARTESIAN_POINT('Origin',(46.4847787573932,186.000000983477,10.));
#4847=CARTESIAN_POINT('',(48.7347787573931,186.000000983477,10.));
#4848=CARTESIAN_POINT('Origin',(46.4847787573932,186.000000983477,10.));
#4849=CARTESIAN_POINT('Origin',(46.4847787573932,128.000000119209,9.5));
#4850=CARTESIAN_POINT('',(43.9847787573932,128.000000119209,10.));
#4851=CARTESIAN_POINT('Origin',(46.4847787573932,128.000000119209,10.));
#4852=CARTESIAN_POINT('Origin',(43.9847787573932,128.000000119209,9.5));
#4853=CARTESIAN_POINT('Origin',(46.4847787573932,128.000000119209,10.));
#4854=CARTESIAN_POINT('',(48.7347787573932,128.000000119209,10.));
#4855=CARTESIAN_POINT('Origin',(46.4847787573932,128.000000119209,10.));
#4856=CARTESIAN_POINT('Origin',(23.4847787573931,128.000000119209,9.5));
#4857=CARTESIAN_POINT('',(20.9847787573931,128.000000119209,10.));
#4858=CARTESIAN_POINT('Origin',(23.4847787573931,128.000000119209,10.));
#4859=CARTESIAN_POINT('Origin',(20.9847787573931,128.000000119209,9.5));
#4860=CARTESIAN_POINT('Origin',(23.4847787573931,128.000000119209,10.));
#4861=CARTESIAN_POINT('',(25.7347787573931,128.000000119209,10.));
#4862=CARTESIAN_POINT('Origin',(23.4847787573931,128.000000119209,10.));
#4863=CARTESIAN_POINT('Origin',(23.4847787573931,186.000000983477,9.5));
#4864=CARTESIAN_POINT('',(20.9847787573931,186.000000983477,10.));
#4865=CARTESIAN_POINT('Origin',(23.4847787573931,186.000000983477,10.));
#4866=CARTESIAN_POINT('Origin',(20.9847787573931,186.000000983477,9.5));
#4867=CARTESIAN_POINT('Origin',(23.4847787573931,186.000000983477,10.));
#4868=CARTESIAN_POINT('',(25.7347787573931,186.000000983477,10.));
#4869=CARTESIAN_POINT('Origin',(23.4847787573931,186.000000983477,10.));
#4870=CARTESIAN_POINT('Origin',(46.4847787573932,186.000000983477,4.));
#4871=CARTESIAN_POINT('',(48.7347787573931,186.000000983477,6.));
#4872=CARTESIAN_POINT('',(48.7347787573931,186.000000983477,4.));
#4873=CARTESIAN_POINT('Origin',(46.4847787573932,186.000000983477,6.));
#4874=CARTESIAN_POINT('Origin',(23.4847787573931,186.000000983477,10.));
#4875=CARTESIAN_POINT('',(25.7347787573931,186.000000983477,6.));
#4876=CARTESIAN_POINT('',(25.7347787573931,186.000000983477,10.));
#4877=CARTESIAN_POINT('Origin',(23.4847787573931,186.000000983477,6.));
#4878=CARTESIAN_POINT('Origin',(23.4847787573931,128.000000119209,10.));
#4879=CARTESIAN_POINT('',(25.7347787573931,128.000000119209,4.99999994039536));
#4880=CARTESIAN_POINT('',(25.7347787573931,128.000000119209,10.));
#4881=CARTESIAN_POINT('',(25.2141720124054,126.560660350594,3.56066017177982));
#4882=CARTESIAN_POINT('Origin',(23.4847787573931,128.000000119209,4.99999994039536));
#4883=CARTESIAN_POINT('',(21.7553855023809,126.560660350594,3.56066017177982));
#4884=CARTESIAN_POINT('Ctrl Pts',(25.2141720124061,126.560660350595,3.56066017177899));
#4885=CARTESIAN_POINT('Ctrl Pts',(25.1417788336555,126.473678612321,3.64764191005255));
#4886=CARTESIAN_POINT('Ctrl Pts',(25.0503160052987,126.379322332701,3.71892188348898));
#4887=CARTESIAN_POINT('Ctrl Pts',(24.7747847582071,126.140712977866,3.86913545204345));
#4888=CARTESIAN_POINT('Ctrl Pts',(24.5407366196428,125.994230141297,3.91985605934743));
#4889=CARTESIAN_POINT('Ctrl Pts',(24.0264420996369,125.798917771811,3.97339763767775));
#4890=CARTESIAN_POINT('Ctrl Pts',(23.7465246936938,125.750000119209,3.97901995584993));
#4891=CARTESIAN_POINT('Ctrl Pts',(23.2230328210925,125.750000119209,3.97901995584993));
#4892=CARTESIAN_POINT('Ctrl Pts',(22.9431154151494,125.798917771811,3.97339763767775));
#4893=CARTESIAN_POINT('Ctrl Pts',(22.4288208951435,125.994230141297,3.91985605934743));
#4894=CARTESIAN_POINT('Ctrl Pts',(22.1947727565792,126.140712977866,3.86913545204345));
#4895=CARTESIAN_POINT('Ctrl Pts',(21.9192415094876,126.379322332701,3.71892188348898));
#4896=CARTESIAN_POINT('Ctrl Pts',(21.8277786811308,126.473678612321,3.64764191005254));
#4897=CARTESIAN_POINT('Ctrl Pts',(21.7553855023802,126.560660350595,3.560660171779));
#4898=CARTESIAN_POINT('',(21.4692143498907,129.000000178814,6.));
#4899=CARTESIAN_POINT('Origin',(23.4847787573931,128.000000119209,4.99999994039536));
#4900=CARTESIAN_POINT('',(25.5003431648956,129.000000178814,6.));
#4901=CARTESIAN_POINT('Origin',(23.4847787573931,128.000000119209,6.));
#4902=CARTESIAN_POINT('Origin',(23.4847787573931,128.000000119209,4.99999994039536));
#4903=CARTESIAN_POINT('Origin',(46.4847787573932,128.000000119209,4.));
#4904=CARTESIAN_POINT('',(48.7347787573932,128.000000119209,4.99999994039536));
#4905=CARTESIAN_POINT('',(48.7347787573932,128.000000119209,4.));
#4906=CARTESIAN_POINT('',(48.2141720124054,126.560660350594,3.56066017177982));
#4907=CARTESIAN_POINT('Origin',(46.4847787573932,128.000000119209,4.99999994039536));
#4908=CARTESIAN_POINT('',(44.7553855023809,126.560660350594,3.56066017177982));
#4909=CARTESIAN_POINT('Ctrl Pts',(48.2141720124061,126.560660350595,3.56066017177899));
#4910=CARTESIAN_POINT('Ctrl Pts',(48.1417788336555,126.473678612321,3.64764191005256));
#4911=CARTESIAN_POINT('Ctrl Pts',(48.0503160052987,126.379322332701,3.71892188348898));
#4912=CARTESIAN_POINT('Ctrl Pts',(47.7747847582071,126.140712977866,3.86913545204345));
#4913=CARTESIAN_POINT('Ctrl Pts',(47.5407366196428,125.994230141297,3.91985605934743));
#4914=CARTESIAN_POINT('Ctrl Pts',(47.0264420996369,125.798917771811,3.97339763767776));
#4915=CARTESIAN_POINT('Ctrl Pts',(46.7465246936938,125.750000119209,3.97901995584993));
#4916=CARTESIAN_POINT('Ctrl Pts',(46.2230328210925,125.750000119209,3.97901995584993));
#4917=CARTESIAN_POINT('Ctrl Pts',(45.9431154151494,125.798917771811,3.97339763767775));
#4918=CARTESIAN_POINT('Ctrl Pts',(45.4288208951435,125.994230141297,3.91985605934743));
#4919=CARTESIAN_POINT('Ctrl Pts',(45.1947727565792,126.140712977866,3.86913545204345));
#4920=CARTESIAN_POINT('Ctrl Pts',(44.9192415094876,126.379322332701,3.71892188348898));
#4921=CARTESIAN_POINT('Ctrl Pts',(44.8277786811308,126.473678612321,3.64764191005254));
#4922=CARTESIAN_POINT('Ctrl Pts',(44.7553855023802,126.560660350595,3.56066017177899));
#4923=CARTESIAN_POINT('',(44.4692143498907,129.000000178814,6.));
#4924=CARTESIAN_POINT('Origin',(46.4847787573932,128.000000119209,4.99999994039536));
#4925=CARTESIAN_POINT('',(48.5003431648956,129.000000178814,6.));
#4926=CARTESIAN_POINT('Origin',(46.4847787573932,128.000000119209,6.));
#4927=CARTESIAN_POINT('Origin',(46.4847787573932,128.000000119209,4.99999994039536));
#4928=CARTESIAN_POINT('Ctrl Pts',(41.9847787573932,208.999997898936,6.5));
#4929=CARTESIAN_POINT('Ctrl Pts',(41.6481795445086,208.999997898936,6.61219973762821));
#4930=CARTESIAN_POINT('Ctrl Pts',(41.0892756147278,208.803191752227,6.79850104755511));
#4931=CARTESIAN_POINT('Ctrl Pts',(40.5874545480014,208.172343760118,6.96577473646392));
#4932=CARTESIAN_POINT('Ctrl Pts',(40.4847787573932,207.724397374193,7.));
#4933=CARTESIAN_POINT('Ctrl Pts',(40.4847787573932,207.499997898936,7.));
#4934=CARTESIAN_POINT('Ctrl Pts',(41.9847787573932,208.999997898936,6.5));
#4935=CARTESIAN_POINT('Ctrl Pts',(41.6909223017002,208.999997898936,6.6549424948199));
#4936=CARTESIAN_POINT('Ctrl Pts',(41.2024567229441,208.863129825271,6.91127872107968));
#4937=CARTESIAN_POINT('Ctrl Pts',(40.6382791459664,208.296148523204,7.21187717427425));
#4938=CARTESIAN_POINT('Ctrl Pts',(40.4847787573932,207.769829517693,7.29919930034189));
#4939=CARTESIAN_POINT('Ctrl Pts',(40.4847787573932,207.499997898936,7.29919930034189));
#4940=CARTESIAN_POINT('Ctrl Pts',(41.9847787573932,208.999997898936,6.5));
#4941=CARTESIAN_POINT('Ctrl Pts',(41.7657221267857,208.999997898936,6.72974231990536));
#4942=CARTESIAN_POINT('Ctrl Pts',(41.4018987898105,208.906938931715,7.11168266919285));
#4943=CARTESIAN_POINT('Ctrl Pts',(40.902519556388,208.39977513444,7.64121971069875));
#4944=CARTESIAN_POINT('Ctrl Pts',(40.7360937709738,207.808861516813,7.81697695548466));
#4945=CARTESIAN_POINT('Ctrl Pts',(40.7360937709738,207.499997898936,7.81697695548466));
#4946=CARTESIAN_POINT('Ctrl Pts',(41.9847787573932,208.999997898936,6.5));
#4947=CARTESIAN_POINT('Ctrl Pts',(41.8405219518712,208.999997898936,6.80454214499082));
#4948=CARTESIAN_POINT('Ctrl Pts',(41.6007857103646,208.848304675689,7.31162450448343));
#4949=CARTESIAN_POINT('Ctrl Pts',(41.3341388767569,208.264298397888,7.85951694631682));
#4950=CARTESIAN_POINT('Ctrl Pts',(41.2603792821368,207.758020373559,8.00000000000001));
#4951=CARTESIAN_POINT('Ctrl Pts',(41.2603792821368,207.499997898936,8.00000000000001));
#4952=CARTESIAN_POINT('Ctrl Pts',(41.9847787573932,208.999997898936,6.5));
#4953=CARTESIAN_POINT('Ctrl Pts',(41.8725790197649,208.999997898936,6.83659921288459));
#4954=CARTESIAN_POINT('Ctrl Pts',(41.6862777098381,208.803191752227,7.39550314266533));
#4955=CARTESIAN_POINT('Ctrl Pts',(41.5190040209292,208.172343760118,7.89732420939175));
#4956=CARTESIAN_POINT('Ctrl Pts',(41.4847787573932,207.724397374193,8.00000000000001));
#4957=CARTESIAN_POINT('Ctrl Pts',(41.4847787573932,207.499997898936,8.00000000000001));
#4958=CARTESIAN_POINT('',(40.4847787573932,207.499997898936,7.));
#4959=CARTESIAN_POINT('Origin',(41.4847787573932,207.499997898936,7.));
#4960=CARTESIAN_POINT('',(41.9847787573932,208.999997898936,6.5));
#4961=CARTESIAN_POINT('Origin',(41.9847787573932,207.499997898936,6.5));
#4962=CARTESIAN_POINT('Origin',(41.9847787573932,207.499997898936,6.5));
#4963=CARTESIAN_POINT('Ctrl Pts',(50.9847787573931,208.999997898936,6.5));
#4964=CARTESIAN_POINT('Ctrl Pts',(51.0969784950213,208.999997898936,6.83659921288461));
#4965=CARTESIAN_POINT('Ctrl Pts',(51.2832794028887,208.803188912902,7.39550193648661));
#4966=CARTESIAN_POINT('Ctrl Pts',(51.4505532071972,208.172342348382,7.89732334941233));
#4967=CARTESIAN_POINT('Ctrl Pts',(51.4847787573931,207.724397374193,8.));
#4968=CARTESIAN_POINT('Ctrl Pts',(51.4847787573931,207.499997898936,8.));
#4969=CARTESIAN_POINT('Ctrl Pts',(50.9847787573931,208.999997898936,6.5));
#4970=CARTESIAN_POINT('Ctrl Pts',(51.139721252213,208.999997898936,6.79385645569292));
#4971=CARTESIAN_POINT('Ctrl Pts',(51.3960518289472,208.863129609619,7.28231203477041));
#4972=CARTESIAN_POINT('Ctrl Pts',(51.696651699473,208.296148180425,7.84649231437906));
#4973=CARTESIAN_POINT('Ctrl Pts',(51.783978057735,207.769829517693,8.));
#4974=CARTESIAN_POINT('Ctrl Pts',(51.783978057735,207.499997898936,8.));
#4975=CARTESIAN_POINT('Ctrl Pts',(50.9847787573931,208.999997898936,6.5));
#4976=CARTESIAN_POINT('Ctrl Pts',(51.2145210772985,208.999997898936,6.71905663060746));
#4977=CARTESIAN_POINT('Ctrl Pts',(51.5964542444264,208.906934529729,7.08287385790753));
#4978=CARTESIAN_POINT('Ctrl Pts',(52.1259913749624,208.39976718614,7.58225294219032));
#4979=CARTESIAN_POINT('Ctrl Pts',(52.3017540249731,207.808861516813,7.74868357966684));
#4980=CARTESIAN_POINT('Ctrl Pts',(52.3017540249731,207.499997898936,7.74868357966684));
#4981=CARTESIAN_POINT('Ctrl Pts',(50.9847787573931,208.999997898936,6.5));
#4982=CARTESIAN_POINT('Ctrl Pts',(51.289320902384,208.999997898936,6.644256805522));
#4983=CARTESIAN_POINT('Ctrl Pts',(51.7963986963345,208.848302573605,6.8839916421574));
#4984=CARTESIAN_POINT('Ctrl Pts',(52.3442918658538,208.264295735262,7.15063831962368));
#4985=CARTESIAN_POINT('Ctrl Pts',(52.4847787573931,207.758020373559,7.22439947525642));
#4986=CARTESIAN_POINT('Ctrl Pts',(52.4847787573931,207.499997898936,7.22439947525642));
#4987=CARTESIAN_POINT('Ctrl Pts',(50.9847787573931,208.999997898936,6.5));
#4988=CARTESIAN_POINT('Ctrl Pts',(51.3213779702777,208.999997898936,6.61219973762823));
#4989=CARTESIAN_POINT('Ctrl Pts',(51.8802806938798,208.803188912902,6.79850064549553));
#4990=CARTESIAN_POINT('Ctrl Pts',(52.3821021068054,208.172342348382,6.96577444980412));
#4991=CARTESIAN_POINT('Ctrl Pts',(52.4847787573931,207.724397374193,7.));
#4992=CARTESIAN_POINT('Ctrl Pts',(52.4847787573931,207.499997898936,7.));
#4993=CARTESIAN_POINT('',(52.4847787573931,207.499997898936,7.));
#4994=CARTESIAN_POINT('Origin',(51.4847787573931,207.499997898936,7.));
#4995=CARTESIAN_POINT('',(50.9847787573931,208.999997898936,6.5));
#4996=CARTESIAN_POINT('Origin',(50.9847787573931,207.499997898936,6.5));
#4997=CARTESIAN_POINT('Origin',(50.9847787573931,207.499997898936,6.5));
#4998=CARTESIAN_POINT('Ctrl Pts',(29.4847787573932,207.499997898936,7.));
#4999=CARTESIAN_POINT('Ctrl Pts',(29.4847787573932,207.724397374193,7.));
#5000=CARTESIAN_POINT('Ctrl Pts',(29.4068408765329,208.059175310857,6.9740207063799));
#5001=CARTESIAN_POINT('Ctrl Pts',(28.9879259588931,208.731590073434,6.83438240049998));
#5002=CARTESIAN_POINT('Ctrl Pts',(28.433577707906,208.999997898936,6.64959965017095));
#5003=CARTESIAN_POINT('Ctrl Pts',(27.9847787573931,208.999997898936,6.50000000000001));
#5004=CARTESIAN_POINT('Ctrl Pts',(29.4847787573932,207.499997898936,7.29919930034189));
#5005=CARTESIAN_POINT('Ctrl Pts',(29.4847787573932,207.769829517693,7.29919930034189));
#5006=CARTESIAN_POINT('Ctrl Pts',(29.372849502081,208.164785964884,7.23557340856634));
#5007=CARTESIAN_POINT('Ctrl Pts',(28.8738723553748,208.819156691716,6.96701726029651));
#5008=CARTESIAN_POINT('Ctrl Pts',(28.3765873649837,208.999997898936,6.7065899930932));
#5009=CARTESIAN_POINT('Ctrl Pts',(27.9847787573931,208.999997898936,6.50000000000001));
#5010=CARTESIAN_POINT('Ctrl Pts',(29.2334657202475,207.499997898936,7.81697932692787));
#5011=CARTESIAN_POINT('Ctrl Pts',(29.2334657202475,207.808861516813,7.81697932692787));
#5012=CARTESIAN_POINT('Ctrl Pts',(29.1136034299926,208.254420629739,7.69052134088604));
#5013=CARTESIAN_POINT('Ctrl Pts',(28.6538819314559,208.886224809365,7.20298315879582));
#5014=CARTESIAN_POINT('Ctrl Pts',(28.2768542648698,208.999997898936,6.80632309320715));
#5015=CARTESIAN_POINT('Ctrl Pts',(27.9847787573932,208.999997898936,6.50000000000001));
#5016=CARTESIAN_POINT('Ctrl Pts',(28.7091782326496,207.499997898936,8.00000000000001));
#5017=CARTESIAN_POINT('Ctrl Pts',(28.7091782326496,207.758020373559,8.00000000000001));
#5018=CARTESIAN_POINT('Ctrl Pts',(28.655107338489,208.137530437102,7.89672063772374));
#5019=CARTESIAN_POINT('Ctrl Pts',(28.4197828479787,208.797218070285,7.41887364414495));
#5020=CARTESIAN_POINT('Ctrl Pts',(28.1771211647558,208.999997898936,6.9060561933211));
#5021=CARTESIAN_POINT('Ctrl Pts',(27.9847787573931,208.999997898936,6.50000000000001));
#5022=CARTESIAN_POINT('Ctrl Pts',(28.4847787573931,207.499997898936,8.00000000000001));
#5023=CARTESIAN_POINT('Ctrl Pts',(28.4847787573931,207.724397374193,8.00000000000001));
#5024=CARTESIAN_POINT('Ctrl Pts',(28.4587994637731,208.059175310857,7.92206211913972));
#5025=CARTESIAN_POINT('Ctrl Pts',(28.3191611578931,208.731590073434,7.50314720149996));
#5026=CARTESIAN_POINT('Ctrl Pts',(28.1343784075641,208.999997898936,6.94879895051279));
#5027=CARTESIAN_POINT('Ctrl Pts',(27.9847787573931,208.999997898936,6.50000000000001));
#5028=CARTESIAN_POINT('',(29.4847787573932,207.499997898936,7.));
#5029=CARTESIAN_POINT('',(27.9847787573932,208.999997898936,6.50000000000001));
#5030=CARTESIAN_POINT('Origin',(27.9847787573932,207.499997898936,6.5));
#5031=CARTESIAN_POINT('Origin',(27.9847787573932,207.499997898936,6.5));
#5032=CARTESIAN_POINT('Origin',(28.4847787573932,207.499997898936,7.));
#5033=CARTESIAN_POINT('Ctrl Pts',(18.4847787573931,207.499997898936,8.));
#5034=CARTESIAN_POINT('Ctrl Pts',(18.4847787573931,207.724397374193,8.));
#5035=CARTESIAN_POINT('Ctrl Pts',(18.5107571116761,208.059179255679,7.92206493715125));
#5036=CARTESIAN_POINT('Ctrl Pts',(18.6503949524061,208.731596770601,7.50315141496106));
#5037=CARTESIAN_POINT('Ctrl Pts',(18.8351791072222,208.999997898936,6.94879895051281));
#5038=CARTESIAN_POINT('Ctrl Pts',(18.9847787573931,208.999997898936,6.5));
#5039=CARTESIAN_POINT('Ctrl Pts',(18.1855794570513,207.499997898936,8.));
#5040=CARTESIAN_POINT('Ctrl Pts',(18.1855794570513,207.769829517693,8.));
#5041=CARTESIAN_POINT('Ctrl Pts',(18.2492025385796,208.16478609816,7.88807555763567));
#5042=CARTESIAN_POINT('Ctrl Pts',(18.5177586568638,208.819156414767,7.38909840236671));
#5043=CARTESIAN_POINT('Ctrl Pts',(18.7781887642999,208.999997898936,6.89180860759055));
#5044=CARTESIAN_POINT('Ctrl Pts',(18.9847787573931,208.999997898936,6.5));
#5045=CARTESIAN_POINT('Ctrl Pts',(17.6677974175595,207.499997898936,7.74868864047298));
#5046=CARTESIAN_POINT('Ctrl Pts',(17.6677974175595,207.808861516813,7.74868864047298));
#5047=CARTESIAN_POINT('Ctrl Pts',(17.7942566130331,208.254427187959,7.62882501480065));
#5048=CARTESIAN_POINT('Ctrl Pts',(18.2817985998366,208.886226199538,7.16909985575647));
#5049=CARTESIAN_POINT('Ctrl Pts',(18.678455664186,208.999997898936,6.79207550747661));
#5050=CARTESIAN_POINT('Ctrl Pts',(18.9847787573932,208.999997898936,6.5));
#5051=CARTESIAN_POINT('Ctrl Pts',(17.4847787573931,207.499997898936,7.22439947525641));
#5052=CARTESIAN_POINT('Ctrl Pts',(17.4847787573931,207.758020373559,7.22439947525641));
#5053=CARTESIAN_POINT('Ctrl Pts',(17.5880562816513,208.137534359446,7.17032866722341));
#5054=CARTESIAN_POINT('Ctrl Pts',(18.0659041507409,208.797221856661,6.93500321653457));
#5055=CARTESIAN_POINT('Ctrl Pts',(18.5787225640721,208.999997898936,6.69234240736266));
#5056=CARTESIAN_POINT('Ctrl Pts',(18.9847787573931,208.999997898936,6.5));
#5057=CARTESIAN_POINT('Ctrl Pts',(17.4847787573931,207.499997898936,6.99999999999999));
#5058=CARTESIAN_POINT('Ctrl Pts',(17.4847787573931,207.724397374193,6.99999999999999));
#5059=CARTESIAN_POINT('Ctrl Pts',(17.5627138202419,208.059179255679,6.97402164571708));
#5060=CARTESIAN_POINT('Ctrl Pts',(17.9816273424321,208.731596770601,6.83438380498701));
#5061=CARTESIAN_POINT('Ctrl Pts',(18.5359798068804,208.999997898936,6.64959965017096));
#5062=CARTESIAN_POINT('Ctrl Pts',(18.9847787573931,208.999997898936,6.5));
#5063=CARTESIAN_POINT('',(18.9847787573931,208.999997898936,6.5));
#5064=CARTESIAN_POINT('Origin',(18.9847787573931,207.499997898936,6.5));
#5065=CARTESIAN_POINT('',(17.4847787573931,207.499997898936,6.99999999999999));
#5066=CARTESIAN_POINT('Origin',(18.9847787573931,207.499997898936,6.5));
#5067=CARTESIAN_POINT('Origin',(18.4847787573931,207.499997898936,6.99999999999999));
#5068=CARTESIAN_POINT('Ctrl Pts',(50.9847787573931,115.,6.5));
#5069=CARTESIAN_POINT('Ctrl Pts',(51.3213779702778,115.,6.61219973762821));
#5070=CARTESIAN_POINT('Ctrl Pts',(51.8802959983783,115.196772793387,6.79850574699505));
#5071=CARTESIAN_POINT('Ctrl Pts',(52.382113041126,115.827637758638,6.96577809457762));
#5072=CARTESIAN_POINT('Ctrl Pts',(52.4847787573932,116.275600524744,7.));
#5073=CARTESIAN_POINT('Ctrl Pts',(52.4847787573932,116.5,7.));
#5074=CARTESIAN_POINT('Ctrl Pts',(50.9847787573931,115.,6.5));
#5075=CARTESIAN_POINT('Ctrl Pts',(51.2786352130861,115.,6.65494249481991));
#5076=CARTESIAN_POINT('Ctrl Pts',(51.7672176268465,115.136865604275,6.91134469972849));
#5077=CARTESIAN_POINT('Ctrl Pts',(52.3313638941722,115.703845311519,7.2119268054585));
#5078=CARTESIAN_POINT('Ctrl Pts',(52.4847787573932,116.230168381244,7.29919930034189));
#5079=CARTESIAN_POINT('Ctrl Pts',(52.4847787573932,116.5,7.29919930034189));
#5080=CARTESIAN_POINT('Ctrl Pts',(50.9847787573931,115.,6.5));
#5081=CARTESIAN_POINT('Ctrl Pts',(51.2038353880006,115.,6.72974231990538));
#5082=CARTESIAN_POINT('Ctrl Pts',(51.5677295575727,115.093008569708,7.1117660085031));
#5083=CARTESIAN_POINT('Ctrl Pts',(52.0671117376949,115.600128042231,7.6413032792641));
#5084=CARTESIAN_POINT('Ctrl Pts',(52.2334806960981,116.191136382123,7.81699729583651));
#5085=CARTESIAN_POINT('Ctrl Pts',(52.233480696098,116.5,7.81699729583651));
#5086=CARTESIAN_POINT('Ctrl Pts',(50.9847787573931,115.,6.5));
#5087=CARTESIAN_POINT('Ctrl Pts',(51.1290355629151,115.,6.80454214499086));
#5088=CARTESIAN_POINT('Ctrl Pts',(51.3687880734877,115.151668968764,7.31167771045751));
#5089=CARTESIAN_POINT('Ctrl Pts',(51.635437068775,115.735668009627,7.8595620554578));
#5090=CARTESIAN_POINT('Ctrl Pts',(51.7091782326496,116.241977525378,8.00000000000001));
#5091=CARTESIAN_POINT('Ctrl Pts',(51.7091782326496,116.5,8.00000000000001));
#5092=CARTESIAN_POINT('Ctrl Pts',(50.9847787573931,115.,6.5));
#5093=CARTESIAN_POINT('Ctrl Pts',(51.0969784950213,115.,6.83659921288463));
#5094=CARTESIAN_POINT('Ctrl Pts',(51.2832845043882,115.196772793387,7.39551724098519));
#5095=CARTESIAN_POINT('Ctrl Pts',(51.4505568519708,115.827637758638,7.89733428373288));
#5096=CARTESIAN_POINT('Ctrl Pts',(51.4847787573931,116.275600524744,8.00000000000001));
#5097=CARTESIAN_POINT('Ctrl Pts',(51.4847787573931,116.5,8.00000000000001));
#5098=CARTESIAN_POINT('',(52.4847787573932,116.5,7.));
#5099=CARTESIAN_POINT('Origin',(51.4847787573931,116.5,7.));
#5100=CARTESIAN_POINT('',(50.9847787573931,115.,6.5));
#5101=CARTESIAN_POINT('Origin',(50.9847787573931,116.5,6.5));
#5102=CARTESIAN_POINT('Origin',(50.9847787573931,116.5,6.5));
#5103=CARTESIAN_POINT('Ctrl Pts',(41.9847787573932,115.,6.5));
#5104=CARTESIAN_POINT('Ctrl Pts',(41.8725790197649,115.,6.83659921288462));
#5105=CARTESIAN_POINT('Ctrl Pts',(41.6862721274619,115.196766491129,7.39551988979381));
#5106=CARTESIAN_POINT('Ctrl Pts',(41.5190000302697,115.82763470714,7.89733618137026));
#5107=CARTESIAN_POINT('Ctrl Pts',(41.4847787573932,116.275600524744,8.));
#5108=CARTESIAN_POINT('Ctrl Pts',(41.4847787573932,116.5,8.));
#5109=CARTESIAN_POINT('Ctrl Pts',(41.9847787573932,115.,6.5));
#5110=CARTESIAN_POINT('Ctrl Pts',(41.8298362625733,115.,6.79385645569292));
#5111=CARTESIAN_POINT('Ctrl Pts',(41.5734216734519,115.136865151368,7.28246081076216));
#5112=CARTESIAN_POINT('Ctrl Pts',(41.2728425919255,115.703844535502,7.84660125590345));
#5113=CARTESIAN_POINT('Ctrl Pts',(41.1855794570513,116.230168381244,8.));
#5114=CARTESIAN_POINT('Ctrl Pts',(41.1855794570513,116.5,8.));
#5115=CARTESIAN_POINT('Ctrl Pts',(41.9847787573932,115.,6.5));
#5116=CARTESIAN_POINT('Ctrl Pts',(41.7550364374878,115.,6.71905663060745));
#5117=CARTESIAN_POINT('Ctrl Pts',(41.3729972221435,115.092999329987,7.08296398338935));
#5118=CARTESIAN_POINT('Ctrl Pts',(40.8434596345171,115.600109853261,7.58234697659258));
#5119=CARTESIAN_POINT('Ctrl Pts',(40.6677775095007,116.191136382123,7.74870523247199));
#5120=CARTESIAN_POINT('Ctrl Pts',(40.6677775095007,116.5,7.74870523247199));
#5121=CARTESIAN_POINT('Ctrl Pts',(41.9847787573932,115.,6.5));
#5122=CARTESIAN_POINT('Ctrl Pts',(41.6802366124023,115.,6.64425680552198));
#5123=CARTESIAN_POINT('Ctrl Pts',(41.1730910845854,115.151664479811,6.88401234006046));
#5124=CARTESIAN_POINT('Ctrl Pts',(40.6252081727507,115.735662013336,7.15066181403935));
#5125=CARTESIAN_POINT('Ctrl Pts',(40.4847787573932,116.241977525378,7.22439947525642));
#5126=CARTESIAN_POINT('Ctrl Pts',(40.4847787573932,116.5,7.22439947525642));
#5127=CARTESIAN_POINT('Ctrl Pts',(41.9847787573932,115.,6.5));
#5128=CARTESIAN_POINT('Ctrl Pts',(41.6481795445085,115.,6.61219973762821));
#5129=CARTESIAN_POINT('Ctrl Pts',(41.0892588675994,115.196766491129,6.79850662993128));
#5130=CARTESIAN_POINT('Ctrl Pts',(40.5874425760229,115.82763470714,6.96577872712343));
#5131=CARTESIAN_POINT('Ctrl Pts',(40.4847787573932,116.275600524744,7.));
#5132=CARTESIAN_POINT('Ctrl Pts',(40.4847787573932,116.5,7.));
#5133=CARTESIAN_POINT('',(40.4847787573932,116.5,7.));
#5134=CARTESIAN_POINT('Origin',(41.4847787573932,116.5,7.));
#5135=CARTESIAN_POINT('',(41.9847787573932,115.,6.5));
#5136=CARTESIAN_POINT('Origin',(41.9847787573932,116.5,6.5));
#5137=CARTESIAN_POINT('Origin',(41.9847787573932,116.5,6.5));
#5138=CARTESIAN_POINT('Ctrl Pts',(17.4847787573931,116.5,7.));
#5139=CARTESIAN_POINT('Ctrl Pts',(17.4847787573932,116.275600524744,7.));
#5140=CARTESIAN_POINT('Ctrl Pts',(17.5874375680805,115.827626708722,6.96578039643755));
#5141=CARTESIAN_POINT('Ctrl Pts',(18.0892518882284,115.196749827485,6.79850895638825));
#5142=CARTESIAN_POINT('Ctrl Pts',(18.6481795445085,115.,6.61219973762821));
#5143=CARTESIAN_POINT('Ctrl Pts',(18.9847787573931,115.,6.5));
#5144=CARTESIAN_POINT('Ctrl Pts',(17.4847787573931,116.5,7.29919930034188));
#5145=CARTESIAN_POINT('Ctrl Pts',(17.4847787573932,116.230168381244,7.29919930034188));
#5146=CARTESIAN_POINT('Ctrl Pts',(17.6381349475346,115.703842470711,7.21196088511464));
#5147=CARTESIAN_POINT('Ctrl Pts',(18.2022601490607,115.136863975821,6.91138969596737));
#5148=CARTESIAN_POINT('Ctrl Pts',(18.6909223017002,115.,6.6549424948199));
#5149=CARTESIAN_POINT('Ctrl Pts',(18.9847787573931,115.,6.5));
#5150=CARTESIAN_POINT('Ctrl Pts',(17.736064672966,116.5,7.81701186899027));
#5151=CARTESIAN_POINT('Ctrl Pts',(17.736064672966,116.191136382123,7.81701186899026));
#5152=CARTESIAN_POINT('Ctrl Pts',(17.9023946844359,115.600061292966,7.64136109990275));
#5153=CARTESIAN_POINT('Ctrl Pts',(18.4017802388321,115.092975357348,7.11182223535501));
#5154=CARTESIAN_POINT('Ctrl Pts',(18.7657221267857,115.,6.72974231990536));
#5155=CARTESIAN_POINT('Ctrl Pts',(18.9847787573931,115.,6.5));
#5156=CARTESIAN_POINT('Ctrl Pts',(18.2603792821367,116.5,8.));
#5157=CARTESIAN_POINT('Ctrl Pts',(18.2603792821367,116.241977525378,7.99999999999999));
#5158=CARTESIAN_POINT('Ctrl Pts',(18.3341076498388,115.735646085138,7.85959314544929));
#5159=CARTESIAN_POINT('Ctrl Pts',(18.6007585021966,115.151652761565,7.31171386775676));
#5160=CARTESIAN_POINT('Ctrl Pts',(18.8405219518712,115.,6.80454214499083));
#5161=CARTESIAN_POINT('Ctrl Pts',(18.9847787573931,115.,6.5));
#5162=CARTESIAN_POINT('Ctrl Pts',(18.4847787573931,116.5,8.));
#5163=CARTESIAN_POINT('Ctrl Pts',(18.4847787573931,116.275600524744,7.99999999999999));
#5164=CARTESIAN_POINT('Ctrl Pts',(18.5189983609556,115.827626708722,7.89734118931262));
#5165=CARTESIAN_POINT('Ctrl Pts',(18.6862698010049,115.196749827485,7.39552686916474));
#5166=CARTESIAN_POINT('Ctrl Pts',(18.8725790197649,115.,6.8365992128846));
#5167=CARTESIAN_POINT('Ctrl Pts',(18.9847787573931,115.,6.5));
#5168=CARTESIAN_POINT('',(17.4847787573931,116.5,7.));
#5169=CARTESIAN_POINT('',(18.9847787573931,115.,6.5));
#5170=CARTESIAN_POINT('Origin',(18.9847787573931,116.5,6.5));
#5171=CARTESIAN_POINT('Origin',(18.9847787573931,116.5,6.5));
#5172=CARTESIAN_POINT('Origin',(18.4847787573931,116.5,7.));
#5173=CARTESIAN_POINT('Ctrl Pts',(28.4847787573931,116.5,8.));
#5174=CARTESIAN_POINT('Ctrl Pts',(28.4847787573931,116.275600524744,8.));
#5175=CARTESIAN_POINT('Ctrl Pts',(28.4588116959714,115.940771433312,7.92209881573465));
#5176=CARTESIAN_POINT('Ctrl Pts',(28.3191796912668,115.268319229822,7.50320280162103));
#5177=CARTESIAN_POINT('Ctrl Pts',(28.1343784075641,115.,6.94879895051282));
#5178=CARTESIAN_POINT('Ctrl Pts',(27.9847787573932,115.,6.5));
#5179=CARTESIAN_POINT('Ctrl Pts',(28.783978057735,116.5,8.));
#5180=CARTESIAN_POINT('Ctrl Pts',(28.783978057735,116.230168381244,8.));
#5181=CARTESIAN_POINT('Ctrl Pts',(28.7203891284405,115.835210070155,7.88813406434086));
#5182=CARTESIAN_POINT('Ctrl Pts',(28.4518331202597,115.18084499353,7.38915633417137));
#5183=CARTESIAN_POINT('Ctrl Pts',(28.1913687504864,115.,6.89180860759056));
#5184=CARTESIAN_POINT('Ctrl Pts',(27.9847787573932,115.,6.5));
#5185=CARTESIAN_POINT('Ctrl Pts',(29.3017854492639,116.5,7.74870976965373));
#5186=CARTESIAN_POINT('Ctrl Pts',(29.3017854492639,116.191136382123,7.74870976965373));
#5187=CARTESIAN_POINT('Ctrl Pts',(29.1753118040899,115.745488961873,7.62883024752805));
#5188=CARTESIAN_POINT('Ctrl Pts',(28.6877211294471,115.113756549551,7.16905830509755));
#5189=CARTESIAN_POINT('Ctrl Pts',(28.2911018506003,115.,6.7920755074766));
#5190=CARTESIAN_POINT('Ctrl Pts',(27.9847787573932,115.,6.5));
#5191=CARTESIAN_POINT('Ctrl Pts',(29.4847787573932,116.5,7.22439947525641));
#5192=CARTESIAN_POINT('Ctrl Pts',(29.4847787573932,116.241977525378,7.22439947525641));
#5193=CARTESIAN_POINT('Ctrl Pts',(29.381523811372,115.862415824299,7.17032997295289));
#5194=CARTESIAN_POINT('Ctrl Pts',(28.9036646086525,115.20273043918,6.93499227934526));
#5195=CARTESIAN_POINT('Ctrl Pts',(28.3908349507143,115.,6.69234240736264));
#5196=CARTESIAN_POINT('Ctrl Pts',(27.9847787573932,115.,6.5));
#5197=CARTESIAN_POINT('Ctrl Pts',(29.4847787573932,116.5,7.));
#5198=CARTESIAN_POINT('Ctrl Pts',(29.4847787573932,116.275600524744,7.));
#5199=CARTESIAN_POINT('Ctrl Pts',(29.4068775731278,115.940771433312,6.97403293857822));
#5200=CARTESIAN_POINT('Ctrl Pts',(28.9879815590142,115.268319229822,6.83440093387368));
#5201=CARTESIAN_POINT('Ctrl Pts',(28.433577707906,115.,6.64959965017094));
#5202=CARTESIAN_POINT('Ctrl Pts',(27.9847787573932,115.,6.5));
#5203=CARTESIAN_POINT('',(27.9847787573932,115.,6.5));
#5204=CARTESIAN_POINT('Origin',(27.9847787573932,116.5,6.5));
#5205=CARTESIAN_POINT('',(29.4847787573931,116.5,7.));
#5206=CARTESIAN_POINT('Origin',(27.9847787573932,116.5,6.5));
#5207=CARTESIAN_POINT('Origin',(28.4847787573931,116.5,7.));
#5208=CARTESIAN_POINT('Origin',(27.9847787573932,116.5,2.));
#5209=CARTESIAN_POINT('',(27.9847787573932,115.,2.5));
#5210=CARTESIAN_POINT('',(27.9847787573932,115.,2.));
#5211=CARTESIAN_POINT('',(29.4847787573931,116.5,4.));
#5212=CARTESIAN_POINT('Origin',(27.9847787573932,116.5,2.5));
#5213=CARTESIAN_POINT('',(29.4847787573931,116.5,2.));
#5214=CARTESIAN_POINT('Origin',(28.2499989215285,116.5,2.5));
#5215=CARTESIAN_POINT('',(40.4847787573932,116.5,4.));
#5216=CARTESIAN_POINT('',(28.2499989215285,116.5,4.));
#5217=CARTESIAN_POINT('',(41.9847787573932,115.,2.5));
#5218=CARTESIAN_POINT('',(28.2499989215285,115.,2.5));
#5219=CARTESIAN_POINT('Origin',(41.9847787573932,116.5,2.5));
#5220=CARTESIAN_POINT('Origin',(41.9847787573932,116.5,2.));
#5221=CARTESIAN_POINT('',(40.4847787573932,116.5,2.));
#5222=CARTESIAN_POINT('',(41.9847787573932,115.,2.));
#5223=CARTESIAN_POINT('Origin',(1.74238937869657,116.5,6.5));
#5224=CARTESIAN_POINT('',(1.74238937869657,115.,6.5));
#5225=CARTESIAN_POINT('Origin',(18.9847787573931,207.499997898936,2.));
#5226=CARTESIAN_POINT('',(18.9847787573931,208.999997898936,2.5));
#5227=CARTESIAN_POINT('',(18.9847787573931,208.999997898936,2.));
#5228=CARTESIAN_POINT('',(17.4847787573932,207.499997898936,4.));
#5229=CARTESIAN_POINT('Origin',(18.9847787573931,207.499997898936,2.5));
#5230=CARTESIAN_POINT('',(17.4847787573931,207.499997898936,2.));
#5231=CARTESIAN_POINT('Origin',(124.749996764585,207.499997898936,2.5));
#5232=CARTESIAN_POINT('',(-15.,208.999997898936,2.5));
#5233=CARTESIAN_POINT('',(124.749996764585,208.999997898936,2.5));
#5234=CARTESIAN_POINT('',(-15.,207.499997898936,4.));
#5235=CARTESIAN_POINT('Origin',(-15.,207.499997898936,2.5));
#5236=CARTESIAN_POINT('',(124.749996764585,207.499997898936,4.));
#5237=CARTESIAN_POINT('Origin',(-15.,203.999997898936,2.5));
#5238=CARTESIAN_POINT('',(-20.,203.999997898936,2.5));
#5239=CARTESIAN_POINT('',(-18.5,203.999997898936,4.));
#5240=CARTESIAN_POINT('Origin',(-18.5,203.999997898936,2.5));
#5241=CARTESIAN_POINT('Origin',(-15.,203.999997898936,4.));
#5242=CARTESIAN_POINT('Origin',(-15.,203.999997898936,2.5));
#5243=CARTESIAN_POINT('Origin',(-18.5,185.499998424202,2.5));
#5244=CARTESIAN_POINT('',(-20.,120.,2.5));
#5245=CARTESIAN_POINT('',(-18.5,120.,4.));
#5246=CARTESIAN_POINT('Origin',(-18.5,120.,2.5));
#5247=CARTESIAN_POINT('',(-18.5,185.499998424202,4.));
#5248=CARTESIAN_POINT('',(-20.,185.499998424202,2.5));
#5249=CARTESIAN_POINT('Origin',(-15.,120.,2.5));
#5250=CARTESIAN_POINT('',(-15.,115.,2.5));
#5251=CARTESIAN_POINT('',(-15.,116.5,4.));
#5252=CARTESIAN_POINT('Origin',(-15.,116.5,2.5));
#5253=CARTESIAN_POINT('Origin',(-15.,120.,4.));
#5254=CARTESIAN_POINT('Origin',(-15.,120.,2.5));
#5255=CARTESIAN_POINT('Origin',(28.2499989215285,116.5,2.5));
#5256=CARTESIAN_POINT('',(17.4847787573932,116.5,4.));
#5257=CARTESIAN_POINT('',(28.2499989215285,116.5,4.));
#5258=CARTESIAN_POINT('',(18.9847787573931,115.,2.5));
#5259=CARTESIAN_POINT('',(28.2499989215285,115.,2.5));
#5260=CARTESIAN_POINT('Origin',(18.9847787573931,116.5,2.5));
#5261=CARTESIAN_POINT('Origin',(18.9847787573931,116.5,2.));
#5262=CARTESIAN_POINT('',(17.4847787573931,116.5,2.));
#5263=CARTESIAN_POINT('',(18.9847787573931,115.,2.));
#5264=CARTESIAN_POINT('Origin',(1.74238937869657,116.5,6.5));
#5265=CARTESIAN_POINT('',(1.74238937869657,115.,6.5));
#5266=CARTESIAN_POINT('Origin',(28.2499989215285,116.5,2.5));
#5267=CARTESIAN_POINT('',(50.9847787573931,115.,2.5));
#5268=CARTESIAN_POINT('',(167.999995686114,115.,2.5));
#5269=CARTESIAN_POINT('',(28.2499989215285,115.,2.5));
#5270=CARTESIAN_POINT('',(167.999995686114,116.5,4.));
#5271=CARTESIAN_POINT('Origin',(167.999995686114,116.5,2.5));
#5272=CARTESIAN_POINT('',(52.4847787573932,116.5,4.));
#5273=CARTESIAN_POINT('',(28.2499989215285,116.5,4.));
#5274=CARTESIAN_POINT('Origin',(50.9847787573931,116.5,2.5));
#5275=CARTESIAN_POINT('Origin',(50.9847787573931,116.5,2.));
#5276=CARTESIAN_POINT('',(50.9847787573931,115.,2.));
#5277=CARTESIAN_POINT('',(52.4847787573932,116.5,2.));
#5278=CARTESIAN_POINT('Origin',(167.999995686114,120.,2.5));
#5279=CARTESIAN_POINT('',(172.999995686114,120.,2.5));
#5280=CARTESIAN_POINT('',(171.499995686114,120.,4.));
#5281=CARTESIAN_POINT('Origin',(171.499995686114,120.,2.5));
#5282=CARTESIAN_POINT('Origin',(167.999995686114,120.,4.));
#5283=CARTESIAN_POINT('Origin',(167.999995686114,120.,2.5));
#5284=CARTESIAN_POINT('Origin',(171.499995686114,138.499999474734,2.5));
#5285=CARTESIAN_POINT('',(172.999995686114,203.999997898936,2.5));
#5286=CARTESIAN_POINT('',(171.499995686114,203.999997898936,4.));
#5287=CARTESIAN_POINT('Origin',(171.499995686114,203.999997898936,2.5));
#5288=CARTESIAN_POINT('',(171.499995686114,138.499999474734,4.));
#5289=CARTESIAN_POINT('',(172.999995686114,138.499999474734,2.5));
#5290=CARTESIAN_POINT('Origin',(167.999995686114,203.999997898936,2.5));
#5291=CARTESIAN_POINT('',(167.999995686114,208.999997898936,2.5));
#5292=CARTESIAN_POINT('',(167.999995686114,207.499997898936,4.));
#5293=CARTESIAN_POINT('Origin',(167.999995686114,207.499997898936,2.5));
#5294=CARTESIAN_POINT('Origin',(167.999995686114,203.999997898936,4.));
#5295=CARTESIAN_POINT('Origin',(167.999995686114,203.999997898936,2.5));
#5296=CARTESIAN_POINT('Origin',(124.749996764585,207.499997898936,2.5));
#5297=CARTESIAN_POINT('',(52.4847787573932,207.499997898936,4.));
#5298=CARTESIAN_POINT('',(124.749996764585,207.499997898936,4.));
#5299=CARTESIAN_POINT('',(50.9847787573931,208.999997898936,2.5));
#5300=CARTESIAN_POINT('',(124.749996764585,208.999997898936,2.5));
#5301=CARTESIAN_POINT('Origin',(50.9847787573931,207.499997898936,2.5));
#5302=CARTESIAN_POINT('Origin',(50.9847787573931,207.499997898936,2.));
#5303=CARTESIAN_POINT('',(52.4847787573932,207.499997898936,2.));
#5304=CARTESIAN_POINT('',(50.9847787573931,208.999997898936,2.));
#5305=CARTESIAN_POINT('Origin',(98.2423872217535,207.499997898936,6.5));
#5306=CARTESIAN_POINT('',(98.2423872217535,208.999997898936,6.5));
#5307=CARTESIAN_POINT('Origin',(124.749996764585,207.499997898936,2.5));
#5308=CARTESIAN_POINT('',(41.9847787573932,208.999997898936,2.5));
#5309=CARTESIAN_POINT('',(27.9847787573932,208.999997898936,2.5));
#5310=CARTESIAN_POINT('',(124.749996764585,208.999997898936,2.5));
#5311=CARTESIAN_POINT('',(29.4847787573931,207.499997898936,4.));
#5312=CARTESIAN_POINT('Origin',(27.9847787573932,207.499997898936,2.5));
#5313=CARTESIAN_POINT('',(40.4847787573932,207.499997898936,4.));
#5314=CARTESIAN_POINT('',(124.749996764585,207.499997898936,4.));
#5315=CARTESIAN_POINT('Origin',(41.9847787573932,207.499997898936,2.5));
#5316=CARTESIAN_POINT('Origin',(27.9847787573932,207.499997898936,2.));
#5317=CARTESIAN_POINT('',(29.4847787573931,207.499997898936,2.));
#5318=CARTESIAN_POINT('',(27.9847787573932,208.999997898936,2.));
#5319=CARTESIAN_POINT('Origin',(41.9847787573932,207.499997898936,2.));
#5320=CARTESIAN_POINT('',(41.9847787573932,208.999997898936,2.));
#5321=CARTESIAN_POINT('',(40.4847787573932,207.499997898936,2.));
#5322=CARTESIAN_POINT('Origin',(98.2423872217535,207.499997898936,6.5));
#5323=CARTESIAN_POINT('',(98.2423872217535,208.999997898936,6.5));
#5324=CARTESIAN_POINT('Origin',(-15.,120.,0.));
#5325=CARTESIAN_POINT('',(-20.,120.,0.));
#5326=CARTESIAN_POINT('',(-15.,115.,0.));
#5327=CARTESIAN_POINT('Origin',(-20.,208.999997898936,0.));
#5328=CARTESIAN_POINT('',(-20.,203.999997898936,0.));
#5329=CARTESIAN_POINT('Origin',(-15.,203.999997898936,0.));
#5330=CARTESIAN_POINT('',(-15.,208.999997898936,0.));
#5331=CARTESIAN_POINT('Origin',(172.999995686114,208.999997898936,0.));
#5332=CARTESIAN_POINT('',(167.999995686114,208.999997898936,0.));
#5333=CARTESIAN_POINT('Origin',(76.4999978430569,161.999998949468,4.));
#5334=CARTESIAN_POINT('',(52.4847787573932,198.500001221895,4.));
#5335=CARTESIAN_POINT('',(52.4847787573932,138.499999474734,4.));
#5336=CARTESIAN_POINT('',(138.020289574476,198.500001221895,4.));
#5337=CARTESIAN_POINT('',(35.2499990258366,198.500001221895,4.));
#5338=CARTESIAN_POINT('',(140.691336411061,200.520868736213,4.));
#5339=CARTESIAN_POINT('Origin',(138.591336411061,200.520868736213,4.));
#5340=CARTESIAN_POINT('',(139.162383247647,198.500001221895,4.));
#5341=CARTESIAN_POINT('Origin',(138.591336411061,200.520868736213,4.));
#5342=CARTESIAN_POINT('',(156.00000269711,198.500001221895,4.));
#5343=CARTESIAN_POINT('',(35.2499990258366,198.500001221895,4.));
#5344=CARTESIAN_POINT('',(162.50000269711,192.000001221895,4.));
#5345=CARTESIAN_POINT('Origin',(156.00000269711,192.000001221895,4.));
#5346=CARTESIAN_POINT('',(162.50000269711,132.000000178814,4.));
#5347=CARTESIAN_POINT('',(162.50000269711,179.500000085682,4.));
#5348=CARTESIAN_POINT('',(156.00000269711,125.500000178814,4.));
#5349=CARTESIAN_POINT('Origin',(156.00000269711,132.000000178814,4.));
#5350=CARTESIAN_POINT('',(141.080720054508,125.500000178814,4.));
#5351=CARTESIAN_POINT('',(118.750000270084,125.500000178814,4.));
#5352=CARTESIAN_POINT('',(134.129349200188,125.500000178814,4.));
#5353=CARTESIAN_POINT('Origin',(137.605034627348,125.530749289361,4.));
#5354=CARTESIAN_POINT('',(52.4847787573932,125.500000178814,4.));
#5355=CARTESIAN_POINT('',(118.750000270084,125.500000178814,4.));
#5356=CARTESIAN_POINT('',(52.4847787573932,138.499999474734,4.));
#5357=CARTESIAN_POINT('',(139.705034627348,125.530749289361,4.));
#5358=CARTESIAN_POINT('Origin',(137.605034627348,125.530749289361,4.));
#5359=CARTESIAN_POINT('Origin',(52.4847787573932,115.,4.));
#5360=CARTESIAN_POINT('',(52.4847787573932,126.560660350594,3.56066017177982));
#5361=CARTESIAN_POINT('Origin',(52.4847787573932,125.500000178814,2.5));
#5362=CARTESIAN_POINT('',(52.4847787573932,129.000000178814,6.));
#5363=CARTESIAN_POINT('',(52.4847787573932,124.50000013411,1.49999995529652));
#5364=CARTESIAN_POINT('',(52.4847787573932,195.000001221895,6.));
#5365=CARTESIAN_POINT('',(52.4847787573932,119.000000059605,6.));
#5366=CARTESIAN_POINT('',(52.4847787573932,197.439341050115,3.56066017177982));
#5367=CARTESIAN_POINT('',(52.4847787573932,176.000000916421,25.0000003054738));
#5368=CARTESIAN_POINT('Origin',(52.4847787573932,198.500001221895,2.5));
#5369=CARTESIAN_POINT('',(52.4847787573932,117.000000029802,7.));
#5370=CARTESIAN_POINT('Origin',(51.4847787573932,117.000000029802,7.));
#5371=CARTESIAN_POINT('Origin',(41.4847787573932,163.99999897927,7.));
#5372=CARTESIAN_POINT('',(40.4847787573932,163.99999897927,7.));
#5373=CARTESIAN_POINT('Origin',(40.4847787573932,208.999997898936,4.));
#5374=CARTESIAN_POINT('',(40.4847787573932,198.500001221895,4.));
#5375=CARTESIAN_POINT('',(40.4847787573932,185.499998424202,4.));
#5376=CARTESIAN_POINT('',(40.4847787573932,197.439341050115,3.56066017177982));
#5377=CARTESIAN_POINT('Origin',(40.4847787573932,198.500001221895,2.5));
#5378=CARTESIAN_POINT('',(40.4847787573932,195.000001221895,6.));
#5379=CARTESIAN_POINT('',(40.4847787573932,199.500000391155,1.50000083073973));
#5380=CARTESIAN_POINT('',(40.4847787573932,129.000000178814,6.));
#5381=CARTESIAN_POINT('',(40.4847787573932,165.999999009073,6.));
#5382=CARTESIAN_POINT('',(40.4847787573932,126.560660350594,3.56066017177982));
#5383=CARTESIAN_POINT('',(40.4847787573932,147.999999608844,24.9999994300306));
#5384=CARTESIAN_POINT('',(40.4847787573932,125.500000178814,4.));
#5385=CARTESIAN_POINT('Origin',(40.4847787573932,125.500000178814,2.5));
#5386=CARTESIAN_POINT('',(40.4847787573932,185.499998424202,4.));
#5387=CARTESIAN_POINT('Origin',(76.4999978430569,161.999998949468,4.));
#5388=CARTESIAN_POINT('',(29.4847787573931,198.500001221895,4.));
#5389=CARTESIAN_POINT('',(29.4847787573931,138.499999474734,4.));
#5390=CARTESIAN_POINT('',(35.2499990258366,198.500001221895,4.));
#5391=CARTESIAN_POINT('Origin',(103.742390727252,128.000000178814,5.));
#5392=CARTESIAN_POINT('',(103.742390727252,129.000000178814,6.));
#5393=CARTESIAN_POINT('',(118.750000270084,126.560660350594,3.56066017177982));
#5394=CARTESIAN_POINT('Origin',(103.742390727252,128.000000178814,5.));
#5395=CARTESIAN_POINT('',(29.4847787573931,126.560660350594,3.56066017177982));
#5396=CARTESIAN_POINT('',(29.4847787573931,129.000000178814,6.));
#5397=CARTESIAN_POINT('',(29.4847787573931,124.50000013411,1.49999995529652));
#5398=CARTESIAN_POINT('',(118.750000270084,126.560660350594,3.56066017177982));
#5399=CARTESIAN_POINT('',(103.742390727252,129.000000178814,6.));
#5400=CARTESIAN_POINT('Origin',(103.742390727252,128.000000178814,5.));
#5401=CARTESIAN_POINT('',(118.750000270084,126.560660350594,3.56066017177982));
#5402=CARTESIAN_POINT('',(103.742390727252,129.000000178814,6.));
#5403=CARTESIAN_POINT('Origin',(137.605034627348,125.530749289361,2.5));
#5404=CARTESIAN_POINT('',(142.358990963505,127.000000178814,2.5));
#5405=CARTESIAN_POINT('',(132.851078291191,127.000000178814,2.5));
#5406=CARTESIAN_POINT('Origin',(137.605034627348,125.530749289361,2.5));
#5407=CARTESIAN_POINT('',(133.187009182692,126.560660364275,3.56066015809869));
#5408=CARTESIAN_POINT('Ctrl Pts',(133.187009190949,126.560660367553,3.56066015482083));
#5409=CARTESIAN_POINT('Ctrl Pts',(133.146543012904,126.611644826938,3.50967569380492));
#5410=CARTESIAN_POINT('Ctrl Pts',(133.108751719182,126.659960799794,3.4540190812179));
#5411=CARTESIAN_POINT('Ctrl Pts',(133.001563244229,126.798463050666,3.26728280746171));
#5412=CARTESIAN_POINT('Ctrl Pts',(132.943919827923,126.875147680547,3.12235633452626));
#5413=CARTESIAN_POINT('Ctrl Pts',(132.869601287775,126.97475616173,2.81478416429575));
#5414=CARTESIAN_POINT('Ctrl Pts',(132.851078291191,127.000000178814,2.65881740135837));
#5415=CARTESIAN_POINT('Ctrl Pts',(132.851078291191,127.000000178814,2.5));
#5416=CARTESIAN_POINT('Ctrl Pts',(133.18700920441,126.560660350594,3.56066017177981));
#5417=CARTESIAN_POINT('Ctrl Pts',(133.300753535409,126.417350715568,3.70396980680557));
#5418=CARTESIAN_POINT('Ctrl Pts',(133.434589987807,126.254427666816,3.80919304017545));
#5419=CARTESIAN_POINT('Ctrl Pts',(133.748854682844,125.893749274443,3.96253259344145));
#5420=CARTESIAN_POINT('Ctrl Pts',(133.932482085203,125.695424132987,3.99933059793758));
#5421=CARTESIAN_POINT('Ctrl Pts',(134.125848718835,125.503471139567,3.99999698925643));
#5422=CARTESIAN_POINT('Ctrl Pts',(134.127598631905,125.501735328464,4.));
#5423=CARTESIAN_POINT('Ctrl Pts',(134.129349200188,125.500000178814,4.));
#5424=CARTESIAN_POINT('Ctrl Pts',(141.080720054508,125.500000178814,4.));
#5425=CARTESIAN_POINT('Ctrl Pts',(141.082408669881,125.501673921223,4.));
#5426=CARTESIAN_POINT('Ctrl Pts',(141.084096675699,125.503348279196,3.99999719858675));
#5427=CARTESIAN_POINT('Ctrl Pts',(141.222634292924,125.64086575571,3.99953668968245));
#5428=CARTESIAN_POINT('Ctrl Pts',(141.3554854854,125.780837382956,3.98063372376813));
#5429=CARTESIAN_POINT('Ctrl Pts',(141.602123938502,126.053510035325,3.90101699386529));
#5430=CARTESIAN_POINT('Ctrl Pts',(141.71647063349,126.186210086097,3.84226892186363));
#5431=CARTESIAN_POINT('Ctrl Pts',(141.941518102764,126.456817372636,3.66789489294786));
#5432=CARTESIAN_POINT('Ctrl Pts',(142.048604522666,126.591848337769,3.54585201010389));
#5433=CARTESIAN_POINT('Ctrl Pts',(142.208506010466,126.798463050666,3.26728280746176));
#5434=CARTESIAN_POINT('Ctrl Pts',(142.266149426773,126.875147680547,3.12235633452629));
#5435=CARTESIAN_POINT('Ctrl Pts',(142.340467966921,126.97475616173,2.81478416429569));
#5436=CARTESIAN_POINT('Ctrl Pts',(142.358990963505,127.000000178814,2.65881740135834));
#5437=CARTESIAN_POINT('Ctrl Pts',(142.358990963505,127.000000178814,2.5));
#5438=CARTESIAN_POINT('Origin',(156.00000269711,192.000001221895,2.5));
#5439=CARTESIAN_POINT('',(161.00000269711,192.000001221895,2.5));
#5440=CARTESIAN_POINT('Origin',(162.50000269711,192.000001221895,2.5));
#5441=CARTESIAN_POINT('',(156.00000269711,197.000001221895,2.5));
#5442=CARTESIAN_POINT('Origin',(156.00000269711,198.500001221895,2.5));
#5443=CARTESIAN_POINT('Origin',(156.00000269711,192.000001221895,2.5));
#5444=CARTESIAN_POINT('Origin',(162.50000269711,179.500000085682,2.5));
#5445=CARTESIAN_POINT('',(161.00000269711,132.000000178814,2.5));
#5446=CARTESIAN_POINT('Origin',(162.50000269711,132.000000178814,2.5));
#5447=CARTESIAN_POINT('',(161.00000269711,179.500000085682,2.5));
#5448=CARTESIAN_POINT('Origin',(156.00000269711,132.000000178814,2.5));
#5449=CARTESIAN_POINT('',(156.00000269711,127.000000178814,2.5));
#5450=CARTESIAN_POINT('Origin',(156.00000269711,125.500000178814,2.5));
#5451=CARTESIAN_POINT('Origin',(156.00000269711,132.000000178814,2.5));
#5452=CARTESIAN_POINT('Origin',(118.750000270084,125.500000178814,2.5));
#5453=CARTESIAN_POINT('',(118.750000270084,127.000000178814,2.5));
#5454=CARTESIAN_POINT('Origin',(161.00000269711,127.000000178814,0.));
#5455=CARTESIAN_POINT('',(156.00000269711,127.000000178814,0.));
#5456=CARTESIAN_POINT('',(142.358990963505,127.000000178814,0.));
#5457=CARTESIAN_POINT('Origin',(156.00000269711,132.000000178814,0.));
#5458=CARTESIAN_POINT('',(161.00000269711,132.000000178814,0.));
#5459=CARTESIAN_POINT('Origin',(161.00000269711,197.000001221895,0.));
#5460=CARTESIAN_POINT('',(161.00000269711,192.000001221895,0.));
#5461=CARTESIAN_POINT('Origin',(156.00000269711,192.000001221895,0.));
#5462=CARTESIAN_POINT('',(156.00000269711,197.000001221895,0.));
#5463=CARTESIAN_POINT('Origin',(-5.99999979138374,197.000001221895,0.));
#5464=CARTESIAN_POINT('',(-0.999999791383743,197.000001221895,2.5));
#5465=CARTESIAN_POINT('',(35.2499990258366,197.000001221895,2.5));
#5466=CARTESIAN_POINT('',(-0.999999791383743,197.000001221895,0.));
#5467=CARTESIAN_POINT('Origin',(138.591336411061,200.520868736213,3.5));
#5468=CARTESIAN_POINT('Ctrl Pts',(139.162383247647,198.500001221895,4.));
#5469=CARTESIAN_POINT('Ctrl Pts',(139.155267353555,198.498744454833,4.));
#5470=CARTESIAN_POINT('Ctrl Pts',(139.148147373406,198.497510945769,3.99999842104484));
#5471=CARTESIAN_POINT('Ctrl Pts',(139.054142582025,198.481541547704,3.99995902458943));
#5472=CARTESIAN_POINT('Ctrl Pts',(138.966710224349,198.470255540501,3.99972507576047));
#5473=CARTESIAN_POINT('Ctrl Pts',(138.783271113376,198.454062704821,3.99932016913462));
#5474=CARTESIAN_POINT('Ctrl Pts',(138.687355231173,198.449828095966,3.99916065097591));
#5475=CARTESIAN_POINT('Ctrl Pts',(138.495317590949,198.449828095966,3.99916065097591));
#5476=CARTESIAN_POINT('Ctrl Pts',(138.399401708747,198.454062704821,3.99932016913462));
#5477=CARTESIAN_POINT('Ctrl Pts',(138.215962597774,198.470255540501,3.99972507576047));
#5478=CARTESIAN_POINT('Ctrl Pts',(138.128530240098,198.481541547704,3.99995902458943));
#5479=CARTESIAN_POINT('Ctrl Pts',(138.034525448717,198.497510945769,3.99999842104484));
#5480=CARTESIAN_POINT('Ctrl Pts',(138.027405468568,198.498744454834,4.));
#5481=CARTESIAN_POINT('Ctrl Pts',(138.020289574476,198.500001221895,4.));
#5482=CARTESIAN_POINT('',(140.191336411061,200.520868736213,3.5));
#5483=CARTESIAN_POINT('Origin',(140.691336411061,200.520868736213,3.5));
#5484=CARTESIAN_POINT('',(136.991336411061,200.520868736213,3.5));
#5485=CARTESIAN_POINT('Origin',(138.591336411061,200.520868736213,3.5));
#5486=CARTESIAN_POINT('Origin',(138.591336411061,200.520868736213,3.5));
#5487=CARTESIAN_POINT('Origin',(17.4847787573931,208.999997898936,4.));
#5488=CARTESIAN_POINT('',(17.4847787573931,163.99999897927,7.));
#5489=CARTESIAN_POINT('',(17.4847787573932,198.500001221895,4.));
#5490=CARTESIAN_POINT('',(17.4847787573932,185.499998424202,4.));
#5491=CARTESIAN_POINT('',(17.4847787573931,197.439341050115,3.56066017177982));
#5492=CARTESIAN_POINT('Origin',(17.4847787573931,198.500001221895,2.5));
#5493=CARTESIAN_POINT('',(17.4847787573932,195.000001221895,6.));
#5494=CARTESIAN_POINT('',(17.4847787573931,199.500000391155,1.50000083073973));
#5495=CARTESIAN_POINT('',(17.4847787573932,129.000000178814,6.));
#5496=CARTESIAN_POINT('',(17.4847787573932,185.499998424202,6.));
#5497=CARTESIAN_POINT('',(17.4847787573932,126.560660350594,3.56066017177982));
#5498=CARTESIAN_POINT('',(17.4847787573932,147.999999608844,24.9999994300306));
#5499=CARTESIAN_POINT('',(17.4847787573932,125.500000178814,4.));
#5500=CARTESIAN_POINT('Origin',(17.4847787573932,125.500000178814,2.5));
#5501=CARTESIAN_POINT('',(17.4847787573932,185.499998424202,4.));
#5502=CARTESIAN_POINT('Origin',(118.750000270084,125.500000178814,2.5));
#5503=CARTESIAN_POINT('',(-0.999999791383743,127.000000178814,2.5));
#5504=CARTESIAN_POINT('',(118.750000270084,127.000000178814,2.5));
#5505=CARTESIAN_POINT('',(-0.999999791383743,125.500000178814,4.));
#5506=CARTESIAN_POINT('Origin',(-0.999999791383743,125.500000178814,2.5));
#5507=CARTESIAN_POINT('',(118.750000270084,125.500000178814,4.));
#5508=CARTESIAN_POINT('',(118.750000270084,126.560660350594,3.56066017177982));
#5509=CARTESIAN_POINT('',(29.4847787573931,125.500000178814,4.));
#5510=CARTESIAN_POINT('Origin',(29.4847787573931,125.500000178814,2.5));
#5511=CARTESIAN_POINT('',(118.750000270084,125.500000178814,4.));
#5512=CARTESIAN_POINT('Origin',(-0.999999791383743,132.000000178814,2.5));
#5513=CARTESIAN_POINT('',(-5.99999979138374,132.000000178814,2.5));
#5514=CARTESIAN_POINT('',(-7.49999979138375,132.000000178814,4.));
#5515=CARTESIAN_POINT('Origin',(-7.49999979138375,132.000000178814,2.5));
#5516=CARTESIAN_POINT('Origin',(-0.999999791383743,132.000000178814,4.));
#5517=CARTESIAN_POINT('Origin',(-0.999999791383743,132.000000178814,2.5));
#5518=CARTESIAN_POINT('Origin',(-7.49999979138375,144.499999564141,2.5));
#5519=CARTESIAN_POINT('',(-5.99999979138374,192.000001221895,2.5));
#5520=CARTESIAN_POINT('',(-7.49999979138375,192.000001221895,4.));
#5521=CARTESIAN_POINT('Origin',(-7.49999979138375,192.000001221895,2.5));
#5522=CARTESIAN_POINT('',(-7.49999979138375,144.499999564141,4.));
#5523=CARTESIAN_POINT('',(-5.99999979138374,144.499999564141,2.5));
#5524=CARTESIAN_POINT('Origin',(-0.999999791383743,192.000001221895,2.5));
#5525=CARTESIAN_POINT('',(-0.999999791383743,198.500001221895,4.));
#5526=CARTESIAN_POINT('Origin',(-0.999999791383743,198.500001221895,2.5));
#5527=CARTESIAN_POINT('Origin',(-0.999999791383743,192.000001221895,4.));
#5528=CARTESIAN_POINT('Origin',(-0.999999791383743,192.000001221895,2.5));
#5529=CARTESIAN_POINT('Origin',(35.2499990258366,198.500001221895,2.5));
#5530=CARTESIAN_POINT('',(35.2499990258366,198.500001221895,4.));
#5531=CARTESIAN_POINT('',(35.2499990258366,197.439341050115,3.56066017177982));
#5532=CARTESIAN_POINT('',(29.4847787573932,197.439341050115,3.56066017177982));
#5533=CARTESIAN_POINT('Origin',(29.4847787573931,198.500001221895,2.5));
#5534=CARTESIAN_POINT('',(35.2499990258366,197.439341050115,3.56066017177982));
#5535=CARTESIAN_POINT('Origin',(161.00000269711,127.000000178814,0.));
#5536=CARTESIAN_POINT('',(132.851078291191,127.000000178814,0.));
#5537=CARTESIAN_POINT('',(-0.999999791383743,127.000000178814,0.));
#5538=CARTESIAN_POINT('Origin',(-20.,115.,0.));
#5539=CARTESIAN_POINT('',(167.999995686114,115.,0.));
#5540=CARTESIAN_POINT('Origin',(28.4847787573931,117.000000029802,7.));
#5541=CARTESIAN_POINT('',(29.4847787573931,117.000000029802,7.));
#5542=CARTESIAN_POINT('Origin',(29.4847787573931,115.,4.));
#5543=CARTESIAN_POINT('',(29.4847787573931,138.499999474734,4.));
#5544=CARTESIAN_POINT('',(29.4847787573931,195.000001221895,6.));
#5545=CARTESIAN_POINT('',(29.4847787573931,138.499999474734,6.));
#5546=CARTESIAN_POINT('',(29.4847787573931,176.000000916421,25.0000003054738));
#5547=CARTESIAN_POINT('Origin',(18.4847787573931,163.99999897927,7.));
#5548=CARTESIAN_POINT('Origin',(20.2423894830047,196.000001221895,5.));
#5549=CARTESIAN_POINT('',(20.2423894830047,195.000001221895,6.));
#5550=CARTESIAN_POINT('Origin',(46.4847787573932,123.000000119209,6.));
#5551=CARTESIAN_POINT('',(103.742390727252,129.000000178814,6.));
#5552=CARTESIAN_POINT('Origin',(103.742390727252,128.000000178814,5.));
#5553=CARTESIAN_POINT('Origin',(20.2423894830047,196.000001221895,5.));
#5554=CARTESIAN_POINT('',(20.2423894830047,195.000001221895,6.));
#5555=CARTESIAN_POINT('Origin',(46.4847787573932,123.000000119209,6.));
#5556=CARTESIAN_POINT('Origin',(-14.9914548697692,124.444638703109,2.));
#5557=CARTESIAN_POINT('',(-17.9914548697692,124.444638703109,2.));
#5558=CARTESIAN_POINT('Origin',(-14.9914548697692,124.444638703109,2.));
#5559=CARTESIAN_POINT('',(-16.5914548697693,124.444638703109,2.));
#5560=CARTESIAN_POINT('Origin',(-14.9914548697692,124.444638703109,2.));
#5561=CARTESIAN_POINT('Origin',(-14.9915457809442,199.532692152832,2.));
#5562=CARTESIAN_POINT('',(-17.9915457809442,199.532692152832,2.));
#5563=CARTESIAN_POINT('Origin',(-14.9915457809442,199.532692152832,2.));
#5564=CARTESIAN_POINT('',(-16.5915457809442,199.532692152832,2.));
#5565=CARTESIAN_POINT('Origin',(-14.9915457809442,199.532692152832,2.));
#5566=CARTESIAN_POINT('Origin',(138.591336411061,200.520868736213,2.));
#5567=CARTESIAN_POINT('',(135.591336411061,200.520868736213,2.));
#5568=CARTESIAN_POINT('Origin',(138.591336411061,200.520868736213,2.));
#5569=CARTESIAN_POINT('',(136.991336411061,200.520868736213,2.));
#5570=CARTESIAN_POINT('Origin',(138.591336411061,200.520868736213,2.));
#5571=CARTESIAN_POINT('Origin',(137.605034627348,125.530749289361,2.));
#5572=CARTESIAN_POINT('',(134.605034627348,125.530749289361,2.));
#5573=CARTESIAN_POINT('Origin',(137.605034627348,125.530749289361,2.));
#5574=CARTESIAN_POINT('',(136.005034627348,125.530749289361,2.));
#5575=CARTESIAN_POINT('Origin',(137.605034627348,125.530749289361,2.));
#5576=CARTESIAN_POINT('Origin',(-14.9915457809442,199.532692152832,0.));
#5577=CARTESIAN_POINT('',(-16.5915457809442,199.532692152832,3.5));
#5578=CARTESIAN_POINT('',(-16.5915457809442,199.532692152832,0.));
#5579=CARTESIAN_POINT('',(-13.3915457809442,199.532692152832,3.5));
#5580=CARTESIAN_POINT('Origin',(-14.9915457809442,199.532692152832,3.5));
#5581=CARTESIAN_POINT('Origin',(-14.9915457809442,199.532692152832,3.5));
#5582=CARTESIAN_POINT('Origin',(-14.9914548697692,124.444638703109,0.));
#5583=CARTESIAN_POINT('',(-16.5914548697693,124.444638703109,3.5));
#5584=CARTESIAN_POINT('',(-16.5914548697693,124.444638703109,0.));
#5585=CARTESIAN_POINT('',(-13.3914548697692,124.444638703109,3.5));
#5586=CARTESIAN_POINT('Origin',(-14.9914548697692,124.444638703109,3.5));
#5587=CARTESIAN_POINT('Origin',(-14.9914548697692,124.444638703109,3.5));
#5588=CARTESIAN_POINT('Origin',(137.605034627348,125.530749289361,0.));
#5589=CARTESIAN_POINT('',(134.605034627348,125.530749289361,0.));
#5590=CARTESIAN_POINT('Origin',(137.605034627348,125.530749289361,0.));
#5591=CARTESIAN_POINT('',(134.605034627348,125.530749289361,0.));
#5592=CARTESIAN_POINT('Origin',(-14.9914548697692,124.444638703109,0.));
#5593=CARTESIAN_POINT('',(-17.9914548697692,124.444638703109,0.));
#5594=CARTESIAN_POINT('Origin',(-14.9914548697692,124.444638703109,0.));
#5595=CARTESIAN_POINT('',(-17.9914548697693,124.444638703109,0.));
#5596=CARTESIAN_POINT('Origin',(138.591336411061,200.520868736213,0.));
#5597=CARTESIAN_POINT('',(135.591336411061,200.520868736213,0.));
#5598=CARTESIAN_POINT('Origin',(138.591336411061,200.520868736213,0.));
#5599=CARTESIAN_POINT('',(135.591336411061,200.520868736213,0.));
#5600=CARTESIAN_POINT('Origin',(-14.9915457809442,199.532692152832,0.));
#5601=CARTESIAN_POINT('',(-17.9915457809442,199.532692152832,0.));
#5602=CARTESIAN_POINT('Origin',(-14.9915457809442,199.532692152832,0.));
#5603=CARTESIAN_POINT('',(-17.9915457809442,199.532692152832,0.));
#5604=CARTESIAN_POINT('Origin',(138.591336411061,200.520868736213,0.));
#5605=CARTESIAN_POINT('',(136.991336411061,200.520868736213,0.));
#5606=CARTESIAN_POINT('Origin',(137.605034627348,125.530749289361,0.));
#5607=CARTESIAN_POINT('',(136.005034627348,125.530749289361,3.5));
#5608=CARTESIAN_POINT('',(136.005034627348,125.530749289361,0.));
#5609=CARTESIAN_POINT('',(139.205034627348,125.530749289361,3.5));
#5610=CARTESIAN_POINT('Origin',(137.605034627348,125.530749289361,3.5));
#5611=CARTESIAN_POINT('Origin',(137.605034627348,125.530749289361,3.5));
#5612=CARTESIAN_POINT('Origin',(-14.9915457809442,199.532692152832,3.5));
#5613=CARTESIAN_POINT('',(-12.8915457809442,199.532692152832,4.));
#5614=CARTESIAN_POINT('Origin',(-14.9915457809442,199.532692152832,4.));
#5615=CARTESIAN_POINT('Origin',(-12.8915457809442,199.532692152832,3.5));
#5616=CARTESIAN_POINT('Origin',(-14.9914548697692,124.444638703109,3.5));
#5617=CARTESIAN_POINT('',(-12.8914548697692,124.444638703109,4.));
#5618=CARTESIAN_POINT('Origin',(-14.9914548697692,124.444638703109,4.));
#5619=CARTESIAN_POINT('Origin',(-12.8914548697692,124.444638703109,3.5));
#5620=CARTESIAN_POINT('Origin',(137.605034627348,125.530749289361,0.));
#5621=CARTESIAN_POINT('Origin',(134.105034627348,125.530749289361,0.));
#5622=CARTESIAN_POINT('Origin',(-14.9914548697692,124.444638703109,0.));
#5623=CARTESIAN_POINT('Origin',(-18.4914548697692,124.444638703109,0.));
#5624=CARTESIAN_POINT('Origin',(138.591336411061,200.520868736213,0.));
#5625=CARTESIAN_POINT('Origin',(135.091336411061,200.520868736213,0.));
#5626=CARTESIAN_POINT('Origin',(-5.99999979138374,127.000000178814,0.));
#5627=CARTESIAN_POINT('',(-5.99999979138374,132.000000178814,0.));
#5628=CARTESIAN_POINT('',(-5.99999979138374,192.000001221895,0.));
#5629=CARTESIAN_POINT('Origin',(-0.999999791383743,192.000001221895,0.));
#5630=CARTESIAN_POINT('Origin',(-14.9915457809442,199.532692152832,0.));
#5631=CARTESIAN_POINT('Origin',(-18.4915457809442,199.532692152832,0.));
#5632=CARTESIAN_POINT('Origin',(137.605034627348,125.530749289361,3.5));
#5633=CARTESIAN_POINT('Origin',(139.705034627348,125.530749289361,3.5));
#5634=CARTESIAN_POINT('Origin',(167.999995686114,203.999997898936,0.));
#5635=CARTESIAN_POINT('',(172.999995686114,203.999997898936,0.));
#5636=CARTESIAN_POINT('Origin',(172.999995686114,115.,0.));
#5637=CARTESIAN_POINT('',(172.999995686114,120.,0.));
#5638=CARTESIAN_POINT('Origin',(167.999995686114,120.,0.));
#5639=CARTESIAN_POINT('Origin',(76.4999978430569,161.999998949468,4.));
#5640=CARTESIAN_POINT('Origin',(76.4999978430569,161.999998949468,4.));
#5641=CARTESIAN_POINT('Origin',(-0.999999791383743,132.000000178814,0.));
#5642=CARTESIAN_POINT('Origin',(137.605034627348,125.530749289361,4.));
#5643=CARTESIAN_POINT('Origin',(-127.499998547137,124.000000119209,2.75356943782384E-14));
#5644=CARTESIAN_POINT('',(-128.749998547137,124.000000119209,-0.499999999999972));
#5645=CARTESIAN_POINT('Origin',(-127.499998547137,124.000000119209,-0.499999999999972));
#5646=CARTESIAN_POINT('',(-128.249998547137,124.000000119209,2.75356943782384E-14));
#5647=CARTESIAN_POINT('Origin',(-128.749998547137,124.000000119209,2.75356943782384E-14));
#5648=CARTESIAN_POINT('Origin',(-127.499998547137,124.000000119209,2.75356943782384E-14));
#5649=CARTESIAN_POINT('Origin',(-128.500002156943,162.999998949468,-0.499999999999977));
#5650=CARTESIAN_POINT('',(-32.0000043138862,121.,-0.499999999999973));
#5651=CARTESIAN_POINT('',(-32.0000043138862,204.999997898936,-0.499999999999982));
#5652=CARTESIAN_POINT('',(-32.0000043138862,116.,-0.499999999999968));
#5653=CARTESIAN_POINT('',(-37.0000043138862,116.,-0.499999999999968));
#5654=CARTESIAN_POINT('Origin',(-37.0000043138862,121.,-0.499999999999973));
#5655=CARTESIAN_POINT('',(-220.,116.,-0.499999999999968));
#5656=CARTESIAN_POINT('',(-225.,116.,-0.499999999999968));
#5657=CARTESIAN_POINT('',(-225.,121.,-0.499999999999973));
#5658=CARTESIAN_POINT('Origin',(-220.,121.,-0.499999999999973));
#5659=CARTESIAN_POINT('',(-225.,204.999997898936,-0.499999999999982));
#5660=CARTESIAN_POINT('',(-225.,209.999997898936,-0.499999999999982));
#5661=CARTESIAN_POINT('',(-220.,209.999997898936,-0.499999999999982));
#5662=CARTESIAN_POINT('Origin',(-220.,204.999997898936,-0.499999999999982));
#5663=CARTESIAN_POINT('',(-37.0000043138862,209.999997898936,-0.499999999999982));
#5664=CARTESIAN_POINT('',(-32.0000043138862,209.999997898936,-0.499999999999982));
#5665=CARTESIAN_POINT('Origin',(-37.0000043138862,204.999997898936,-0.499999999999982));
#5666=CARTESIAN_POINT('',(-216.249999850988,124.000000119209,-0.499999999999972));
#5667=CARTESIAN_POINT('Origin',(-214.999999850988,124.000000119209,-0.499999999999972));
#5668=CARTESIAN_POINT('',(-223.491545780944,200.532692152832,-0.499999999999982));
#5669=CARTESIAN_POINT('Origin',(-219.991545780944,200.532692152832,-0.499999999999982));
#5670=CARTESIAN_POINT('',(-128.750002179295,201.99999807775,-0.499999999999982));
#5671=CARTESIAN_POINT('Origin',(-127.500002179295,201.99999807775,-0.499999999999982));
#5672=CARTESIAN_POINT('',(-41.2500041350722,201.999992132187,-0.499999999999982));
#5673=CARTESIAN_POINT('Origin',(-40.0000041350722,201.999992132187,-0.499999999999982));
#5674=CARTESIAN_POINT('',(-70.8949653726522,126.530749289361,-0.499999999999973));
#5675=CARTESIAN_POINT('Origin',(-67.3949653726522,126.530749289361,-0.499999999999973));
#5676=CARTESIAN_POINT('',(-72.1489217088092,128.000000178814,-0.499999999999973));
#5677=CARTESIAN_POINT('',(-205.999999791384,128.000000178814,-0.499999999999973));
#5678=CARTESIAN_POINT('',(-100.408905800463,128.000000178814,-0.499999999999973));
#5679=CARTESIAN_POINT('',(-62.6410090364953,128.000000178814,-0.499999999999973));
#5680=CARTESIAN_POINT('Origin',(-67.3949653726522,126.530749289361,-0.499999999999977));
#5681=CARTESIAN_POINT('',(-48.9999973028898,128.000000178814,-0.499999999999973));
#5682=CARTESIAN_POINT('',(-95.5705055967192,128.000000178814,-0.499999999999973));
#5683=CARTESIAN_POINT('',(-43.9999973028898,133.000000178814,-0.499999999999973));
#5684=CARTESIAN_POINT('Origin',(-48.9999973028898,133.000000178814,-0.499999999999973));
#5685=CARTESIAN_POINT('',(-43.9999973028898,193.000001221895,-0.499999999999982));
#5686=CARTESIAN_POINT('',(-43.9999973028898,128.000000178814,-0.499999999999973));
#5687=CARTESIAN_POINT('',(-48.9999973028898,198.000001221895,-0.499999999999982));
#5688=CARTESIAN_POINT('Origin',(-48.9999973028898,193.000001221895,-0.499999999999982));
#5689=CARTESIAN_POINT('',(-205.999999791384,198.000001221895,-0.499999999999982));
#5690=CARTESIAN_POINT('',(-43.9999973028898,198.000001221895,-0.499999999999982));
#5691=CARTESIAN_POINT('',(-210.999999791384,193.000001221895,-0.499999999999982));
#5692=CARTESIAN_POINT('Origin',(-205.999999791384,193.000001221895,-0.499999999999982));
#5693=CARTESIAN_POINT('',(-210.999999791384,133.000000178814,-0.499999999999973));
#5694=CARTESIAN_POINT('',(-210.999999791384,198.000001221895,-0.499999999999982));
#5695=CARTESIAN_POINT('Origin',(-205.999999791384,133.000000178814,-0.499999999999973));
#5696=CARTESIAN_POINT('',(-41.2499972432852,124.000004082918,-0.499999999999972));
#5697=CARTESIAN_POINT('Origin',(-39.9999972432852,124.000004082918,-0.499999999999972));
#5698=CARTESIAN_POINT('',(-69.9086635889386,201.520868736213,-0.499999999999982));
#5699=CARTESIAN_POINT('Origin',(-66.4086635889386,201.520868736213,-0.499999999999982));
#5700=CARTESIAN_POINT('',(-216.250000223517,201.99999807775,-0.499999999999982));
#5701=CARTESIAN_POINT('Origin',(-215.000000223517,201.99999807775,-0.499999999999982));
#5702=CARTESIAN_POINT('',(-223.491454869769,125.444638703109,-0.499999999999973));
#5703=CARTESIAN_POINT('Origin',(-219.991454869769,125.444638703109,-0.499999999999973));
#5704=CARTESIAN_POINT('Origin',(-127.499998547137,124.000000119209,2.72004641033163E-14));
#5705=CARTESIAN_POINT('',(-128.249998547137,124.000000119209,4.00000000000003));
#5706=CARTESIAN_POINT('',(-128.249998547137,124.000000119209,2.72004641033163E-14));
#5707=CARTESIAN_POINT('Origin',(-127.499998547137,124.000000119209,4.00000000000003));
#5708=CARTESIAN_POINT('Origin',(-214.999999850988,124.000000119209,2.75356943782384E-14));
#5709=CARTESIAN_POINT('',(-215.749999850988,124.000000119209,2.75356943782384E-14));
#5710=CARTESIAN_POINT('Origin',(-216.249999850988,124.000000119209,2.75356943782384E-14));
#5711=CARTESIAN_POINT('Origin',(-214.999999850988,124.000000119209,2.75356943782384E-14));
#5712=CARTESIAN_POINT('Origin',(-214.999999850988,124.000000119209,2.72004641033163E-14));
#5713=CARTESIAN_POINT('',(-215.749999850988,124.000000119209,4.00000000000003));
#5714=CARTESIAN_POINT('',(-215.749999850988,124.000000119209,2.72004641033163E-14));
#5715=CARTESIAN_POINT('Origin',(-214.999999850988,124.000000119209,4.00000000000003));
#5716=CARTESIAN_POINT('Origin',(-219.991454869769,125.444638703109,2.73587771764686E-14));
#5717=CARTESIAN_POINT('',(-222.991454869769,125.444638703109,2.73587771764686E-14));
#5718=CARTESIAN_POINT('Origin',(-223.491454869769,125.444638703109,2.73587771764686E-14));
#5719=CARTESIAN_POINT('Origin',(-219.991454869769,125.444638703109,2.73587771764686E-14));
#5720=CARTESIAN_POINT('Origin',(-219.991454869769,125.444638703109,2.72004641033163E-14));
#5721=CARTESIAN_POINT('',(-222.991454869769,125.444638703109,2.00000000000003));
#5722=CARTESIAN_POINT('',(-222.991454869769,125.444638703109,2.72004641033163E-14));
#5723=CARTESIAN_POINT('Origin',(-219.991454869769,125.444638703109,2.00000000000003));
#5724=CARTESIAN_POINT('Origin',(-219.991545780944,200.532692152832,1.81631427453278E-14));
#5725=CARTESIAN_POINT('',(-222.991545780944,200.532692152832,1.81631427453278E-14));
#5726=CARTESIAN_POINT('Origin',(-223.491545780944,200.532692152832,1.81631427453278E-14));
#5727=CARTESIAN_POINT('Origin',(-219.991545780944,200.532692152832,1.81631427453278E-14));
#5728=CARTESIAN_POINT('Origin',(-219.991545780944,200.532692152832,1.83186799063151E-14));
#5729=CARTESIAN_POINT('',(-222.991545780944,200.532692152832,2.00000000000002));
#5730=CARTESIAN_POINT('',(-222.991545780944,200.532692152832,1.83186799063151E-14));
#5731=CARTESIAN_POINT('Origin',(-219.991545780944,200.532692152832,2.00000000000002));
#5732=CARTESIAN_POINT('Origin',(-215.000000223517,201.99999807775,1.79834495948957E-14));
#5733=CARTESIAN_POINT('',(-215.750000223517,201.99999807775,1.79834495948957E-14));
#5734=CARTESIAN_POINT('Origin',(-216.250000223517,201.99999807775,1.79834495948957E-14));
#5735=CARTESIAN_POINT('Origin',(-215.000000223517,201.99999807775,1.79834495948957E-14));
#5736=CARTESIAN_POINT('Origin',(-215.000000223517,201.99999807775,1.83186799063151E-14));
#5737=CARTESIAN_POINT('',(-215.750000223517,201.99999807775,4.00000000000002));
#5738=CARTESIAN_POINT('',(-215.750000223517,201.99999807775,1.83186799063151E-14));
#5739=CARTESIAN_POINT('Origin',(-215.000000223517,201.99999807775,4.00000000000002));
#5740=CARTESIAN_POINT('Origin',(-127.500002179295,201.99999807775,1.79834495948957E-14));
#5741=CARTESIAN_POINT('',(-128.250002179295,201.99999807775,1.79834495948957E-14));
#5742=CARTESIAN_POINT('Origin',(-128.750002179295,201.99999807775,1.79834495948957E-14));
#5743=CARTESIAN_POINT('Origin',(-127.500002179295,201.99999807775,1.79834495948957E-14));
#5744=CARTESIAN_POINT('Origin',(-127.500002179295,201.99999807775,1.83186799063151E-14));
#5745=CARTESIAN_POINT('',(-128.250002179295,201.99999807775,4.00000000000002));
#5746=CARTESIAN_POINT('',(-128.250002179295,201.99999807775,1.83186799063151E-14));
#5747=CARTESIAN_POINT('Origin',(-127.500002179295,201.99999807775,4.00000000000002));
#5748=CARTESIAN_POINT('Origin',(-66.4086635889386,201.520868736213,1.80421260163448E-14));
#5749=CARTESIAN_POINT('',(-69.4086635889386,201.520868736213,1.80421260163448E-14));
#5750=CARTESIAN_POINT('Origin',(-69.9086635889386,201.520868736213,1.80421260163448E-14));
#5751=CARTESIAN_POINT('Origin',(-66.4086635889386,201.520868736213,1.80421260163448E-14));
#5752=CARTESIAN_POINT('Origin',(-66.4086635889386,201.520868736213,1.83186799063151E-14));
#5753=CARTESIAN_POINT('',(-69.4086635889386,201.520868736213,2.00000000000002));
#5754=CARTESIAN_POINT('',(-69.4086635889386,201.520868736213,1.83186799063151E-14));
#5755=CARTESIAN_POINT('Origin',(-66.4086635889386,201.520868736213,2.00000000000002));
#5756=CARTESIAN_POINT('Origin',(-40.0000041350722,201.999992132187,2.27595720048157E-14));
#5757=CARTESIAN_POINT('',(-40.7500041350722,201.999992132187,2.27595720048157E-14));
#5758=CARTESIAN_POINT('Origin',(-41.2500041350722,201.999992132187,2.27595720048157E-14));
#5759=CARTESIAN_POINT('Origin',(-40.0000041350722,201.999992132187,2.27595720048157E-14));
#5760=CARTESIAN_POINT('Origin',(-40.0000041350722,201.999992132187,7.03584852880197E-15));
#5761=CARTESIAN_POINT('',(-40.7500041350722,201.999992132187,4.00000000000002));
#5762=CARTESIAN_POINT('',(-40.7500041350722,201.999992132187,7.03584852880197E-15));
#5763=CARTESIAN_POINT('Origin',(-40.0000041350722,201.999992132187,4.00000000000002));
#5764=CARTESIAN_POINT('Origin',(-39.9999972432852,124.000004082918,2.27595720048157E-14));
#5765=CARTESIAN_POINT('',(-40.7499972432852,124.000004082918,2.27595720048157E-14));
#5766=CARTESIAN_POINT('Origin',(-41.2499972432852,124.000004082918,2.27595720048157E-14));
#5767=CARTESIAN_POINT('Origin',(-39.9999972432852,124.000004082918,2.27595720048157E-14));
#5768=CARTESIAN_POINT('Origin',(-39.9999972432852,124.000004082918,1.65880920986088E-14));
#5769=CARTESIAN_POINT('',(-40.7499972432852,124.000004082918,4.00000000000002));
#5770=CARTESIAN_POINT('',(-40.7499972432852,124.000004082918,1.65880920986088E-14));
#5771=CARTESIAN_POINT('Origin',(-39.9999972432852,124.000004082918,4.00000000000002));
#5772=CARTESIAN_POINT('Origin',(-67.3949653726522,126.530749289361,2.72257669911714E-14));
#5773=CARTESIAN_POINT('',(-70.3949653726522,126.530749289361,2.72257669911714E-14));
#5774=CARTESIAN_POINT('Origin',(-70.8949653726522,126.530749289361,2.72257669911714E-14));
#5775=CARTESIAN_POINT('Origin',(-67.3949653726522,126.530749289361,2.72257669911714E-14));
#5776=CARTESIAN_POINT('Origin',(-67.3949653726522,126.530749289361,2.72004641033163E-14));
#5777=CARTESIAN_POINT('',(-70.3949653726522,126.530749289361,2.00000000000003));
#5778=CARTESIAN_POINT('',(-70.3949653726522,126.530749289361,2.72004641033163E-14));
#5779=CARTESIAN_POINT('Origin',(-67.3949653726522,126.530749289361,2.00000000000003));
#5780=CARTESIAN_POINT('Origin',(-67.3949653726522,126.530749289361,4.00000000000003));
#5781=CARTESIAN_POINT('',(-62.6410090364953,128.000000178814,4.00000000000003));
#5782=CARTESIAN_POINT('',(-62.6410090364953,128.000000178814,2.72004641033163E-14));
#5783=CARTESIAN_POINT('',(-72.1489217088092,128.000000178814,4.00000000000003));
#5784=CARTESIAN_POINT('',(-72.1489217088092,128.000000178814,2.72004641033163E-14));
#5785=CARTESIAN_POINT('Origin',(-67.3949653726522,126.530749289361,4.00000000000003));
#5786=CARTESIAN_POINT('Origin',(-225.,116.,3.1641356201817E-14));
#5787=CARTESIAN_POINT('',(-37.0000043138862,116.,4.00000000000003));
#5788=CARTESIAN_POINT('',(-220.,116.,4.00000000000003));
#5789=CARTESIAN_POINT('',(-176.750001078472,116.,4.00000000000003));
#5790=CARTESIAN_POINT('',(-220.,116.,3.1641356201817E-14));
#5791=CARTESIAN_POINT('',(-37.0000043138862,116.,3.1641356201817E-14));
#5792=CARTESIAN_POINT('Origin',(-128.500002156943,162.999998949468,4.00000000000002));
#5793=CARTESIAN_POINT('',(-32.0000043138862,121.,4.00000000000003));
#5794=CARTESIAN_POINT('Origin',(-37.0000043138862,121.,4.00000000000003));
#5795=CARTESIAN_POINT('',(-32.0000043138862,204.999997898936,4.00000000000002));
#5796=CARTESIAN_POINT('',(-32.0000043138862,116.,4.00000000000003));
#5797=CARTESIAN_POINT('',(-37.0000043138862,209.999997898936,4.00000000000002));
#5798=CARTESIAN_POINT('Origin',(-37.0000043138862,204.999997898936,4.00000000000002));
#5799=CARTESIAN_POINT('',(-220.,209.999997898936,4.00000000000002));
#5800=CARTESIAN_POINT('',(-80.2500032354146,209.999997898936,4.00000000000002));
#5801=CARTESIAN_POINT('',(-225.,204.999997898936,4.00000000000002));
#5802=CARTESIAN_POINT('Origin',(-220.,204.999997898936,4.00000000000002));
#5803=CARTESIAN_POINT('',(-225.,121.,4.00000000000003));
#5804=CARTESIAN_POINT('',(-225.,186.499998424202,4.00000000000002));
#5805=CARTESIAN_POINT('Origin',(-220.,121.,4.00000000000003));
#5806=CARTESIAN_POINT('',(-48.9999973028898,128.000000178814,4.00000000000003));
#5807=CARTESIAN_POINT('',(-210.999999791384,128.000000178814,4.00000000000003));
#5808=CARTESIAN_POINT('',(-205.999999791384,128.000000178814,4.00000000000003));
#5809=CARTESIAN_POINT('',(-86.2499997299165,128.000000178814,4.00000000000003));
#5810=CARTESIAN_POINT('',(-210.999999791384,133.000000178814,4.00000000000003));
#5811=CARTESIAN_POINT('Origin',(-205.999999791384,133.000000178814,4.00000000000003));
#5812=CARTESIAN_POINT('',(-210.999999791384,193.000001221895,4.00000000000002));
#5813=CARTESIAN_POINT('',(-210.999999791384,145.499999564141,4.00000000000003));
#5814=CARTESIAN_POINT('',(-205.999999791384,198.000001221895,4.00000000000002));
#5815=CARTESIAN_POINT('Origin',(-205.999999791384,193.000001221895,4.00000000000002));
#5816=CARTESIAN_POINT('',(-48.9999973028898,198.000001221895,4.00000000000002));
#5817=CARTESIAN_POINT('',(-43.9999973028898,198.000001221895,4.00000000000002));
#5818=CARTESIAN_POINT('',(-43.9999973028898,193.000001221895,4.00000000000002));
#5819=CARTESIAN_POINT('Origin',(-48.9999973028898,193.000001221895,4.00000000000002));
#5820=CARTESIAN_POINT('',(-43.9999973028898,133.000000178814,4.00000000000003));
#5821=CARTESIAN_POINT('',(-43.9999973028898,128.000000178814,4.00000000000003));
#5822=CARTESIAN_POINT('Origin',(-48.9999973028898,133.000000178814,4.00000000000003));
#5823=CARTESIAN_POINT('',(-217.891454869769,125.444638703109,4.00000000000003));
#5824=CARTESIAN_POINT('Origin',(-219.991454869769,125.444638703109,4.00000000000003));
#5825=CARTESIAN_POINT('',(-217.891545780944,200.532692152832,4.00000000000002));
#5826=CARTESIAN_POINT('Origin',(-219.991545780944,200.532692152832,4.00000000000002));
#5827=CARTESIAN_POINT('',(-65.2949653726522,126.530749289361,4.00000000000003));
#5828=CARTESIAN_POINT('Origin',(-67.3949653726522,126.530749289361,4.00000000000003));
#5829=CARTESIAN_POINT('',(-64.3086635889386,201.520868736213,4.00000000000002));
#5830=CARTESIAN_POINT('Origin',(-66.4086635889386,201.520868736213,4.00000000000002));
#5831=CARTESIAN_POINT('Origin',(-32.0000043138862,209.999997898936,1.83186799063151E-14));
#5832=CARTESIAN_POINT('',(-37.0000043138862,209.999997898936,1.83186799063151E-14));
#5833=CARTESIAN_POINT('',(-220.,209.999997898936,1.83186799063151E-14));
#5834=CARTESIAN_POINT('Origin',(-210.999999791384,198.000001221895,1.83186799063151E-14));
#5835=CARTESIAN_POINT('',(-205.999999791384,198.000001221895,1.83186799063151E-14));
#5836=CARTESIAN_POINT('',(-48.9999973028898,198.000001221895,1.83186799063151E-14));
#5837=CARTESIAN_POINT('Origin',(-43.9999973028898,128.000000178814,2.72004641033163E-14));
#5838=CARTESIAN_POINT('',(-205.999999791384,128.000000178814,2.72004641033163E-14));
#5839=CARTESIAN_POINT('Origin',(-220.,121.,2.72004641033163E-14));
#5840=CARTESIAN_POINT('',(-225.,121.,2.72004641033163E-14));
#5841=CARTESIAN_POINT('Origin',(-225.,209.999997898936,1.83186799063151E-14));
#5842=CARTESIAN_POINT('',(-225.,204.999997898936,1.83186799063151E-14));
#5843=CARTESIAN_POINT('Origin',(-220.,204.999997898936,1.83186799063151E-14));
#5844=CARTESIAN_POINT('Origin',(-67.3949653726522,126.530749289361,3.50000000000003));
#5845=CARTESIAN_POINT('',(-65.7949653726522,126.530749289361,3.50000000000003));
#5846=CARTESIAN_POINT('Origin',(-65.2949653726522,126.530749289361,3.50000000000003));
#5847=CARTESIAN_POINT('',(-68.9949653726522,126.530749289361,3.50000000000003));
#5848=CARTESIAN_POINT('Origin',(-67.3949653726522,126.530749289361,3.50000000000003));
#5849=CARTESIAN_POINT('Origin',(-67.3949653726522,126.530749289361,3.50000000000003));
#5850=CARTESIAN_POINT('Origin',(-67.3949653726522,126.530749289361,2.72004641033163E-14));
#5851=CARTESIAN_POINT('',(-68.9949653726522,126.530749289361,2.00000000000003));
#5852=CARTESIAN_POINT('Origin',(-67.3949653726522,126.530749289361,2.00000000000003));
#5853=CARTESIAN_POINT('',(-68.9949653726522,126.530749289361,2.72004641033163E-14));
#5854=CARTESIAN_POINT('Origin',(-66.4086635889386,201.520868736213,3.50000000000002));
#5855=CARTESIAN_POINT('',(-64.8086635889386,201.520868736213,3.50000000000002));
#5856=CARTESIAN_POINT('Origin',(-64.3086635889386,201.520868736213,3.50000000000002));
#5857=CARTESIAN_POINT('',(-68.0086635889386,201.520868736213,3.50000000000002));
#5858=CARTESIAN_POINT('Origin',(-66.4086635889386,201.520868736213,3.50000000000002));
#5859=CARTESIAN_POINT('Origin',(-66.4086635889386,201.520868736213,3.50000000000002));
#5860=CARTESIAN_POINT('Origin',(-66.4086635889386,201.520868736213,1.83186799063151E-14));
#5861=CARTESIAN_POINT('',(-68.0086635889386,201.520868736213,2.00000000000002));
#5862=CARTESIAN_POINT('Origin',(-66.4086635889386,201.520868736213,2.00000000000002));
#5863=CARTESIAN_POINT('',(-68.0086635889386,201.520868736213,1.83186799063151E-14));
#5864=CARTESIAN_POINT('Origin',(-219.991545780944,200.532692152832,3.50000000000002));
#5865=CARTESIAN_POINT('',(-218.391545780944,200.532692152832,3.50000000000002));
#5866=CARTESIAN_POINT('Origin',(-217.891545780944,200.532692152832,3.50000000000002));
#5867=CARTESIAN_POINT('',(-221.591545780944,200.532692152832,3.50000000000002));
#5868=CARTESIAN_POINT('Origin',(-219.991545780944,200.532692152832,3.50000000000002));
#5869=CARTESIAN_POINT('Origin',(-219.991545780944,200.532692152832,3.50000000000002));
#5870=CARTESIAN_POINT('Origin',(-219.991545780944,200.532692152832,1.83186799063151E-14));
#5871=CARTESIAN_POINT('',(-221.591545780944,200.532692152832,2.00000000000002));
#5872=CARTESIAN_POINT('Origin',(-219.991545780944,200.532692152832,2.00000000000002));
#5873=CARTESIAN_POINT('',(-221.591545780944,200.532692152832,1.83186799063151E-14));
#5874=CARTESIAN_POINT('Origin',(-219.991454869769,125.444638703109,3.50000000000003));
#5875=CARTESIAN_POINT('',(-218.391454869769,125.444638703109,3.50000000000003));
#5876=CARTESIAN_POINT('Origin',(-217.891454869769,125.444638703109,3.50000000000003));
#5877=CARTESIAN_POINT('',(-221.591454869769,125.444638703109,3.50000000000003));
#5878=CARTESIAN_POINT('Origin',(-219.991454869769,125.444638703109,3.50000000000003));
#5879=CARTESIAN_POINT('Origin',(-219.991454869769,125.444638703109,3.50000000000003));
#5880=CARTESIAN_POINT('Origin',(-219.991454869769,125.444638703109,2.72004641033163E-14));
#5881=CARTESIAN_POINT('',(-221.591454869769,125.444638703109,2.00000000000003));
#5882=CARTESIAN_POINT('Origin',(-219.991454869769,125.444638703109,2.00000000000003));
#5883=CARTESIAN_POINT('',(-221.591454869769,125.444638703109,2.72004641033163E-14));
#5884=CARTESIAN_POINT('Origin',(-48.9999973028898,193.000001221895,1.83186799063151E-14));
#5885=CARTESIAN_POINT('',(-43.9999973028898,193.000001221895,1.83186799063151E-14));
#5886=CARTESIAN_POINT('Origin',(-43.9999973028898,198.000001221895,1.83186799063151E-14));
#5887=CARTESIAN_POINT('',(-43.9999973028898,133.000000178814,2.72004641033163E-14));
#5888=CARTESIAN_POINT('Origin',(-48.9999973028898,133.000000178814,2.72004641033163E-14));
#5889=CARTESIAN_POINT('',(-48.9999973028898,128.000000178814,2.72004641033163E-14));
#5890=CARTESIAN_POINT('Origin',(-43.9999973028898,128.000000178814,2.72004641033163E-14));
#5891=CARTESIAN_POINT('Origin',(-205.999999791384,133.000000178814,2.72004641033163E-14));
#5892=CARTESIAN_POINT('',(-210.999999791384,133.000000178814,2.72004641033163E-14));
#5893=CARTESIAN_POINT('Origin',(-210.999999791384,128.000000178814,2.72004641033163E-14));
#5894=CARTESIAN_POINT('',(-210.999999791384,193.000001221895,1.83186799063151E-14));
#5895=CARTESIAN_POINT('Origin',(-205.999999791384,193.000001221895,1.83186799063151E-14));
#5896=CARTESIAN_POINT('Origin',(-37.0000043138862,121.,2.72004641033163E-14));
#5897=CARTESIAN_POINT('',(-32.0000043138862,121.,2.72004641033163E-14));
#5898=CARTESIAN_POINT('Origin',(-37.0000043138862,204.999997898936,1.83186799063151E-14));
#5899=CARTESIAN_POINT('',(-32.0000043138862,204.999997898936,1.83186799063151E-14));
#5900=CARTESIAN_POINT('Origin',(-67.3949653726522,126.530749289361,2.00000000000003));
#5901=CARTESIAN_POINT('Origin',(-219.991454869769,125.444638703109,2.00000000000003));
#5902=CARTESIAN_POINT('Origin',(-66.4086635889386,201.520868736213,2.00000000000002));
#5903=CARTESIAN_POINT('Origin',(-219.991545780944,200.532692152832,2.00000000000002));
#5904=CARTESIAN_POINT('Origin',(-32.0000043138862,116.,3.1641356201817E-14));
#5905=UNCERTAINTY_MEASURE_WITH_UNIT(LENGTH_MEASURE(0.01),#5909,
'DISTANCE_ACCURACY_VALUE',
'Maximum model space distance between geometric entities at asserted c
onnectivities');
#5906=UNCERTAINTY_MEASURE_WITH_UNIT(LENGTH_MEASURE(0.01),#5909,
'DISTANCE_ACCURACY_VALUE',
'Maximum model space distance between geometric entities at asserted c
onnectivities');
#5907=(
GEOMETRIC_REPRESENTATION_CONTEXT(3)
GLOBAL_UNCERTAINTY_ASSIGNED_CONTEXT((#5905))
GLOBAL_UNIT_ASSIGNED_CONTEXT((#5909,#5911,#5912))
REPRESENTATION_CONTEXT('','3D')
);
#5908=(
GEOMETRIC_REPRESENTATION_CONTEXT(3)
GLOBAL_UNCERTAINTY_ASSIGNED_CONTEXT((#5906))
GLOBAL_UNIT_ASSIGNED_CONTEXT((#5909,#5911,#5912))
REPRESENTATION_CONTEXT('','3D')
);
#5909=(
LENGTH_UNIT()
NAMED_UNIT(*)
SI_UNIT(.MILLI.,.METRE.)
);
#5910=(
LENGTH_UNIT()
NAMED_UNIT(*)
SI_UNIT($,.METRE.)
);
#5911=(
NAMED_UNIT(*)
PLANE_ANGLE_UNIT()
SI_UNIT($,.RADIAN.)
);
#5912=(
NAMED_UNIT(*)
SI_UNIT($,.STERADIAN.)
SOLID_ANGLE_UNIT()
);
#5913=SHAPE_DEFINITION_REPRESENTATION(#5914,#5915);
#5914=PRODUCT_DEFINITION_SHAPE('',$,#5917);
#5915=SHAPE_REPRESENTATION('',(#3183),#5907);
#5916=PRODUCT_DEFINITION_CONTEXT('part definition',#5921,'design');
#5917=PRODUCT_DEFINITION('display mount','display mount v34',#5918,#5916);
#5918=PRODUCT_DEFINITION_FORMATION('',$,#5923);
#5919=PRODUCT_RELATED_PRODUCT_CATEGORY('display mount v34',
'display mount v34',(#5923));
#5920=APPLICATION_PROTOCOL_DEFINITION('international standard',
'automotive_design',2009,#5921);
#5921=APPLICATION_CONTEXT(
'Core Data for Automotive Mechanical Design Process');
#5922=PRODUCT_CONTEXT('part definition',#5921,'mechanical');
#5923=PRODUCT('display mount','display mount v34',$,(#5922));
#5924=PRESENTATION_STYLE_ASSIGNMENT((#5925));
#5925=SURFACE_STYLE_USAGE(.BOTH.,#5926);
#5926=SURFACE_SIDE_STYLE('',(#5927));
#5927=SURFACE_STYLE_FILL_AREA(#5928);
#5928=FILL_AREA_STYLE('Steel - Satin',(#5929));
#5929=FILL_AREA_STYLE_COLOUR('Steel - Satin',#5930);
#5930=COLOUR_RGB('Steel - Satin',0.627450980392157,0.627450980392157,0.627450980392157);
ENDSEC;
END-ISO-10303-21;
